2026-03-25 16:02:47 | INFO | ✅ Загружен маппинг лиг из C:\Users\taran\Training_Main_bot\data\league_mapping.json
2026-03-25 16:02:47 | INFO | 🔄 Загрузка моделей и команд...
2026-03-25 16:02:47 | INFO | 📊 Загрузка 🇷🇺 РПЛ...
2026-03-25 16:02:47 | INFO | ✅ Модель загружена: C:\Users\taran\Training_Main_bot\data\rpl\model.pkl
2026-03-25 16:02:47 | INFO |    ↳ Модель загружена из кэша
2026-03-25 16:02:47 | INFO | 📥 Загрузка данных из C:\Users\taran\Training_Main_bot\data\rpl\matches.csv
2026-03-25 16:02:47 | INFO | ✅ Файл прочитан (кодировка: utf-8)
2026-03-25 16:02:47 | ERROR | ❌ Ошибка загрузки 🇷🇺 РПЛ: 'home_team'
2026-03-25 16:02:47 | INFO | 📊 Загрузка 🇬🇧 Англия: Премьер-лига...
2026-03-25 16:02:48 | INFO | ✅ Модель загружена: C:\Users\taran\Training_Main_bot\data\epl\model.pkl
2026-03-25 16:02:48 | INFO |    ↳ Модель загружена из кэша
2026-03-25 16:02:48 | INFO | 📥 Загрузка данных из C:\Users\taran\Training_Main_bot\data\epl\matches.csv
2026-03-25 16:02:48 | INFO | ✅ Файл прочитан (кодировка: utf-8)
2026-03-25 16:02:48 | INFO | ✅ Дни отдыха рассчитаны
2026-03-25 16:02:48 | INFO | ✅ Загружено 1520 матчей
2026-03-25 16:02:48 | INFO | ✅ 🇬🇧 Англия: Премьер-лига загружена (1520 матчей, 26 команд)
2026-03-25 16:02:48 | INFO | 📊 Загрузка 🇩🇪 Бундеслига...
2026-03-25 16:02:49 | INFO | ✅ Модель загружена: C:\Users\taran\Training_Main_bot\data\bundesliga\model.pkl
2026-03-25 16:02:49 | INFO |    ↳ Модель загружена из кэша
2026-03-25 16:02:49 | INFO | 📥 Загрузка данных из C:\Users\taran\Training_Main_bot\data\bundesliga\matches.csv
2026-03-25 16:02:49 | INFO | ✅ Файл прочитан (кодировка: utf-8)
2026-03-25 16:02:49 | INFO | ✅ Дни отдыха рассчитаны
2026-03-25 16:02:49 | INFO | ✅ Загружено 1224 матчей
2026-03-25 16:02:49 | INFO | ✅ 🇩🇪 Бундеслига загружена (1224 матчей, 22 команд)
2026-03-25 16:02:49 | INFO | 📊 Загрузка 🇮🇹 Серия A...
2026-03-25 16:02:50 | INFO | ✅ Модель загружена: C:\Users\taran\Training_Main_bot\data\seriaA\model.pkl
2026-03-25 16:02:50 | INFO |    ↳ Модель загружена из кэша
2026-03-25 16:02:50 | INFO | 📥 Загрузка данных из C:\Users\taran\Training_Main_bot\data\seriaA\matches.csv
2026-03-25 16:02:50 | INFO | ✅ Файл прочитан (кодировка: utf-8)
2026-03-25 16:02:50 | INFO | ✅ Дни отдыха рассчитаны
2026-03-25 16:02:50 | INFO | ✅ Загружено 1520 матчей
2026-03-25 16:02:50 | INFO | ✅ 🇮🇹 Серия A загружена (1520 матчей, 27 команд)
2026-03-25 16:02:50 | INFO | 📊 Загрузка 🇪🇸 Ла Лига...
2026-03-25 16:02:51 | INFO | ✅ Модель загружена: C:\Users\taran\Training_Main_bot\data\laLiga\model.pkl
2026-03-25 16:02:51 | INFO |    ↳ Модель загружена из кэша
2026-03-25 16:02:51 | INFO | 📥 Загрузка данных из C:\Users\taran\Training_Main_bot\data\laLiga\matches.csv
2026-03-25 16:02:51 | INFO | ✅ Файл прочитан (кодировка: utf-8)
2026-03-25 16:02:51 | INFO | ✅ Дни отдыха рассчитаны
2026-03-25 16:02:51 | INFO | ✅ Загружено 1520 матчей
2026-03-25 16:02:51 | INFO | ✅ 🇪🇸 Ла Лига загружена (1520 матчей, 26 команд)
2026-03-25 16:02:51 | INFO | 📊 Загрузка 🇫🇷 Лига 1...
2026-03-25 16:02:52 | INFO | ✅ Модель загружена: C:\Users\taran\Training_Main_bot\data\ligue1\model.pkl
2026-03-25 16:02:52 | INFO |    ↳ Модель загружена из кэша
2026-03-25 16:02:52 | INFO | 📥 Загрузка данных из C:\Users\taran\Training_Main_bot\data\ligue1\matches.csv
2026-03-25 16:02:52 | INFO | ✅ Файл прочитан (кодировка: utf-8)
2026-03-25 16:02:52 | INFO | ✅ Дни отдыха рассчитаны
2026-03-25 16:02:52 | INFO | ✅ Загружено 1446 матчей
2026-03-25 16:02:52 | INFO | ✅ 🇫🇷 Лига 1 загружена (1446 матчей, 26 команд)
2026-03-25 16:02:52 | INFO | 📊 Загрузка Лига чемпионов 🏆...
2026-03-25 16:02:52 | INFO | 📥 Загрузка данных из C:\Users\taran\Training_Main_bot\data\champions_league\matches.csv
2026-03-25 16:02:52 | INFO | ✅ Файл прочитан (кодировка: utf-8)
2026-03-25 16:02:52 | INFO | ✅ Дни отдыха рассчитаны
2026-03-25 16:02:52 | INFO | ✅ Загружено 135 матчей
2026-03-25 16:02:52 | INFO | 🚀 Начало обучения моделей...
2026-03-25 16:02:52 | INFO | ⚡ Расчёт ELO рейтингов...
2026-03-25 16:02:53 | INFO | 🎯 Обучение модели исхода...
2026-03-25 16:02:53 | INFO | ⚽ Обучение модели тотала...
2026-03-25 16:02:53 | INFO | 🔄 Обучение модели BTTS...
2026-03-25 16:02:53 | INFO | 🎯 Обучение моделей угловых...
2026-03-25 16:02:53 | INFO | ✅ Обучение завершено! Моделей: 4
2026-03-25 16:02:53 | INFO | ✅ Модель сохранена: C:\Users\taran\Training_Main_bot\data\champions_league\model.pkl
2026-03-25 16:02:53 | INFO |    ↳ Модель обучена и сохранена
2026-03-25 16:02:53 | INFO | 📥 Загрузка данных из C:\Users\taran\Training_Main_bot\data\champions_league\matches.csv
2026-03-25 16:02:53 | INFO | ✅ Файл прочитан (кодировка: utf-8)
2026-03-25 16:02:54 | INFO | ✅ Дни отдыха рассчитаны
2026-03-25 16:02:54 | INFO | ✅ Загружено 135 матчей
2026-03-25 16:02:54 | INFO | ✅ Лига чемпионов 🏆 загружена (135 матчей, 36 команд)
2026-03-25 16:02:54 | INFO | 📊 Загрузка 🇳🇱 Эредивизи...
2026-03-25 16:02:54 | INFO | ✅ Модель загружена: C:\Users\taran\Training_Main_bot\data\eredivisise\model.pkl
2026-03-25 16:02:54 | INFO |    ↳ Модель загружена из кэша
2026-03-25 16:02:54 | INFO | 📥 Загрузка данных из C:\Users\taran\Training_Main_bot\data\eredivisise\matches.csv
2026-03-25 16:02:54 | INFO | ✅ Файл прочитан (кодировка: utf-8)
2026-03-25 16:02:54 | INFO | ✅ Дни отдыха рассчитаны
2026-03-25 16:02:54 | INFO | ✅ Загружено 1224 матчей
2026-03-25 16:02:54 | INFO | ✅ 🇳🇱 Эредивизи загружена (1224 матчей, 24 команд)
2026-03-25 16:02:54 | INFO | 📊 Загрузка 🇵🇹 Португальская Лига...
2026-03-25 16:02:55 | INFO | ✅ Модель загружена: C:\Users\taran\Training_Main_bot\data\portugueseLiga\model.pkl
2026-03-25 16:02:55 | INFO |    ↳ Модель загружена из кэша
2026-03-25 16:02:55 | INFO | 📥 Загрузка данных из C:\Users\taran\Training_Main_bot\data\portugueseLiga\matches.csv
2026-03-25 16:02:55 | INFO | ✅ Файл прочитан (кодировка: utf-8)
2026-03-25 16:02:55 | INFO | ✅ Дни отдыха рассчитаны
2026-03-25 16:02:55 | INFO | ✅ Загружено 1224 матчей
2026-03-25 16:02:55 | INFO | ✅ 🇵🇹 Португальская Лига загружена (1224 матчей, 24 команд)
2026-03-25 16:02:55 | INFO | ✅ Загружено 8 моделей, 211 уникальных команд
2026-03-25 16:02:55 | INFO | Start polling
2026-03-25 16:03:56 | INFO | Polling stopped
2026-03-27 21:37:27 | INFO | ✅ Загружен маппинг лиг из C:\Users\taran\Training_Main_bot\data\league_mapping.json
2026-03-27 21:37:27 | INFO | 🔄 Загрузка моделей и команд...
2026-03-27 21:37:27 | INFO | 📊 Загрузка 🇷🇺 РПЛ...
2026-03-27 21:37:28 | INFO | ✅ Модель загружена: C:\Users\taran\Training_Main_bot\data\rpl\model.pkl
2026-03-27 21:37:28 | INFO |    ↳ Модель загружена из кэша
2026-03-27 21:37:28 | INFO | 📥 Загрузка данных из C:\Users\taran\Training_Main_bot\data\rpl\matches.csv
2026-03-27 21:37:28 | INFO | ✅ Файл прочитан (кодировка: utf-8)
2026-03-27 21:37:28 | ERROR | ❌ Ошибка загрузки 🇷🇺 РПЛ: 'home_team'
2026-03-27 21:37:28 | INFO | 📊 Загрузка 🇬🇧 Англия: Премьер-лига...
2026-03-27 21:37:28 | INFO | ✅ Модель загружена: C:\Users\taran\Training_Main_bot\data\epl\model.pkl
2026-03-27 21:37:28 | INFO |    ↳ Модель загружена из кэша
2026-03-27 21:37:28 | INFO | 📥 Загрузка данных из C:\Users\taran\Training_Main_bot\data\epl\matches.csv
2026-03-27 21:37:28 | INFO | ✅ Файл прочитан (кодировка: utf-8)
2026-03-27 21:37:29 | INFO | ✅ Дни отдыха рассчитаны
2026-03-27 21:37:29 | INFO | ✅ Загружено 1520 матчей
2026-03-27 21:37:29 | INFO | ✅ 🇬🇧 Англия: Премьер-лига загружена (1520 матчей, 26 команд)
2026-03-27 21:37:29 | INFO | 📊 Загрузка 🇩🇪 Бундеслига...
2026-03-27 21:37:29 | INFO | ✅ Модель загружена: C:\Users\taran\Training_Main_bot\data\bundesliga\model.pkl
2026-03-27 21:37:29 | INFO |    ↳ Модель загружена из кэша
2026-03-27 21:37:29 | INFO | 📥 Загрузка данных из C:\Users\taran\Training_Main_bot\data\bundesliga\matches.csv
2026-03-27 21:37:29 | INFO | ✅ Файл прочитан (кодировка: utf-8)
2026-03-27 21:37:30 | INFO | ✅ Дни отдыха рассчитаны
2026-03-27 21:37:30 | INFO | ✅ Загружено 1224 матчей
2026-03-27 21:37:30 | INFO | ✅ 🇩🇪 Бундеслига загружена (1224 матчей, 22 команд)
2026-03-27 21:37:30 | INFO | 📊 Загрузка 🇮🇹 Серия A...
2026-03-27 21:37:30 | INFO | ✅ Модель загружена: C:\Users\taran\Training_Main_bot\data\seriaA\model.pkl
2026-03-27 21:37:30 | INFO |    ↳ Модель загружена из кэша
2026-03-27 21:37:30 | INFO | 📥 Загрузка данных из C:\Users\taran\Training_Main_bot\data\seriaA\matches.csv
2026-03-27 21:37:30 | INFO | ✅ Файл прочитан (кодировка: utf-8)
2026-03-27 21:37:31 | INFO | ✅ Дни отдыха рассчитаны
2026-03-27 21:37:31 | INFO | ✅ Загружено 1520 матчей
2026-03-27 21:37:31 | INFO | ✅ 🇮🇹 Серия A загружена (1520 матчей, 27 команд)
2026-03-27 21:37:31 | INFO | 📊 Загрузка 🇪🇸 Ла Лига...
2026-03-27 21:37:31 | INFO | ✅ Модель загружена: C:\Users\taran\Training_Main_bot\data\laLiga\model.pkl
2026-03-27 21:37:31 | INFO |    ↳ Модель загружена из кэша
2026-03-27 21:37:31 | INFO | 📥 Загрузка данных из C:\Users\taran\Training_Main_bot\data\laLiga\matches.csv
2026-03-27 21:37:31 | INFO | ✅ Файл прочитан (кодировка: utf-8)
2026-03-27 21:37:32 | INFO | ✅ Дни отдыха рассчитаны
2026-03-27 21:37:32 | INFO | ✅ Загружено 1520 матчей
2026-03-27 21:37:32 | INFO | ✅ 🇪🇸 Ла Лига загружена (1520 матчей, 26 команд)
2026-03-27 21:37:32 | INFO | 📊 Загрузка 🇫🇷 Лига 1...
2026-03-27 21:37:32 | INFO | ✅ Модель загружена: C:\Users\taran\Training_Main_bot\data\ligue1\model.pkl
2026-03-27 21:37:32 | INFO |    ↳ Модель загружена из кэша
2026-03-27 21:37:32 | INFO | 📥 Загрузка данных из C:\Users\taran\Training_Main_bot\data\ligue1\matches.csv
2026-03-27 21:37:32 | INFO | ✅ Файл прочитан (кодировка: utf-8)
2026-03-27 21:37:33 | INFO | ✅ Дни отдыха рассчитаны
2026-03-27 21:37:33 | INFO | ✅ Загружено 1446 матчей
2026-03-27 21:37:33 | INFO | ✅ 🇫🇷 Лига 1 загружена (1446 матчей, 26 команд)
2026-03-27 21:37:33 | INFO | 📊 Загрузка Лига чемпионов 🏆...
2026-03-27 21:37:33 | INFO | ✅ Модель загружена: C:\Users\taran\Training_Main_bot\data\champions_league\model.pkl
2026-03-27 21:37:33 | INFO |    ↳ Модель загружена из кэша
2026-03-27 21:37:33 | INFO | 📥 Загрузка данных из C:\Users\taran\Training_Main_bot\data\champions_league\matches.csv
2026-03-27 21:37:33 | INFO | ✅ Файл прочитан (кодировка: utf-8)
2026-03-27 21:37:33 | INFO | ✅ Дни отдыха рассчитаны
2026-03-27 21:37:33 | INFO | ✅ Загружено 135 матчей
2026-03-27 21:37:33 | INFO | ✅ Лига чемпионов 🏆 загружена (135 матчей, 36 команд)
2026-03-27 21:37:33 | INFO | 📊 Загрузка 🇳🇱 Эредивизи...
2026-03-27 21:37:34 | INFO | ✅ Модель загружена: C:\Users\taran\Training_Main_bot\data\eredivisise\model.pkl
2026-03-27 21:37:34 | INFO |    ↳ Модель загружена из кэша
2026-03-27 21:37:34 | INFO | 📥 Загрузка данных из C:\Users\taran\Training_Main_bot\data\eredivisise\matches.csv
2026-03-27 21:37:34 | INFO | ✅ Файл прочитан (кодировка: utf-8)
2026-03-27 21:37:34 | INFO | ✅ Дни отдыха рассчитаны
2026-03-27 21:37:34 | INFO | ✅ Загружено 1224 матчей
2026-03-27 21:37:34 | INFO | ✅ 🇳🇱 Эредивизи загружена (1224 матчей, 24 команд)
2026-03-27 21:37:34 | INFO | 📊 Загрузка 🇵🇹 Португальская Лига...
2026-03-27 21:37:35 | INFO | ✅ Модель загружена: C:\Users\taran\Training_Main_bot\data\portugueseLiga\model.pkl
2026-03-27 21:37:35 | INFO |    ↳ Модель загружена из кэша
2026-03-27 21:37:35 | INFO | 📥 Загрузка данных из C:\Users\taran\Training_Main_bot\data\portugueseLiga\matches.csv
2026-03-27 21:37:35 | INFO | ✅ Файл прочитан (кодировка: utf-8)
2026-03-27 21:37:35 | INFO | ✅ Дни отдыха рассчитаны
2026-03-27 21:37:35 | INFO | ✅ Загружено 1224 матчей
2026-03-27 21:37:35 | INFO | ✅ 🇵🇹 Португальская Лига загружена (1224 матчей, 24 команд)
2026-03-27 21:37:35 | INFO | ✅ Загружено 8 моделей, 211 уникальных команд
2026-03-27 21:37:35 | INFO | Start polling
2026-03-27 21:38:36 | INFO | Polling stopped
2026-03-27 22:13:16 | INFO | ✅ Загружен маппинг лиг из C:\Users\taran\Training_Main_bot\data\league_mapping.json
2026-03-27 22:13:16 | INFO | 🔄 Загрузка моделей и команд...
2026-03-27 22:13:16 | INFO | 📊 Загрузка 🇷🇺 РПЛ...
2026-03-27 22:13:17 | INFO | ✅ Модель загружена: C:\Users\taran\Training_Main_bot\data\rpl\model.pkl
2026-03-27 22:13:17 | INFO |    ↳ Модель загружена из кэша
2026-03-27 22:13:17 | INFO | 📥 Загрузка данных из C:\Users\taran\Training_Main_bot\data\rpl\matches.csv
2026-03-27 22:13:17 | INFO | ✅ Файл прочитан (кодировка: utf-8)
2026-03-27 22:13:17 | ERROR | ❌ Ошибка загрузки 🇷🇺 РПЛ: 'home_team'
2026-03-27 22:13:17 | INFO | 📊 Загрузка 🇬🇧 Англия: Премьер-лига...
2026-03-27 22:13:17 | INFO | ✅ Модель загружена: C:\Users\taran\Training_Main_bot\data\epl\model.pkl
2026-03-27 22:13:17 | INFO |    ↳ Модель загружена из кэша
2026-03-27 22:13:17 | INFO | 📥 Загрузка данных из C:\Users\taran\Training_Main_bot\data\epl\matches.csv
2026-03-27 22:13:17 | INFO | ✅ Файл прочитан (кодировка: utf-8)
2026-03-27 22:13:18 | INFO | ✅ Дни отдыха рассчитаны
2026-03-27 22:13:18 | INFO | ✅ Загружено 1520 матчей
2026-03-27 22:13:18 | INFO | ✅ 🇬🇧 Англия: Премьер-лига загружена (1520 матчей, 26 команд)
2026-03-27 22:13:18 | INFO | 📊 Загрузка 🇩🇪 Бундеслига...
2026-03-27 22:13:18 | INFO | ✅ Модель загружена: C:\Users\taran\Training_Main_bot\data\bundesliga\model.pkl
2026-03-27 22:13:18 | INFO |    ↳ Модель загружена из кэша
2026-03-27 22:13:18 | INFO | 📥 Загрузка данных из C:\Users\taran\Training_Main_bot\data\bundesliga\matches.csv
2026-03-27 22:13:18 | INFO | ✅ Файл прочитан (кодировка: utf-8)
2026-03-27 22:13:19 | INFO | ✅ Дни отдыха рассчитаны
2026-03-27 22:13:19 | INFO | ✅ Загружено 1224 матчей
2026-03-27 22:13:19 | INFO | ✅ 🇩🇪 Бундеслига загружена (1224 матчей, 22 команд)
2026-03-27 22:13:19 | INFO | 📊 Загрузка 🇮🇹 Серия A...
2026-03-27 22:13:19 | INFO | ✅ Модель загружена: C:\Users\taran\Training_Main_bot\data\seriaA\model.pkl
2026-03-27 22:13:19 | INFO |    ↳ Модель загружена из кэша
2026-03-27 22:13:19 | INFO | 📥 Загрузка данных из C:\Users\taran\Training_Main_bot\data\seriaA\matches.csv
2026-03-27 22:13:19 | INFO | ✅ Файл прочитан (кодировка: utf-8)
2026-03-27 22:13:20 | INFO | ✅ Дни отдыха рассчитаны
2026-03-27 22:13:20 | INFO | ✅ Загружено 1520 матчей
2026-03-27 22:13:20 | INFO | ✅ 🇮🇹 Серия A загружена (1520 матчей, 27 команд)
2026-03-27 22:13:20 | INFO | 📊 Загрузка 🇪🇸 Ла Лига...
2026-03-27 22:13:20 | INFO | ✅ Модель загружена: C:\Users\taran\Training_Main_bot\data\laLiga\model.pkl
2026-03-27 22:13:20 | INFO |    ↳ Модель загружена из кэша
2026-03-27 22:13:20 | INFO | 📥 Загрузка данных из C:\Users\taran\Training_Main_bot\data\laLiga\matches.csv
2026-03-27 22:13:20 | INFO | ✅ Файл прочитан (кодировка: utf-8)
2026-03-27 22:13:21 | INFO | ✅ Дни отдыха рассчитаны
2026-03-27 22:13:21 | INFO | ✅ Загружено 1520 матчей
2026-03-27 22:13:21 | INFO | ✅ 🇪🇸 Ла Лига загружена (1520 матчей, 26 команд)
2026-03-27 22:13:21 | INFO | 📊 Загрузка 🇫🇷 Лига 1...
2026-03-27 22:13:21 | INFO | ✅ Модель загружена: C:\Users\taran\Training_Main_bot\data\ligue1\model.pkl
2026-03-27 22:13:21 | INFO |    ↳ Модель загружена из кэша
2026-03-27 22:13:21 | INFO | 📥 Загрузка данных из C:\Users\taran\Training_Main_bot\data\ligue1\matches.csv
2026-03-27 22:13:21 | INFO | ✅ Файл прочитан (кодировка: utf-8)
2026-03-27 22:13:22 | INFO | ✅ Дни отдыха рассчитаны
2026-03-27 22:13:22 | INFO | ✅ Загружено 1446 матчей
2026-03-27 22:13:22 | INFO | ✅ 🇫🇷 Лига 1 загружена (1446 матчей, 26 команд)
2026-03-27 22:13:22 | INFO | 📊 Загрузка Лига чемпионов 🏆...
2026-03-27 22:13:22 | INFO | ✅ Модель загружена: C:\Users\taran\Training_Main_bot\data\champions_league\model.pkl
2026-03-27 22:13:22 | INFO |    ↳ Модель загружена из кэша
2026-03-27 22:13:22 | INFO | 📥 Загрузка данных из C:\Users\taran\Training_Main_bot\data\champions_league\matches.csv
2026-03-27 22:13:22 | INFO | ✅ Файл прочитан (кодировка: utf-8)
2026-03-27 22:13:22 | INFO | ✅ Дни отдыха рассчитаны
2026-03-27 22:13:22 | INFO | ✅ Загружено 135 матчей
2026-03-27 22:13:22 | INFO | ✅ Лига чемпионов 🏆 загружена (135 матчей, 36 команд)
2026-03-27 22:13:22 | INFO | 📊 Загрузка 🇳🇱 Эредивизи...
2026-03-27 22:13:22 | INFO | ✅ Модель загружена: C:\Users\taran\Training_Main_bot\data\eredivisise\model.pkl
2026-03-27 22:13:22 | INFO |    ↳ Модель загружена из кэша
2026-03-27 22:13:22 | INFO | 📥 Загрузка данных из C:\Users\taran\Training_Main_bot\data\eredivisise\matches.csv
2026-03-27 22:13:23 | INFO | ✅ Файл прочитан (кодировка: utf-8)
2026-03-27 22:13:23 | INFO | ✅ Дни отдыха рассчитаны
2026-03-27 22:13:23 | INFO | ✅ Загружено 1224 матчей
2026-03-27 22:13:23 | INFO | ✅ 🇳🇱 Эредивизи загружена (1224 матчей, 24 команд)
2026-03-27 22:13:23 | INFO | 📊 Загрузка 🇵🇹 Португальская Лига...
2026-03-27 22:13:23 | INFO | ✅ Модель загружена: C:\Users\taran\Training_Main_bot\data\portugueseLiga\model.pkl
2026-03-27 22:13:23 | INFO |    ↳ Модель загружена из кэша
2026-03-27 22:13:23 | INFO | 📥 Загрузка данных из C:\Users\taran\Training_Main_bot\data\portugueseLiga\matches.csv
2026-03-27 22:13:23 | INFO | ✅ Файл прочитан (кодировка: utf-8)
2026-03-27 22:13:24 | INFO | ✅ Дни отдыха рассчитаны
2026-03-27 22:13:24 | INFO | ✅ Загружено 1224 матчей
2026-03-27 22:13:24 | INFO | ✅ 🇵🇹 Португальская Лига загружена (1224 матчей, 24 команд)
2026-03-27 22:13:24 | INFO | ✅ Загружено 8 моделей, 211 уникальных команд
2026-03-27 22:13:24 | INFO | Start polling
2026-03-27 22:13:24 | INFO | Run polling for bot @FootPrognosticBot id=8224983369 - 'my_football_bot'
2026-03-27 22:13:48 | INFO | Update id=354055917 is handled. Duration 222 ms by bot id=8224983369
2026-03-27 22:14:01 | ERROR | ❌ Ошибка в predict_match: X has 20 features, but StandardScaler is expecting 19 features as input.
2026-03-27 22:14:01 | ERROR | ❌ Ошибка в predict_match: X has 20 features, but StandardScaler is expecting 19 features as input.
2026-03-27 22:14:01 | ERROR | ❌ Ошибка в predict_match: X has 20 features, but StandardScaler is expecting 19 features as input.
2026-03-27 22:14:01 | ERROR | ❌ Ошибка в predict_match: X has 20 features, but StandardScaler is expecting 19 features as input.
2026-03-27 22:14:01 | ERROR | ❌ Ошибка в predict_match: X has 20 features, but StandardScaler is expecting 19 features as input.
2026-03-27 22:14:01 | ERROR | ❌ Ошибка в predict_match: X has 20 features, but StandardScaler is expecting 19 features as input.
2026-03-27 22:14:01 | ERROR | ❌ Ошибка в predict_match: X has 20 features, but StandardScaler is expecting 19 features as input.
2026-03-27 22:14:01 | INFO | Update id=354055918 is handled. Duration 255 ms by bot id=8224983369
2026-03-27 22:14:06 | INFO | Update id=354055919 is handled. Duration 124 ms by bot id=8224983369
2026-03-27 22:14:12 | INFO | Update id=354055920 is handled. Duration 140 ms by bot id=8224983369
2026-03-27 22:14:19 | INFO | Update id=354055921 is handled. Duration 120 ms by bot id=8224983369
2026-03-27 22:14:26 | INFO | Update id=354055922 is handled. Duration 205 ms by bot id=8224983369
2026-03-27 22:14:32 | ERROR | ❌ Ошибка в predict_match: X has 20 features, but StandardScaler is expecting 19 features as input.
2026-03-27 22:14:32 | INFO | Update id=354055923 is handled. Duration 386 ms by bot id=8224983369
2026-03-27 22:17:11 | INFO | Polling stopped
2026-03-27 22:17:11 | INFO | Polling stopped for bot @FootPrognosticBot id=8224983369 - 'my_football_bot'
2026-04-09 14:59:29 | INFO | ✅ Загружен маппинг лиг из C:\Users\taran\Training_Main_bot\data\league_mapping.json
2026-04-09 14:59:29 | INFO | 🔄 Загрузка моделей и команд...
2026-04-09 14:59:29 | INFO | 📊 Загрузка 🇷🇺 РПЛ...
2026-04-09 14:59:29 | INFO | 📥 Загрузка данных из C:\Users\taran\Training_Main_bot\data\rpl\matches.csv
2026-04-09 14:59:29 | INFO | ✅ Файл прочитан (кодировка: utf-8)
2026-04-09 14:59:29 | ERROR | ❌ Ошибка загрузки 🇷🇺 РПЛ: 'home_team'
2026-04-09 14:59:29 | INFO | 📊 Загрузка 🇬🇧 Англия: Премьер-лига...
2026-04-09 14:59:29 | INFO | 📥 Загрузка данных из C:\Users\taran\Training_Main_bot\data\epl\matches.csv
2026-04-09 14:59:30 | INFO | ✅ Файл прочитан (кодировка: utf-8)
2026-04-09 14:59:30 | INFO | ✅ Дни отдыха рассчитаны
2026-04-09 14:59:30 | INFO | ✅ Загружено 1520 матчей
2026-04-09 14:59:30 | INFO | 🚀 Начало обучения моделей...
2026-04-09 14:59:30 | INFO | ⚡ Расчёт ELO рейтингов...
2026-04-09 14:59:37 | INFO | 🎯 Обучение модели исхода...
2026-04-09 14:59:38 | INFO | ⚽ Обучение модели тотала...
2026-04-09 14:59:38 | INFO | 🔄 Обучение модели BTTS...
2026-04-09 14:59:38 | INFO | 🎯 Обучение моделей угловых...
2026-04-09 14:59:39 | INFO | ✅ Обучение завершено! Моделей: 4
2026-04-09 14:59:39 | INFO | ✅ Модель сохранена: C:\Users\taran\Training_Main_bot\data\epl\model.pkl
2026-04-09 14:59:39 | INFO |    ↳ Модель обучена и сохранена
2026-04-09 14:59:39 | INFO | 📥 Загрузка данных из C:\Users\taran\Training_Main_bot\data\epl\matches.csv
2026-04-09 14:59:39 | INFO | ✅ Файл прочитан (кодировка: utf-8)
2026-04-09 14:59:39 | INFO | ✅ Дни отдыха рассчитаны
2026-04-09 14:59:39 | INFO | ✅ Загружено 1520 матчей
2026-04-09 14:59:39 | INFO | ✅ 🇬🇧 Англия: Премьер-лига загружена (1520 матчей, 26 команд)
2026-04-09 14:59:39 | INFO | 📊 Загрузка 🇩🇪 Бундеслига...
2026-04-09 14:59:39 | INFO | 📥 Загрузка данных из C:\Users\taran\Training_Main_bot\data\bundesliga\matches.csv
2026-04-09 14:59:39 | INFO | ✅ Файл прочитан (кодировка: utf-8)
2026-04-09 14:59:40 | INFO | ✅ Дни отдыха рассчитаны
2026-04-09 14:59:40 | INFO | ✅ Загружено 1224 матчей
2026-04-09 14:59:40 | INFO | 🚀 Начало обучения моделей...
2026-04-09 14:59:40 | INFO | ⚡ Расчёт ELO рейтингов...
2026-04-09 14:59:45 | INFO | 🎯 Обучение модели исхода...
2026-04-09 14:59:46 | INFO | ⚽ Обучение модели тотала...
2026-04-09 14:59:46 | INFO | 🔄 Обучение модели BTTS...
2026-04-09 14:59:46 | INFO | 🎯 Обучение моделей угловых...
2026-04-09 14:59:46 | INFO | ✅ Обучение завершено! Моделей: 4
2026-04-09 14:59:46 | INFO | ✅ Модель сохранена: C:\Users\taran\Training_Main_bot\data\bundesliga\model.pkl
2026-04-09 14:59:46 | INFO |    ↳ Модель обучена и сохранена
2026-04-09 14:59:46 | INFO | 📥 Загрузка данных из C:\Users\taran\Training_Main_bot\data\bundesliga\matches.csv
2026-04-09 14:59:46 | INFO | ✅ Файл прочитан (кодировка: utf-8)
2026-04-09 14:59:47 | INFO | ✅ Дни отдыха рассчитаны
2026-04-09 14:59:47 | INFO | ✅ Загружено 1224 матчей
2026-04-09 14:59:47 | INFO | ✅ 🇩🇪 Бундеслига загружена (1224 матчей, 22 команд)
2026-04-09 14:59:47 | INFO | 📊 Загрузка 🇮🇹 Серия A...
2026-04-09 14:59:47 | INFO | 📥 Загрузка данных из C:\Users\taran\Training_Main_bot\data\seriaA\matches.csv
2026-04-09 14:59:47 | INFO | ✅ Файл прочитан (кодировка: utf-8)
2026-04-09 14:59:47 | INFO | ✅ Дни отдыха рассчитаны
2026-04-09 14:59:47 | INFO | ✅ Загружено 1520 матчей
2026-04-09 14:59:47 | INFO | 🚀 Начало обучения моделей...
2026-04-09 14:59:48 | INFO | ⚡ Расчёт ELO рейтингов...
2026-04-09 14:59:54 | INFO | 🎯 Обучение модели исхода...
2026-04-09 14:59:55 | INFO | ⚽ Обучение модели тотала...
2026-04-09 14:59:55 | INFO | 🔄 Обучение модели BTTS...
2026-04-09 14:59:55 | INFO | 🎯 Обучение моделей угловых...
2026-04-09 14:59:55 | INFO | ✅ Обучение завершено! Моделей: 4
2026-04-09 14:59:55 | INFO | ✅ Модель сохранена: C:\Users\taran\Training_Main_bot\data\seriaA\model.pkl
2026-04-09 14:59:55 | INFO |    ↳ Модель обучена и сохранена
2026-04-09 14:59:55 | INFO | 📥 Загрузка данных из C:\Users\taran\Training_Main_bot\data\seriaA\matches.csv
2026-04-09 14:59:55 | INFO | ✅ Файл прочитан (кодировка: utf-8)
2026-04-09 14:59:56 | INFO | ✅ Дни отдыха рассчитаны
2026-04-09 14:59:56 | INFO | ✅ Загружено 1520 матчей
2026-04-09 14:59:56 | INFO | ✅ 🇮🇹 Серия A загружена (1520 матчей, 27 команд)
2026-04-09 14:59:56 | INFO | 📊 Загрузка 🇪🇸 Ла Лига...
2026-04-09 14:59:56 | INFO | 📥 Загрузка данных из C:\Users\taran\Training_Main_bot\data\laLiga\matches.csv
2026-04-09 14:59:56 | INFO | ✅ Файл прочитан (кодировка: utf-8)
2026-04-09 14:59:57 | INFO | ✅ Дни отдыха рассчитаны
2026-04-09 14:59:57 | INFO | ✅ Загружено 1520 матчей
2026-04-09 14:59:57 | INFO | 🚀 Начало обучения моделей...
2026-04-09 14:59:57 | INFO | ⚡ Расчёт ELO рейтингов...
2026-04-09 15:00:03 | INFO | 🎯 Обучение модели исхода...
2026-04-09 15:00:04 | INFO | ⚽ Обучение модели тотала...
2026-04-09 15:00:04 | INFO | 🔄 Обучение модели BTTS...
2026-04-09 15:00:04 | INFO | 🎯 Обучение моделей угловых...
2026-04-09 15:00:04 | INFO | ✅ Обучение завершено! Моделей: 4
2026-04-09 15:00:04 | INFO | ✅ Модель сохранена: C:\Users\taran\Training_Main_bot\data\laLiga\model.pkl
2026-04-09 15:00:04 | INFO |    ↳ Модель обучена и сохранена
2026-04-09 15:00:04 | INFO | 📥 Загрузка данных из C:\Users\taran\Training_Main_bot\data\laLiga\matches.csv
2026-04-09 15:00:04 | INFO | ✅ Файл прочитан (кодировка: utf-8)
2026-04-09 15:00:05 | INFO | ✅ Дни отдыха рассчитаны
2026-04-09 15:00:05 | INFO | ✅ Загружено 1520 матчей
2026-04-09 15:00:05 | INFO | ✅ 🇪🇸 Ла Лига загружена (1520 матчей, 26 команд)
2026-04-09 15:00:05 | INFO | 📊 Загрузка 🇫🇷 Лига 1...
2026-04-09 15:00:05 | INFO | 📥 Загрузка данных из C:\Users\taran\Training_Main_bot\data\ligue1\matches.csv
2026-04-09 15:00:05 | INFO | ✅ Файл прочитан (кодировка: utf-8)
2026-04-09 15:00:06 | INFO | ✅ Дни отдыха рассчитаны
2026-04-09 15:00:06 | INFO | ✅ Загружено 1446 матчей
2026-04-09 15:00:06 | INFO | 🚀 Начало обучения моделей...
2026-04-09 15:00:06 | INFO | ⚡ Расчёт ELO рейтингов...
2026-04-09 15:00:12 | INFO | 🎯 Обучение модели исхода...
2026-04-09 15:00:12 | INFO | ⚽ Обучение модели тотала...
2026-04-09 15:00:12 | INFO | 🔄 Обучение модели BTTS...
2026-04-09 15:00:13 | INFO | 🎯 Обучение моделей угловых...
2026-04-09 15:00:13 | INFO | ✅ Обучение завершено! Моделей: 4
2026-04-09 15:00:13 | INFO | ✅ Модель сохранена: C:\Users\taran\Training_Main_bot\data\ligue1\model.pkl
2026-04-09 15:00:13 | INFO |    ↳ Модель обучена и сохранена
2026-04-09 15:00:13 | INFO | 📥 Загрузка данных из C:\Users\taran\Training_Main_bot\data\ligue1\matches.csv
2026-04-09 15:00:13 | INFO | ✅ Файл прочитан (кодировка: utf-8)
2026-04-09 15:00:14 | INFO | ✅ Дни отдыха рассчитаны
2026-04-09 15:00:14 | INFO | ✅ Загружено 1446 матчей
2026-04-09 15:00:14 | INFO | ✅ 🇫🇷 Лига 1 загружена (1446 матчей, 26 команд)
2026-04-09 15:00:14 | INFO | 📊 Загрузка Лига чемпионов 🏆...
2026-04-09 15:00:14 | INFO | 📥 Загрузка данных из C:\Users\taran\Training_Main_bot\data\champions_league\matches.csv
2026-04-09 15:00:14 | INFO | ✅ Файл прочитан (кодировка: utf-8)
2026-04-09 15:00:14 | INFO | ✅ Дни отдыха рассчитаны
2026-04-09 15:00:14 | INFO | ✅ Загружено 135 матчей
2026-04-09 15:00:14 | INFO | 🚀 Начало обучения моделей...
2026-04-09 15:00:14 | INFO | ⚡ Расчёт ELO рейтингов...
2026-04-09 15:00:14 | INFO | 🎯 Обучение модели исхода...
2026-04-09 15:00:15 | INFO | ⚽ Обучение модели тотала...
2026-04-09 15:00:15 | INFO | 🔄 Обучение модели BTTS...
2026-04-09 15:00:15 | INFO | 🎯 Обучение моделей угловых...
2026-04-09 15:00:15 | INFO | ✅ Обучение завершено! Моделей: 4
2026-04-09 15:00:15 | INFO | ✅ Модель сохранена: C:\Users\taran\Training_Main_bot\data\champions_league\model.pkl
2026-04-09 15:00:15 | INFO |    ↳ Модель обучена и сохранена
2026-04-09 15:00:15 | INFO | 📥 Загрузка данных из C:\Users\taran\Training_Main_bot\data\champions_league\matches.csv
2026-04-09 15:00:15 | INFO | ✅ Файл прочитан (кодировка: utf-8)
2026-04-09 15:00:15 | INFO | ✅ Дни отдыха рассчитаны
2026-04-09 15:00:15 | INFO | ✅ Загружено 135 матчей
2026-04-09 15:00:15 | INFO | ✅ Лига чемпионов 🏆 загружена (135 матчей, 36 команд)
2026-04-09 15:00:15 | INFO | 📊 Загрузка 🇳🇱 Эредивизи...
2026-04-09 15:00:15 | INFO | 📥 Загрузка данных из C:\Users\taran\Training_Main_bot\data\eredivisise\matches.csv
2026-04-09 15:00:15 | INFO | ✅ Файл прочитан (кодировка: utf-8)
2026-04-09 15:00:16 | INFO | ✅ Дни отдыха рассчитаны
2026-04-09 15:00:16 | INFO | ✅ Загружено 1224 матчей
2026-04-09 15:00:16 | INFO | 🚀 Начало обучения моделей...
2026-04-09 15:00:16 | INFO | ⚡ Расчёт ELO рейтингов...
2026-04-09 15:00:21 | INFO | 🎯 Обучение модели исхода...
2026-04-09 15:00:21 | INFO | ⚽ Обучение модели тотала...
2026-04-09 15:00:22 | INFO | 🔄 Обучение модели BTTS...
2026-04-09 15:00:22 | INFO | 🎯 Обучение моделей угловых...
2026-04-09 15:00:22 | INFO | ✅ Обучение завершено! Моделей: 4
2026-04-09 15:00:22 | INFO | ✅ Модель сохранена: C:\Users\taran\Training_Main_bot\data\eredivisise\model.pkl
2026-04-09 15:00:22 | INFO |    ↳ Модель обучена и сохранена
2026-04-09 15:00:22 | INFO | 📥 Загрузка данных из C:\Users\taran\Training_Main_bot\data\eredivisise\matches.csv
2026-04-09 15:00:22 | INFO | ✅ Файл прочитан (кодировка: utf-8)
2026-04-09 15:00:22 | INFO | ✅ Дни отдыха рассчитаны
2026-04-09 15:00:22 | INFO | ✅ Загружено 1224 матчей
2026-04-09 15:00:22 | INFO | ✅ 🇳🇱 Эредивизи загружена (1224 матчей, 24 команд)
2026-04-09 15:00:23 | INFO | 📊 Загрузка 🇵🇹 Португальская Лига...
2026-04-09 15:00:23 | INFO | 📥 Загрузка данных из C:\Users\taran\Training_Main_bot\data\portugueseLiga\matches.csv
2026-04-09 15:00:23 | INFO | ✅ Файл прочитан (кодировка: utf-8)
2026-04-09 15:00:23 | INFO | ✅ Дни отдыха рассчитаны
2026-04-09 15:00:23 | INFO | ✅ Загружено 1224 матчей
2026-04-09 15:00:23 | INFO | 🚀 Начало обучения моделей...
2026-04-09 15:00:23 | INFO | ⚡ Расчёт ELO рейтингов...
2026-04-09 15:00:28 | INFO | 🎯 Обучение модели исхода...
2026-04-09 15:00:29 | INFO | ⚽ Обучение модели тотала...
2026-04-09 15:00:29 | INFO | 🔄 Обучение модели BTTS...
2026-04-09 15:00:29 | INFO | 🎯 Обучение моделей угловых...
2026-04-09 15:00:29 | INFO | ✅ Обучение завершено! Моделей: 4
2026-04-09 15:00:29 | INFO | ✅ Модель сохранена: C:\Users\taran\Training_Main_bot\data\portugueseLiga\model.pkl
2026-04-09 15:00:29 | INFO |    ↳ Модель обучена и сохранена
2026-04-09 15:00:29 | INFO | 📥 Загрузка данных из C:\Users\taran\Training_Main_bot\data\portugueseLiga\matches.csv
2026-04-09 15:00:29 | INFO | ✅ Файл прочитан (кодировка: utf-8)
2026-04-09 15:00:30 | INFO | ✅ Дни отдыха рассчитаны
2026-04-09 15:00:30 | INFO | ✅ Загружено 1224 матчей
2026-04-09 15:00:30 | INFO | ✅ 🇵🇹 Португальская Лига загружена (1224 матчей, 24 команд)
2026-04-09 15:00:30 | INFO | ✅ Загружено 8 моделей, 211 уникальных команд
2026-04-09 15:00:30 | INFO | Start polling
2026-04-09 15:00:51 | INFO | Polling stopped
2026-04-09 15:03:44 | INFO | ✅ Загружен маппинг лиг из C:\Users\taran\Training_Main_bot\data\league_mapping.json
2026-04-09 15:03:44 | INFO | 🔄 Загрузка моделей и команд...
2026-04-09 15:03:44 | INFO | 📊 Загрузка 🇷🇺 РПЛ...
2026-04-09 15:03:44 | INFO | 📥 Загрузка данных из C:\Users\taran\Training_Main_bot\data\rpl\matches.csv
2026-04-09 15:03:44 | INFO | ✅ Файл прочитан (кодировка: utf-8)
2026-04-09 15:03:44 | ERROR | ❌ Ошибка загрузки 🇷🇺 РПЛ: 'home_team'
2026-04-09 15:03:44 | INFO | 📊 Загрузка 🇬🇧 Англия: Премьер-лига...
2026-04-09 15:03:44 | INFO | ✅ Модель загружена: C:\Users\taran\Training_Main_bot\data\epl\model.pkl
2026-04-09 15:03:44 | INFO |    ↳ Модель загружена из кэша
2026-04-09 15:03:44 | INFO | 📥 Загрузка данных из C:\Users\taran\Training_Main_bot\data\epl\matches.csv
2026-04-09 15:03:44 | INFO | ✅ Файл прочитан (кодировка: utf-8)
2026-04-09 15:03:45 | INFO | ✅ Дни отдыха рассчитаны
2026-04-09 15:03:45 | INFO | ✅ Загружено 1520 матчей
2026-04-09 15:03:45 | INFO | ✅ 🇬🇧 Англия: Премьер-лига загружена (1520 матчей, 26 команд)
2026-04-09 15:03:45 | INFO | 📊 Загрузка 🇩🇪 Бундеслига...
2026-04-09 15:03:45 | INFO | ✅ Модель загружена: C:\Users\taran\Training_Main_bot\data\bundesliga\model.pkl
2026-04-09 15:03:45 | INFO |    ↳ Модель загружена из кэша
2026-04-09 15:03:45 | INFO | 📥 Загрузка данных из C:\Users\taran\Training_Main_bot\data\bundesliga\matches.csv
2026-04-09 15:03:45 | INFO | ✅ Файл прочитан (кодировка: utf-8)
2026-04-09 15:03:46 | INFO | ✅ Дни отдыха рассчитаны
2026-04-09 15:03:46 | INFO | ✅ Загружено 1224 матчей
2026-04-09 15:03:46 | INFO | ✅ 🇩🇪 Бундеслига загружена (1224 матчей, 22 команд)
2026-04-09 15:03:46 | INFO | 📊 Загрузка 🇮🇹 Серия A...
2026-04-09 15:03:46 | INFO | ✅ Модель загружена: C:\Users\taran\Training_Main_bot\data\seriaA\model.pkl
2026-04-09 15:03:46 | INFO |    ↳ Модель загружена из кэша
2026-04-09 15:03:46 | INFO | 📥 Загрузка данных из C:\Users\taran\Training_Main_bot\data\seriaA\matches.csv
2026-04-09 15:03:46 | INFO | ✅ Файл прочитан (кодировка: utf-8)
2026-04-09 15:03:47 | INFO | ✅ Дни отдыха рассчитаны
2026-04-09 15:03:47 | INFO | ✅ Загружено 1520 матчей
2026-04-09 15:03:47 | INFO | ✅ 🇮🇹 Серия A загружена (1520 матчей, 27 команд)
2026-04-09 15:03:47 | INFO | 📊 Загрузка 🇪🇸 Ла Лига...
2026-04-09 15:03:47 | INFO | ✅ Модель загружена: C:\Users\taran\Training_Main_bot\data\laLiga\model.pkl
2026-04-09 15:03:47 | INFO |    ↳ Модель загружена из кэша
2026-04-09 15:03:47 | INFO | 📥 Загрузка данных из C:\Users\taran\Training_Main_bot\data\laLiga\matches.csv
2026-04-09 15:03:47 | INFO | ✅ Файл прочитан (кодировка: utf-8)
2026-04-09 15:03:48 | INFO | ✅ Дни отдыха рассчитаны
2026-04-09 15:03:48 | INFO | ✅ Загружено 1520 матчей
2026-04-09 15:03:48 | INFO | ✅ 🇪🇸 Ла Лига загружена (1520 матчей, 26 команд)
2026-04-09 15:03:48 | INFO | 📊 Загрузка 🇫🇷 Лига 1...
2026-04-09 15:03:48 | INFO | ✅ Модель загружена: C:\Users\taran\Training_Main_bot\data\ligue1\model.pkl
2026-04-09 15:03:48 | INFO |    ↳ Модель загружена из кэша
2026-04-09 15:03:48 | INFO | 📥 Загрузка данных из C:\Users\taran\Training_Main_bot\data\ligue1\matches.csv
2026-04-09 15:03:48 | INFO | ✅ Файл прочитан (кодировка: utf-8)
2026-04-09 15:03:48 | INFO | ✅ Дни отдыха рассчитаны
2026-04-09 15:03:48 | INFO | ✅ Загружено 1446 матчей
2026-04-09 15:03:48 | INFO | ✅ 🇫🇷 Лига 1 загружена (1446 матчей, 26 команд)
2026-04-09 15:03:48 | INFO | 📊 Загрузка Лига чемпионов 🏆...
2026-04-09 15:03:49 | INFO | ✅ Модель загружена: C:\Users\taran\Training_Main_bot\data\champions_league\model.pkl
2026-04-09 15:03:49 | INFO |    ↳ Модель загружена из кэша
2026-04-09 15:03:49 | INFO | 📥 Загрузка данных из C:\Users\taran\Training_Main_bot\data\champions_league\matches.csv
2026-04-09 15:03:49 | INFO | ✅ Файл прочитан (кодировка: utf-8)
2026-04-09 15:03:49 | INFO | ✅ Дни отдыха рассчитаны
2026-04-09 15:03:49 | INFO | ✅ Загружено 135 матчей
2026-04-09 15:03:49 | INFO | ✅ Лига чемпионов 🏆 загружена (135 матчей, 36 команд)
2026-04-09 15:03:49 | INFO | 📊 Загрузка 🇳🇱 Эредивизи...
2026-04-09 15:03:49 | INFO | ✅ Модель загружена: C:\Users\taran\Training_Main_bot\data\eredivisise\model.pkl
2026-04-09 15:03:49 | INFO |    ↳ Модель загружена из кэша
2026-04-09 15:03:49 | INFO | 📥 Загрузка данных из C:\Users\taran\Training_Main_bot\data\eredivisise\matches.csv
2026-04-09 15:03:49 | INFO | ✅ Файл прочитан (кодировка: utf-8)
2026-04-09 15:03:49 | INFO | ✅ Дни отдыха рассчитаны
2026-04-09 15:03:49 | INFO | ✅ Загружено 1224 матчей
2026-04-09 15:03:49 | INFO | ✅ 🇳🇱 Эредивизи загружена (1224 матчей, 24 команд)
2026-04-09 15:03:49 | INFO | 📊 Загрузка 🇵🇹 Португальская Лига...
2026-04-09 15:03:49 | INFO | ✅ Модель загружена: C:\Users\taran\Training_Main_bot\data\portugueseLiga\model.pkl
2026-04-09 15:03:49 | INFO |    ↳ Модель загружена из кэша
2026-04-09 15:03:49 | INFO | 📥 Загрузка данных из C:\Users\taran\Training_Main_bot\data\portugueseLiga\matches.csv
2026-04-09 15:03:49 | INFO | ✅ Файл прочитан (кодировка: utf-8)
2026-04-09 15:03:50 | INFO | ✅ Дни отдыха рассчитаны
2026-04-09 15:03:50 | INFO | ✅ Загружено 1224 матчей
2026-04-09 15:03:50 | INFO | ✅ 🇵🇹 Португальская Лига загружена (1224 матчей, 24 команд)
2026-04-09 15:03:50 | INFO | ✅ Загружено 8 моделей, 211 уникальных команд
2026-04-09 15:03:50 | INFO | Start polling
2026-04-09 15:04:11 | INFO | Polling stopped
2026-04-09 15:04:45 | INFO | ✅ Загружен маппинг лиг из C:\Users\taran\Training_Main_bot\data\league_mapping.json
2026-04-09 15:04:45 | INFO | 🔄 Загрузка моделей и команд...
2026-04-09 15:04:45 | INFO | 📊 Загрузка 🇷🇺 РПЛ...
2026-04-09 15:04:45 | INFO | 📥 Загрузка данных из C:\Users\taran\Training_Main_bot\data\rpl\matches.csv
2026-04-09 15:04:45 | INFO | ✅ Файл прочитан (кодировка: utf-8)
2026-04-09 15:04:45 | ERROR | ❌ Ошибка загрузки 🇷🇺 РПЛ: 'home_team'
2026-04-09 15:04:45 | INFO | 📊 Загрузка 🇬🇧 Англия: Премьер-лига...
2026-04-09 15:04:45 | INFO | ✅ Модель загружена: C:\Users\taran\Training_Main_bot\data\epl\model.pkl
2026-04-09 15:04:45 | INFO |    ↳ Модель загружена из кэша
2026-04-09 15:04:45 | INFO | 📥 Загрузка данных из C:\Users\taran\Training_Main_bot\data\epl\matches.csv
2026-04-09 15:04:45 | INFO | ✅ Файл прочитан (кодировка: utf-8)
2026-04-09 15:04:46 | INFO | ✅ Дни отдыха рассчитаны
2026-04-09 15:04:46 | INFO | ✅ Загружено 1520 матчей
2026-04-09 15:04:46 | INFO | ✅ 🇬🇧 Англия: Премьер-лига загружена (1520 матчей, 26 команд)
2026-04-09 15:04:46 | INFO | 📊 Загрузка 🇩🇪 Бундеслига...
2026-04-09 15:04:46 | INFO | ✅ Модель загружена: C:\Users\taran\Training_Main_bot\data\bundesliga\model.pkl
2026-04-09 15:04:46 | INFO |    ↳ Модель загружена из кэша
2026-04-09 15:04:46 | INFO | 📥 Загрузка данных из C:\Users\taran\Training_Main_bot\data\bundesliga\matches.csv
2026-04-09 15:04:46 | INFO | ✅ Файл прочитан (кодировка: utf-8)
2026-04-09 15:04:47 | INFO | ✅ Дни отдыха рассчитаны
2026-04-09 15:04:47 | INFO | ✅ Загружено 1224 матчей
2026-04-09 15:04:47 | INFO | ✅ 🇩🇪 Бундеслига загружена (1224 матчей, 22 команд)
2026-04-09 15:04:47 | INFO | 📊 Загрузка 🇮🇹 Серия A...
2026-04-09 15:04:47 | INFO | ✅ Модель загружена: C:\Users\taran\Training_Main_bot\data\seriaA\model.pkl
2026-04-09 15:04:47 | INFO |    ↳ Модель загружена из кэша
2026-04-09 15:04:47 | INFO | 📥 Загрузка данных из C:\Users\taran\Training_Main_bot\data\seriaA\matches.csv
2026-04-09 15:04:47 | INFO | ✅ Файл прочитан (кодировка: utf-8)
2026-04-09 15:04:48 | INFO | ✅ Дни отдыха рассчитаны
2026-04-09 15:04:48 | INFO | ✅ Загружено 1520 матчей
2026-04-09 15:04:48 | INFO | ✅ 🇮🇹 Серия A загружена (1520 матчей, 27 команд)
2026-04-09 15:04:48 | INFO | 📊 Загрузка 🇪🇸 Ла Лига...
2026-04-09 15:04:48 | INFO | ✅ Модель загружена: C:\Users\taran\Training_Main_bot\data\laLiga\model.pkl
2026-04-09 15:04:48 | INFO |    ↳ Модель загружена из кэша
2026-04-09 15:04:48 | INFO | 📥 Загрузка данных из C:\Users\taran\Training_Main_bot\data\laLiga\matches.csv
2026-04-09 15:04:48 | INFO | ✅ Файл прочитан (кодировка: utf-8)
2026-04-09 15:04:48 | INFO | ✅ Дни отдыха рассчитаны
2026-04-09 15:04:48 | INFO | ✅ Загружено 1520 матчей
2026-04-09 15:04:48 | INFO | ✅ 🇪🇸 Ла Лига загружена (1520 матчей, 26 команд)
2026-04-09 15:04:48 | INFO | 📊 Загрузка 🇫🇷 Лига 1...
2026-04-09 15:04:48 | INFO | ✅ Модель загружена: C:\Users\taran\Training_Main_bot\data\ligue1\model.pkl
2026-04-09 15:04:48 | INFO |    ↳ Модель загружена из кэша
2026-04-09 15:04:48 | INFO | 📥 Загрузка данных из C:\Users\taran\Training_Main_bot\data\ligue1\matches.csv
2026-04-09 15:04:49 | INFO | ✅ Файл прочитан (кодировка: utf-8)
2026-04-09 15:04:49 | INFO | ✅ Дни отдыха рассчитаны
2026-04-09 15:04:49 | INFO | ✅ Загружено 1446 матчей
2026-04-09 15:04:49 | INFO | ✅ 🇫🇷 Лига 1 загружена (1446 матчей, 26 команд)
2026-04-09 15:04:49 | INFO | 📊 Загрузка Лига чемпионов 🏆...
2026-04-09 15:04:49 | INFO | ✅ Модель загружена: C:\Users\taran\Training_Main_bot\data\champions_league\model.pkl
2026-04-09 15:04:49 | INFO |    ↳ Модель загружена из кэша
2026-04-09 15:04:49 | INFO | 📥 Загрузка данных из C:\Users\taran\Training_Main_bot\data\champions_league\matches.csv
2026-04-09 15:04:49 | INFO | ✅ Файл прочитан (кодировка: utf-8)
2026-04-09 15:04:49 | INFO | ✅ Дни отдыха рассчитаны
2026-04-09 15:04:49 | INFO | ✅ Загружено 135 матчей
2026-04-09 15:04:49 | INFO | ✅ Лига чемпионов 🏆 загружена (135 матчей, 36 команд)
2026-04-09 15:04:49 | INFO | 📊 Загрузка 🇳🇱 Эредивизи...
2026-04-09 15:04:49 | INFO | ✅ Модель загружена: C:\Users\taran\Training_Main_bot\data\eredivisise\model.pkl
2026-04-09 15:04:49 | INFO |    ↳ Модель загружена из кэша
2026-04-09 15:04:49 | INFO | 📥 Загрузка данных из C:\Users\taran\Training_Main_bot\data\eredivisise\matches.csv
2026-04-09 15:04:49 | INFO | ✅ Файл прочитан (кодировка: utf-8)
2026-04-09 15:04:50 | INFO | ✅ Дни отдыха рассчитаны
2026-04-09 15:04:50 | INFO | ✅ Загружено 1224 матчей
2026-04-09 15:04:50 | INFO | ✅ 🇳🇱 Эредивизи загружена (1224 матчей, 24 команд)
2026-04-09 15:04:50 | INFO | 📊 Загрузка 🇵🇹 Португальская Лига...
2026-04-09 15:04:50 | INFO | ✅ Модель загружена: C:\Users\taran\Training_Main_bot\data\portugueseLiga\model.pkl
2026-04-09 15:04:50 | INFO |    ↳ Модель загружена из кэша
2026-04-09 15:04:50 | INFO | 📥 Загрузка данных из C:\Users\taran\Training_Main_bot\data\portugueseLiga\matches.csv
2026-04-09 15:04:50 | INFO | ✅ Файл прочитан (кодировка: utf-8)
2026-04-09 15:04:50 | INFO | ✅ Дни отдыха рассчитаны
2026-04-09 15:04:50 | INFO | ✅ Загружено 1224 матчей
2026-04-09 15:04:50 | INFO | ✅ 🇵🇹 Португальская Лига загружена (1224 матчей, 24 команд)
2026-04-09 15:04:50 | INFO | ✅ Загружено 8 моделей, 211 уникальных команд
2026-04-09 15:04:50 | INFO | Start polling
2026-04-09 15:04:51 | INFO | Polling stopped
2026-04-09 18:23:24 | INFO | ✅ Загружен маппинг лиг из C:\Users\taran\Training_Main_bot\data\league_mapping.json
2026-04-09 18:23:24 | INFO | 🔄 Загрузка моделей и команд...
2026-04-09 18:23:24 | INFO | 📊 Загрузка 🇷🇺 РПЛ...
2026-04-09 18:23:24 | INFO | 📥 Загрузка данных из C:\Users\taran\Training_Main_bot\data\rpl\matches.csv
2026-04-09 18:23:24 | INFO | ✅ Файл прочитан (кодировка: utf-8)
2026-04-09 18:23:24 | ERROR | ❌ Ошибка загрузки 🇷🇺 РПЛ: 'home_team'
2026-04-09 18:23:24 | INFO | 📊 Загрузка 🇬🇧 Англия: Премьер-лига...
2026-04-09 18:23:25 | INFO | ✅ Модель загружена: C:\Users\taran\Training_Main_bot\data\epl\model.pkl
2026-04-09 18:23:25 | INFO |    ↳ Модель загружена из кэша
2026-04-09 18:23:25 | INFO | 📥 Загрузка данных из C:\Users\taran\Training_Main_bot\data\epl\matches.csv
2026-04-09 18:23:25 | INFO | ✅ Файл прочитан (кодировка: utf-8)
2026-04-09 18:23:26 | INFO | ✅ Дни отдыха рассчитаны
2026-04-09 18:23:26 | INFO | ✅ Загружено 1520 матчей
2026-04-09 18:23:26 | INFO | ✅ 🇬🇧 Англия: Премьер-лига загружена (1520 матчей, 26 команд)
2026-04-09 18:23:26 | INFO | 📊 Загрузка 🇩🇪 Бундеслига...
2026-04-09 18:23:26 | INFO | ✅ Модель загружена: C:\Users\taran\Training_Main_bot\data\bundesliga\model.pkl
2026-04-09 18:23:26 | INFO |    ↳ Модель загружена из кэша
2026-04-09 18:23:26 | INFO | 📥 Загрузка данных из C:\Users\taran\Training_Main_bot\data\bundesliga\matches.csv
2026-04-09 18:23:26 | INFO | ✅ Файл прочитан (кодировка: utf-8)
2026-04-09 18:23:26 | INFO | ✅ Дни отдыха рассчитаны
2026-04-09 18:23:26 | INFO | ✅ Загружено 1224 матчей
2026-04-09 18:23:26 | INFO | ✅ 🇩🇪 Бундеслига загружена (1224 матчей, 22 команд)
2026-04-09 18:23:26 | INFO | 📊 Загрузка 🇮🇹 Серия A...
2026-04-09 18:23:26 | INFO | ✅ Модель загружена: C:\Users\taran\Training_Main_bot\data\seriaA\model.pkl
2026-04-09 18:23:26 | INFO |    ↳ Модель загружена из кэша
2026-04-09 18:23:26 | INFO | 📥 Загрузка данных из C:\Users\taran\Training_Main_bot\data\seriaA\matches.csv
2026-04-09 18:23:27 | INFO | ✅ Файл прочитан (кодировка: utf-8)
2026-04-09 18:23:27 | INFO | ✅ Дни отдыха рассчитаны
2026-04-09 18:23:27 | INFO | ✅ Загружено 1520 матчей
2026-04-09 18:23:27 | INFO | ✅ 🇮🇹 Серия A загружена (1520 матчей, 27 команд)
2026-04-09 18:23:27 | INFO | 📊 Загрузка 🇪🇸 Ла Лига...
2026-04-09 18:23:27 | INFO | ✅ Модель загружена: C:\Users\taran\Training_Main_bot\data\laLiga\model.pkl
2026-04-09 18:23:27 | INFO |    ↳ Модель загружена из кэша
2026-04-09 18:23:27 | INFO | 📥 Загрузка данных из C:\Users\taran\Training_Main_bot\data\laLiga\matches.csv
2026-04-09 18:23:28 | INFO | ✅ Файл прочитан (кодировка: utf-8)
2026-04-09 18:23:28 | INFO | ✅ Дни отдыха рассчитаны
2026-04-09 18:23:28 | INFO | ✅ Загружено 1520 матчей
2026-04-09 18:23:28 | INFO | ✅ 🇪🇸 Ла Лига загружена (1520 матчей, 26 команд)
2026-04-09 18:23:28 | INFO | 📊 Загрузка 🇫🇷 Лига 1...
2026-04-09 18:23:28 | INFO | ✅ Модель загружена: C:\Users\taran\Training_Main_bot\data\ligue1\model.pkl
2026-04-09 18:23:28 | INFO |    ↳ Модель загружена из кэша
2026-04-09 18:23:28 | INFO | 📥 Загрузка данных из C:\Users\taran\Training_Main_bot\data\ligue1\matches.csv
2026-04-09 18:23:29 | INFO | ✅ Файл прочитан (кодировка: utf-8)
2026-04-09 18:23:29 | INFO | ✅ Дни отдыха рассчитаны
2026-04-09 18:23:29 | INFO | ✅ Загружено 1446 матчей
2026-04-09 18:23:29 | INFO | ✅ 🇫🇷 Лига 1 загружена (1446 матчей, 26 команд)
2026-04-09 18:23:29 | INFO | 📊 Загрузка Лига чемпионов 🏆...
2026-04-09 18:23:29 | INFO | ✅ Модель загружена: C:\Users\taran\Training_Main_bot\data\champions_league\model.pkl
2026-04-09 18:23:29 | INFO |    ↳ Модель загружена из кэша
2026-04-09 18:23:29 | INFO | 📥 Загрузка данных из C:\Users\taran\Training_Main_bot\data\champions_league\matches.csv
2026-04-09 18:23:29 | INFO | ✅ Файл прочитан (кодировка: utf-8)
2026-04-09 18:23:29 | INFO | ✅ Дни отдыха рассчитаны
2026-04-09 18:23:29 | INFO | ✅ Загружено 135 матчей
2026-04-09 18:23:29 | INFO | ✅ Лига чемпионов 🏆 загружена (135 матчей, 36 команд)
2026-04-09 18:23:29 | INFO | 📊 Загрузка 🇳🇱 Эредивизи...
2026-04-09 18:23:30 | INFO | ✅ Модель загружена: C:\Users\taran\Training_Main_bot\data\eredivisise\model.pkl
2026-04-09 18:23:30 | INFO |    ↳ Модель загружена из кэша
2026-04-09 18:23:30 | INFO | 📥 Загрузка данных из C:\Users\taran\Training_Main_bot\data\eredivisise\matches.csv
2026-04-09 18:23:30 | INFO | ✅ Файл прочитан (кодировка: utf-8)
2026-04-09 18:23:30 | INFO | ✅ Дни отдыха рассчитаны
2026-04-09 18:23:30 | INFO | ✅ Загружено 1224 матчей
2026-04-09 18:23:30 | INFO | ✅ 🇳🇱 Эредивизи загружена (1224 матчей, 24 команд)
2026-04-09 18:23:30 | INFO | 📊 Загрузка 🇵🇹 Португальская Лига...
2026-04-09 18:23:30 | INFO | ✅ Модель загружена: C:\Users\taran\Training_Main_bot\data\portugueseLiga\model.pkl
2026-04-09 18:23:30 | INFO |    ↳ Модель загружена из кэша
2026-04-09 18:23:30 | INFO | 📥 Загрузка данных из C:\Users\taran\Training_Main_bot\data\portugueseLiga\matches.csv
2026-04-09 18:23:30 | INFO | ✅ Файл прочитан (кодировка: utf-8)
2026-04-09 18:23:31 | INFO | ✅ Дни отдыха рассчитаны
2026-04-09 18:23:31 | INFO | ✅ Загружено 1224 матчей
2026-04-09 18:23:31 | INFO | ✅ 🇵🇹 Португальская Лига загружена (1224 матчей, 24 команд)
2026-04-09 18:23:31 | INFO | ✅ Загружено 8 моделей, 211 уникальных команд
2026-04-09 18:23:31 | INFO | Start polling
2026-04-09 18:23:31 | INFO | Run polling for bot @FootPrognosticBot id=8224983369 - 'my_football_bot'
2026-04-09 18:24:04 | ERROR | Failed to fetch updates - TelegramNetworkError: HTTP Client says - ClientOSError: [WinError 1236] Подключение к сети было разорвано локальной системой
2026-04-09 18:24:05 | WARNING | Sleep for 1.000000 seconds and try again... (tryings = 0, bot id = 8224983369)
2026-04-09 18:24:27 | ERROR | Failed to fetch updates - TelegramNetworkError: HTTP Client says - ClientConnectorError: Cannot connect to host api.telegram.org:443 ssl:default [Превышен таймаут семафора]
2026-04-09 18:24:27 | WARNING | Sleep for 1.405247 seconds and try again... (tryings = 1, bot id = 8224983369)
2026-04-09 18:24:49 | ERROR | Failed to fetch updates - TelegramNetworkError: HTTP Client says - ClientConnectorError: Cannot connect to host api.telegram.org:443 ssl:default [Превышен таймаут семафора]
2026-04-09 18:24:49 | WARNING | Sleep for 1.853283 seconds and try again... (tryings = 2, bot id = 8224983369)
2026-04-09 18:24:55 | INFO | Polling stopped
2026-04-09 18:24:55 | INFO | Polling stopped for bot @FootPrognosticBot id=8224983369 - 'my_football_bot'
2026-04-09 19:04:04 | INFO | ✅ Загружен маппинг лиг из C:\Users\taran\Training_Main_bot\data\league_mapping.json
2026-04-09 19:04:04 | INFO | 🔄 Загрузка моделей и команд...
2026-04-09 19:04:04 | INFO | 📊 Загрузка 🇷🇺 РПЛ...
2026-04-09 19:04:04 | INFO | 📥 Загрузка данных из C:\Users\taran\Training_Main_bot\data\rpl\matches.csv
2026-04-09 19:04:04 | INFO | ✅ Файл прочитан (кодировка: utf-8)
2026-04-09 19:04:04 | ERROR | ❌ Ошибка загрузки 🇷🇺 РПЛ: 'home_team'
2026-04-09 19:04:04 | INFO | 📊 Загрузка 🇬🇧 Англия: Премьер-лига...
2026-04-09 19:04:04 | INFO | ✅ Модель загружена: C:\Users\taran\Training_Main_bot\data\epl\model.pkl
2026-04-09 19:04:04 | INFO |    ↳ Модель загружена из кэша
2026-04-09 19:04:04 | INFO | 📥 Загрузка данных из C:\Users\taran\Training_Main_bot\data\epl\matches.csv
2026-04-09 19:04:05 | INFO | ✅ Файл прочитан (кодировка: utf-8)
2026-04-09 19:04:05 | INFO | ✅ Дни отдыха рассчитаны
2026-04-09 19:04:05 | INFO | ✅ Загружено 1520 матчей
2026-04-09 19:04:05 | INFO | ✅ 🇬🇧 Англия: Премьер-лига загружена (1520 матчей, 26 команд)
2026-04-09 19:04:05 | INFO | 📊 Загрузка 🇩🇪 Бундеслига...
2026-04-09 19:04:05 | INFO | ✅ Модель загружена: C:\Users\taran\Training_Main_bot\data\bundesliga\model.pkl
2026-04-09 19:04:05 | INFO |    ↳ Модель загружена из кэша
2026-04-09 19:04:05 | INFO | 📥 Загрузка данных из C:\Users\taran\Training_Main_bot\data\bundesliga\matches.csv
2026-04-09 19:04:06 | INFO | ✅ Файл прочитан (кодировка: utf-8)
2026-04-09 19:04:06 | INFO | ✅ Дни отдыха рассчитаны
2026-04-09 19:04:06 | INFO | ✅ Загружено 1224 матчей
2026-04-09 19:04:06 | INFO | ✅ 🇩🇪 Бундеслига загружена (1224 матчей, 22 команд)
2026-04-09 19:04:06 | INFO | 📊 Загрузка 🇮🇹 Серия A...
2026-04-09 19:04:06 | INFO | ✅ Модель загружена: C:\Users\taran\Training_Main_bot\data\seriaA\model.pkl
2026-04-09 19:04:06 | INFO |    ↳ Модель загружена из кэша
2026-04-09 19:04:06 | INFO | 📥 Загрузка данных из C:\Users\taran\Training_Main_bot\data\seriaA\matches.csv
2026-04-09 19:04:06 | INFO | ✅ Файл прочитан (кодировка: utf-8)
2026-04-09 19:04:07 | INFO | ✅ Дни отдыха рассчитаны
2026-04-09 19:04:07 | INFO | ✅ Загружено 1520 матчей
2026-04-09 19:04:07 | INFO | ✅ 🇮🇹 Серия A загружена (1520 матчей, 27 команд)
2026-04-09 19:04:07 | INFO | 📊 Загрузка 🇪🇸 Ла Лига...
2026-04-09 19:04:07 | INFO | ✅ Модель загружена: C:\Users\taran\Training_Main_bot\data\laLiga\model.pkl
2026-04-09 19:04:07 | INFO |    ↳ Модель загружена из кэша
2026-04-09 19:04:07 | INFO | 📥 Загрузка данных из C:\Users\taran\Training_Main_bot\data\laLiga\matches.csv
2026-04-09 19:04:07 | INFO | ✅ Файл прочитан (кодировка: utf-8)
2026-04-09 19:04:08 | INFO | ✅ Дни отдыха рассчитаны
2026-04-09 19:04:08 | INFO | ✅ Загружено 1520 матчей
2026-04-09 19:04:08 | INFO | ✅ 🇪🇸 Ла Лига загружена (1520 матчей, 26 команд)
2026-04-09 19:04:08 | INFO | 📊 Загрузка 🇫🇷 Лига 1...
2026-04-09 19:04:08 | INFO | ✅ Модель загружена: C:\Users\taran\Training_Main_bot\data\ligue1\model.pkl
2026-04-09 19:04:08 | INFO |    ↳ Модель загружена из кэша
2026-04-09 19:04:08 | INFO | 📥 Загрузка данных из C:\Users\taran\Training_Main_bot\data\ligue1\matches.csv
2026-04-09 19:04:08 | INFO | ✅ Файл прочитан (кодировка: utf-8)
2026-04-09 19:04:09 | INFO | ✅ Дни отдыха рассчитаны
2026-04-09 19:04:09 | INFO | ✅ Загружено 1446 матчей
2026-04-09 19:04:09 | INFO | ✅ 🇫🇷 Лига 1 загружена (1446 матчей, 26 команд)
2026-04-09 19:04:09 | INFO | 📊 Загрузка Лига чемпионов 🏆...
2026-04-09 19:04:09 | INFO | ✅ Модель загружена: C:\Users\taran\Training_Main_bot\data\champions_league\model.pkl
2026-04-09 19:04:09 | INFO |    ↳ Модель загружена из кэша
2026-04-09 19:04:09 | INFO | 📥 Загрузка данных из C:\Users\taran\Training_Main_bot\data\champions_league\matches.csv
2026-04-09 19:04:09 | INFO | ✅ Файл прочитан (кодировка: utf-8)
2026-04-09 19:04:09 | INFO | ✅ Дни отдыха рассчитаны
2026-04-09 19:04:09 | INFO | ✅ Загружено 135 матчей
2026-04-09 19:04:09 | INFO | ✅ Лига чемпионов 🏆 загружена (135 матчей, 36 команд)
2026-04-09 19:04:09 | INFO | 📊 Загрузка 🇳🇱 Эредивизи...
2026-04-09 19:04:09 | INFO | ✅ Модель загружена: C:\Users\taran\Training_Main_bot\data\eredivisise\model.pkl
2026-04-09 19:04:09 | INFO |    ↳ Модель загружена из кэша
2026-04-09 19:04:09 | INFO | 📥 Загрузка данных из C:\Users\taran\Training_Main_bot\data\eredivisise\matches.csv
2026-04-09 19:04:09 | INFO | ✅ Файл прочитан (кодировка: utf-8)
2026-04-09 19:04:09 | INFO | ✅ Дни отдыха рассчитаны
2026-04-09 19:04:09 | INFO | ✅ Загружено 1224 матчей
2026-04-09 19:04:09 | INFO | ✅ 🇳🇱 Эредивизи загружена (1224 матчей, 24 команд)
2026-04-09 19:04:09 | INFO | 📊 Загрузка 🇵🇹 Португальская Лига...
2026-04-09 19:04:09 | INFO | ✅ Модель загружена: C:\Users\taran\Training_Main_bot\data\portugueseLiga\model.pkl
2026-04-09 19:04:09 | INFO |    ↳ Модель загружена из кэша
2026-04-09 19:04:09 | INFO | 📥 Загрузка данных из C:\Users\taran\Training_Main_bot\data\portugueseLiga\matches.csv
2026-04-09 19:04:10 | INFO | ✅ Файл прочитан (кодировка: utf-8)
2026-04-09 19:04:10 | INFO | ✅ Дни отдыха рассчитаны
2026-04-09 19:04:10 | INFO | ✅ Загружено 1224 матчей
2026-04-09 19:04:10 | INFO | ✅ 🇵🇹 Португальская Лига загружена (1224 матчей, 24 команд)
2026-04-09 19:04:10 | INFO | ✅ Загружено 8 моделей, 211 уникальных команд
2026-04-09 19:04:10 | INFO | Start polling
2026-04-09 19:04:12 | INFO | Run polling for bot @FootPrognosticBot id=8224983369 - 'my_football_bot'
2026-04-09 19:05:14 | INFO | Update id=354055924 is handled. Duration 346 ms by bot id=8224983369
2026-04-09 19:05:33 | INFO | Update id=354055925 is handled. Duration 117 ms by bot id=8224983369
2026-04-09 19:05:43 | INFO | Update id=354055926 is handled. Duration 124 ms by bot id=8224983369
2026-04-09 19:05:49 | INFO | Update id=354055927 is handled. Duration 265 ms by bot id=8224983369
2026-04-09 19:06:04 | INFO | Update id=354055928 is handled. Duration 112 ms by bot id=8224983369
2026-04-09 19:06:11 | INFO | Update id=354055929 is handled. Duration 161 ms by bot id=8224983369
2026-04-09 19:06:13 | INFO | Update id=354055930 is handled. Duration 205 ms by bot id=8224983369
2026-04-09 20:00:19 | INFO | Polling stopped
2026-04-09 20:00:19 | INFO | Polling stopped for bot @FootPrognosticBot id=8224983369 - 'my_football_bot'
2026-04-12 14:44:34 | INFO | ✅ Загружен маппинг лиг из C:\Users\taran\Training_Main_bot\data\league_mapping.json
2026-04-12 14:44:34 | INFO | 🔄 Загрузка моделей и команд...
2026-04-12 14:44:34 | INFO | 📊 Загрузка 🇷🇺 РПЛ...
2026-04-12 14:44:34 | INFO | 📥 Загрузка данных из C:\Users\taran\Training_Main_bot\data\rpl\matches.csv
2026-04-12 14:44:34 | INFO | ✅ Файл прочитан (кодировка: utf-8)
2026-04-12 14:44:34 | ERROR | ❌ Ошибка загрузки 🇷🇺 РПЛ: 'home_team'
2026-04-12 14:44:34 | INFO | 📊 Загрузка 🇬🇧 Англия: Премьер-лига...
2026-04-12 14:44:34 | INFO | ✅ Модель загружена: C:\Users\taran\Training_Main_bot\data\epl\model.pkl
2026-04-12 14:44:34 | INFO |    ↳ Модель загружена из кэша
2026-04-12 14:44:34 | INFO | 📥 Загрузка данных из C:\Users\taran\Training_Main_bot\data\epl\matches.csv
2026-04-12 14:44:34 | INFO | ✅ Файл прочитан (кодировка: utf-8)
2026-04-12 14:44:35 | INFO | ✅ Дни отдыха рассчитаны
2026-04-12 14:44:35 | INFO | ✅ Загружено 1520 матчей
2026-04-12 14:44:35 | INFO | ✅ 🇬🇧 Англия: Премьер-лига загружена (1520 матчей, 26 команд)
2026-04-12 14:44:35 | INFO | 📊 Загрузка 🇩🇪 Бундеслига...
2026-04-12 14:44:35 | INFO | ✅ Модель загружена: C:\Users\taran\Training_Main_bot\data\bundesliga\model.pkl
2026-04-12 14:44:35 | INFO |    ↳ Модель загружена из кэша
2026-04-12 14:44:35 | INFO | 📥 Загрузка данных из C:\Users\taran\Training_Main_bot\data\bundesliga\matches.csv
2026-04-12 14:44:35 | INFO | ✅ Файл прочитан (кодировка: utf-8)
2026-04-12 14:44:36 | INFO | ✅ Дни отдыха рассчитаны
2026-04-12 14:44:36 | INFO | ✅ Загружено 1224 матчей
2026-04-12 14:44:36 | INFO | ✅ 🇩🇪 Бундеслига загружена (1224 матчей, 22 команд)
2026-04-12 14:44:36 | INFO | 📊 Загрузка 🇮🇹 Серия A...
2026-04-12 14:44:36 | INFO | ✅ Модель загружена: C:\Users\taran\Training_Main_bot\data\seriaA\model.pkl
2026-04-12 14:44:36 | INFO |    ↳ Модель загружена из кэша
2026-04-12 14:44:36 | INFO | 📥 Загрузка данных из C:\Users\taran\Training_Main_bot\data\seriaA\matches.csv
2026-04-12 14:44:36 | INFO | ✅ Файл прочитан (кодировка: utf-8)
2026-04-12 14:44:36 | INFO | ✅ Дни отдыха рассчитаны
2026-04-12 14:44:36 | INFO | ✅ Загружено 1520 матчей
2026-04-12 14:44:36 | INFO | ✅ 🇮🇹 Серия A загружена (1520 матчей, 27 команд)
2026-04-12 14:44:36 | INFO | 📊 Загрузка 🇪🇸 Ла Лига...
2026-04-12 14:44:36 | INFO | ✅ Модель загружена: C:\Users\taran\Training_Main_bot\data\laLiga\model.pkl
2026-04-12 14:44:36 | INFO |    ↳ Модель загружена из кэша
2026-04-12 14:44:36 | INFO | 📥 Загрузка данных из C:\Users\taran\Training_Main_bot\data\laLiga\matches.csv
2026-04-12 14:44:37 | INFO | ✅ Файл прочитан (кодировка: utf-8)
2026-04-12 14:44:37 | INFO | ✅ Дни отдыха рассчитаны
2026-04-12 14:44:37 | INFO | ✅ Загружено 1520 матчей
2026-04-12 14:44:37 | INFO | ✅ 🇪🇸 Ла Лига загружена (1520 матчей, 26 команд)
2026-04-12 14:44:37 | INFO | 📊 Загрузка 🇫🇷 Лига 1...
2026-04-12 14:44:37 | INFO | ✅ Модель загружена: C:\Users\taran\Training_Main_bot\data\ligue1\model.pkl
2026-04-12 14:44:37 | INFO |    ↳ Модель загружена из кэша
2026-04-12 14:44:37 | INFO | 📥 Загрузка данных из C:\Users\taran\Training_Main_bot\data\ligue1\matches.csv
2026-04-12 14:44:37 | INFO | ✅ Файл прочитан (кодировка: utf-8)
2026-04-12 14:44:38 | INFO | ✅ Дни отдыха рассчитаны
2026-04-12 14:44:38 | INFO | ✅ Загружено 1446 матчей
2026-04-12 14:44:38 | INFO | ✅ 🇫🇷 Лига 1 загружена (1446 матчей, 26 команд)
2026-04-12 14:44:38 | INFO | 📊 Загрузка Лига чемпионов 🏆...
2026-04-12 14:44:38 | INFO | ✅ Модель загружена: C:\Users\taran\Training_Main_bot\data\champions_league\model.pkl
2026-04-12 14:44:38 | INFO |    ↳ Модель загружена из кэша
2026-04-12 14:44:38 | INFO | 📥 Загрузка данных из C:\Users\taran\Training_Main_bot\data\champions_league\matches.csv
2026-04-12 14:44:38 | INFO | ✅ Файл прочитан (кодировка: utf-8)
2026-04-12 14:44:38 | INFO | ✅ Дни отдыха рассчитаны
2026-04-12 14:44:38 | INFO | ✅ Загружено 135 матчей
2026-04-12 14:44:38 | INFO | ✅ Лига чемпионов 🏆 загружена (135 матчей, 36 команд)
2026-04-12 14:44:38 | INFO | 📊 Загрузка 🇳🇱 Эредивизи...
2026-04-12 14:44:38 | INFO | ✅ Модель загружена: C:\Users\taran\Training_Main_bot\data\eredivisise\model.pkl
2026-04-12 14:44:38 | INFO |    ↳ Модель загружена из кэша
2026-04-12 14:44:38 | INFO | 📥 Загрузка данных из C:\Users\taran\Training_Main_bot\data\eredivisise\matches.csv
2026-04-12 14:44:38 | INFO | ✅ Файл прочитан (кодировка: utf-8)
2026-04-12 14:44:39 | INFO | ✅ Дни отдыха рассчитаны
2026-04-12 14:44:39 | INFO | ✅ Загружено 1224 матчей
2026-04-12 14:44:39 | INFO | ✅ 🇳🇱 Эредивизи загружена (1224 матчей, 24 команд)
2026-04-12 14:44:39 | INFO | 📊 Загрузка 🇵🇹 Португальская Лига...
2026-04-12 14:44:39 | INFO | ✅ Модель загружена: C:\Users\taran\Training_Main_bot\data\portugueseLiga\model.pkl
2026-04-12 14:44:39 | INFO |    ↳ Модель загружена из кэша
2026-04-12 14:44:39 | INFO | 📥 Загрузка данных из C:\Users\taran\Training_Main_bot\data\portugueseLiga\matches.csv
2026-04-12 14:44:39 | INFO | ✅ Файл прочитан (кодировка: utf-8)
2026-04-12 14:44:39 | INFO | ✅ Дни отдыха рассчитаны
2026-04-12 14:44:39 | INFO | ✅ Загружено 1224 матчей
2026-04-12 14:44:39 | INFO | ✅ 🇵🇹 Португальская Лига загружена (1224 матчей, 24 команд)
2026-04-12 14:44:39 | INFO | ✅ Загружено 8 моделей, 211 уникальных команд
2026-04-12 14:44:39 | INFO | Start polling
2026-04-12 14:44:40 | INFO | Run polling for bot @FootPrognosticBot id=8224983369 - 'my_football_bot'
2026-04-12 14:45:41 | INFO | Update id=354055931 is handled. Duration 244 ms by bot id=8224983369
2026-04-12 14:45:50 | INFO | Update id=354055932 is handled. Duration 353 ms by bot id=8224983369
2026-04-12 14:45:53 | INFO | Update id=354055933 is handled. Duration 152 ms by bot id=8224983369
2026-04-12 14:46:00 | INFO | Update id=354055934 is handled. Duration 112 ms by bot id=8224983369
2026-04-12 14:46:22 | INFO | Update id=354055935 is handled. Duration 120 ms by bot id=8224983369
2026-04-12 14:46:28 | INFO | Update id=354055936 is handled. Duration 211 ms by bot id=8224983369
2026-04-12 14:46:35 | INFO | Update id=354055937 is handled. Duration 205 ms by bot id=8224983369
2026-04-12 14:46:38 | INFO | Update id=354055938 is handled. Duration 230 ms by bot id=8224983369
2026-04-12 14:51:49 | INFO | Polling stopped
2026-04-12 14:51:50 | INFO | Polling stopped for bot @FootPrognosticBot id=8224983369 - 'my_football_bot'
2026-04-12 15:01:18 | INFO | ✅ Загружен маппинг лиг из C:\Users\taran\Training_Main_bot\data\league_mapping.json
2026-04-12 15:01:18 | INFO | 🔄 Загрузка моделей и команд...
2026-04-12 15:01:18 | INFO | 📊 Загрузка 🇷🇺 РПЛ...
2026-04-12 15:01:18 | INFO | 📥 Загрузка данных из C:\Users\taran\Training_Main_bot\data\rpl\matches.csv
2026-04-12 15:01:18 | INFO | ✅ Файл прочитан (кодировка: utf-8)
2026-04-12 15:01:20 | INFO | ✅ Дни отдыха рассчитаны
2026-04-12 15:01:20 | INFO | ✅ Загружено 3336 матчей
2026-04-12 15:01:20 | INFO | 🚀 Начало обучения моделей...
2026-04-12 15:01:20 | ERROR | ❌ ДАННЫЕ НЕ ПРИГОДНЫ:
2026-04-12 15:01:20 | ERROR |    ❌ Нет побед хозяев (0) или гостей (0)
2026-04-12 15:01:20 | ERROR |    ⚠️ Слишком много ничьих: 3336 из 3336 (100.0%)
2026-04-12 15:01:20 | INFO | ✅ Модель сохранена: C:\Users\taran\Training_Main_bot\data\rpl\model.pkl
2026-04-12 15:01:20 | INFO |    ↳ Модель обучена и сохранена
2026-04-12 15:01:20 | INFO | 📥 Загрузка данных из C:\Users\taran\Training_Main_bot\data\rpl\matches.csv
2026-04-12 15:01:20 | INFO | ✅ Файл прочитан (кодировка: utf-8)
2026-04-12 15:01:21 | INFO | ✅ Дни отдыха рассчитаны
2026-04-12 15:01:21 | INFO | ✅ Загружено 3336 матчей
2026-04-12 15:01:21 | INFO | ✅ 🇷🇺 РПЛ загружена (3336 матчей, 38 команд)
2026-04-12 15:01:21 | INFO | 📊 Загрузка 🇬🇧 Англия: Премьер-лига...
2026-04-12 15:01:21 | INFO | 📥 Загрузка данных из C:\Users\taran\Training_Main_bot\data\epl\matches.csv
2026-04-12 15:01:21 | INFO | ✅ Файл прочитан (кодировка: utf-8)
2026-04-12 15:01:22 | INFO | ✅ Дни отдыха рассчитаны
2026-04-12 15:01:22 | INFO | ✅ Загружено 1520 матчей
2026-04-12 15:01:22 | INFO | 🚀 Начало обучения моделей...
2026-04-12 15:01:22 | INFO | ⚡ Расчёт ELO рейтингов...
2026-04-12 15:01:29 | INFO | 🎯 Обучение модели исхода...
2026-04-12 15:01:30 | INFO | ⚽ Обучение модели тотала...
2026-04-12 15:01:30 | INFO | 🔄 Обучение модели BTTS...
2026-04-12 15:01:30 | INFO | 🎯 Обучение моделей угловых...
2026-04-12 15:01:30 | INFO | ✅ Обучение завершено! Моделей: 4
2026-04-12 15:01:30 | INFO | ✅ Модель сохранена: C:\Users\taran\Training_Main_bot\data\epl\model.pkl
2026-04-12 15:01:30 | INFO |    ↳ Модель обучена и сохранена
2026-04-12 15:01:30 | INFO | 📥 Загрузка данных из C:\Users\taran\Training_Main_bot\data\epl\matches.csv
2026-04-12 15:01:30 | INFO | ✅ Файл прочитан (кодировка: utf-8)
2026-04-12 15:01:31 | INFO | ✅ Дни отдыха рассчитаны
2026-04-12 15:01:31 | INFO | ✅ Загружено 1520 матчей
2026-04-12 15:01:31 | INFO | ✅ 🇬🇧 Англия: Премьер-лига загружена (1520 матчей, 26 команд)
2026-04-12 15:01:31 | INFO | 📊 Загрузка 🇩🇪 Бундеслига...
2026-04-12 15:01:31 | INFO | 📥 Загрузка данных из C:\Users\taran\Training_Main_bot\data\bundesliga\matches.csv
2026-04-12 15:01:31 | INFO | ✅ Файл прочитан (кодировка: utf-8)
2026-04-12 15:01:32 | INFO | ✅ Дни отдыха рассчитаны
2026-04-12 15:01:32 | INFO | ✅ Загружено 1224 матчей
2026-04-12 15:01:32 | INFO | 🚀 Начало обучения моделей...
2026-04-12 15:01:32 | INFO | ⚡ Расчёт ELO рейтингов...
2026-04-12 15:01:37 | INFO | 🎯 Обучение модели исхода...
2026-04-12 15:01:37 | INFO | ⚽ Обучение модели тотала...
2026-04-12 15:01:37 | INFO | 🔄 Обучение модели BTTS...
2026-04-12 15:01:38 | INFO | 🎯 Обучение моделей угловых...
2026-04-12 15:01:38 | INFO | ✅ Обучение завершено! Моделей: 4
2026-04-12 15:01:38 | INFO | ✅ Модель сохранена: C:\Users\taran\Training_Main_bot\data\bundesliga\model.pkl
2026-04-12 15:01:38 | INFO |    ↳ Модель обучена и сохранена
2026-04-12 15:01:38 | INFO | 📥 Загрузка данных из C:\Users\taran\Training_Main_bot\data\bundesliga\matches.csv
2026-04-12 15:01:38 | INFO | ✅ Файл прочитан (кодировка: utf-8)
2026-04-12 15:01:38 | INFO | ✅ Дни отдыха рассчитаны
2026-04-12 15:01:38 | INFO | ✅ Загружено 1224 матчей
2026-04-12 15:01:38 | INFO | ✅ 🇩🇪 Бундеслига загружена (1224 матчей, 22 команд)
2026-04-12 15:01:38 | INFO | 📊 Загрузка 🇮🇹 Серия A...
2026-04-12 15:01:38 | INFO | 📥 Загрузка данных из C:\Users\taran\Training_Main_bot\data\seriaA\matches.csv
2026-04-12 15:01:39 | INFO | ✅ Файл прочитан (кодировка: utf-8)
2026-04-12 15:01:39 | INFO | ✅ Дни отдыха рассчитаны
2026-04-12 15:01:39 | INFO | ✅ Загружено 1520 матчей
2026-04-12 15:01:39 | INFO | 🚀 Начало обучения моделей...
2026-04-12 15:01:39 | INFO | ⚡ Расчёт ELO рейтингов...
2026-04-12 15:01:46 | INFO | 🎯 Обучение модели исхода...
2026-04-12 15:01:47 | INFO | ⚽ Обучение модели тотала...
2026-04-12 15:01:47 | INFO | 🔄 Обучение модели BTTS...
2026-04-12 15:01:47 | INFO | 🎯 Обучение моделей угловых...
2026-04-12 15:01:47 | INFO | ✅ Обучение завершено! Моделей: 4
2026-04-12 15:01:47 | INFO | ✅ Модель сохранена: C:\Users\taran\Training_Main_bot\data\seriaA\model.pkl
2026-04-12 15:01:47 | INFO |    ↳ Модель обучена и сохранена
2026-04-12 15:01:47 | INFO | 📥 Загрузка данных из C:\Users\taran\Training_Main_bot\data\seriaA\matches.csv
2026-04-12 15:01:47 | INFO | ✅ Файл прочитан (кодировка: utf-8)
2026-04-12 15:01:48 | INFO | ✅ Дни отдыха рассчитаны
2026-04-12 15:01:48 | INFO | ✅ Загружено 1520 матчей
2026-04-12 15:01:48 | INFO | ✅ 🇮🇹 Серия A загружена (1520 матчей, 27 команд)
2026-04-12 15:01:48 | INFO | 📊 Загрузка 🇪🇸 Ла Лига...
2026-04-12 15:01:48 | INFO | 📥 Загрузка данных из C:\Users\taran\Training_Main_bot\data\laLiga\matches.csv
2026-04-12 15:01:48 | INFO | ✅ Файл прочитан (кодировка: utf-8)
2026-04-12 15:01:49 | INFO | ✅ Дни отдыха рассчитаны
2026-04-12 15:01:49 | INFO | ✅ Загружено 1520 матчей
2026-04-12 15:01:49 | INFO | 🚀 Начало обучения моделей...
2026-04-12 15:01:49 | INFO | ⚡ Расчёт ELO рейтингов...
2026-04-12 15:01:55 | INFO | 🎯 Обучение модели исхода...
2026-04-12 15:01:56 | INFO | ⚽ Обучение модели тотала...
2026-04-12 15:01:56 | INFO | 🔄 Обучение модели BTTS...
2026-04-12 15:01:56 | INFO | 🎯 Обучение моделей угловых...
2026-04-12 15:01:56 | INFO | ✅ Обучение завершено! Моделей: 4
2026-04-12 15:01:56 | INFO | ✅ Модель сохранена: C:\Users\taran\Training_Main_bot\data\laLiga\model.pkl
2026-04-12 15:01:56 | INFO |    ↳ Модель обучена и сохранена
2026-04-12 15:01:56 | INFO | 📥 Загрузка данных из C:\Users\taran\Training_Main_bot\data\laLiga\matches.csv
2026-04-12 15:01:56 | INFO | ✅ Файл прочитан (кодировка: utf-8)
2026-04-12 15:01:57 | INFO | ✅ Дни отдыха рассчитаны
2026-04-12 15:01:57 | INFO | ✅ Загружено 1520 матчей
2026-04-12 15:01:57 | INFO | ✅ 🇪🇸 Ла Лига загружена (1520 матчей, 26 команд)
2026-04-12 15:01:57 | INFO | 📊 Загрузка 🇫🇷 Лига 1...
2026-04-12 15:01:57 | INFO | 📥 Загрузка данных из C:\Users\taran\Training_Main_bot\data\ligue1\matches.csv
2026-04-12 15:01:57 | INFO | ✅ Файл прочитан (кодировка: utf-8)
2026-04-12 15:01:58 | INFO | ✅ Дни отдыха рассчитаны
2026-04-12 15:01:58 | INFO | ✅ Загружено 1446 матчей
2026-04-12 15:01:58 | INFO | 🚀 Начало обучения моделей...
2026-04-12 15:01:58 | INFO | ⚡ Расчёт ELO рейтингов...
2026-04-12 15:02:04 | INFO | 🎯 Обучение модели исхода...
2026-04-12 15:02:04 | INFO | ⚽ Обучение модели тотала...
2026-04-12 15:02:05 | INFO | 🔄 Обучение модели BTTS...
2026-04-12 15:02:05 | INFO | 🎯 Обучение моделей угловых...
2026-04-12 15:02:05 | INFO | ✅ Обучение завершено! Моделей: 4
2026-04-12 15:02:05 | INFO | ✅ Модель сохранена: C:\Users\taran\Training_Main_bot\data\ligue1\model.pkl
2026-04-12 15:02:05 | INFO |    ↳ Модель обучена и сохранена
2026-04-12 15:02:05 | INFO | 📥 Загрузка данных из C:\Users\taran\Training_Main_bot\data\ligue1\matches.csv
2026-04-12 15:02:05 | INFO | ✅ Файл прочитан (кодировка: utf-8)
2026-04-12 15:02:06 | INFO | ✅ Дни отдыха рассчитаны
2026-04-12 15:02:06 | INFO | ✅ Загружено 1446 матчей
2026-04-12 15:02:06 | INFO | ✅ 🇫🇷 Лига 1 загружена (1446 матчей, 26 команд)
2026-04-12 15:02:06 | INFO | 📊 Загрузка Лига чемпионов 🏆...
2026-04-12 15:02:06 | INFO | 📥 Загрузка данных из C:\Users\taran\Training_Main_bot\data\champions_league\matches.csv
2026-04-12 15:02:06 | INFO | ✅ Файл прочитан (кодировка: utf-8)
2026-04-12 15:02:06 | INFO | ✅ Дни отдыха рассчитаны
2026-04-12 15:02:06 | INFO | ✅ Загружено 135 матчей
2026-04-12 15:02:06 | INFO | 🚀 Начало обучения моделей...
2026-04-12 15:02:06 | INFO | ⚡ Расчёт ELO рейтингов...
2026-04-12 15:02:06 | INFO | 🎯 Обучение модели исхода...
2026-04-12 15:02:07 | INFO | ⚽ Обучение модели тотала...
2026-04-12 15:02:07 | INFO | 🔄 Обучение модели BTTS...
2026-04-12 15:02:07 | INFO | 🎯 Обучение моделей угловых...
2026-04-12 15:02:07 | INFO | ✅ Обучение завершено! Моделей: 4
2026-04-12 15:02:07 | INFO | ✅ Модель сохранена: C:\Users\taran\Training_Main_bot\data\champions_league\model.pkl
2026-04-12 15:02:07 | INFO |    ↳ Модель обучена и сохранена
2026-04-12 15:02:07 | INFO | 📥 Загрузка данных из C:\Users\taran\Training_Main_bot\data\champions_league\matches.csv
2026-04-12 15:02:07 | INFO | ✅ Файл прочитан (кодировка: utf-8)
2026-04-12 15:02:07 | INFO | ✅ Дни отдыха рассчитаны
2026-04-12 15:02:07 | INFO | ✅ Загружено 135 матчей
2026-04-12 15:02:07 | INFO | ✅ Лига чемпионов 🏆 загружена (135 матчей, 36 команд)
2026-04-12 15:02:07 | INFO | 📊 Загрузка 🇳🇱 Эредивизи...
2026-04-12 15:02:07 | INFO | 📥 Загрузка данных из C:\Users\taran\Training_Main_bot\data\eredivisise\matches.csv
2026-04-12 15:02:07 | INFO | ✅ Файл прочитан (кодировка: utf-8)
2026-04-12 15:02:08 | INFO | ✅ Дни отдыха рассчитаны
2026-04-12 15:02:08 | INFO | ✅ Загружено 1224 матчей
2026-04-12 15:02:08 | INFO | 🚀 Начало обучения моделей...
2026-04-12 15:02:08 | INFO | ⚡ Расчёт ELO рейтингов...
2026-04-12 15:02:13 | INFO | 🎯 Обучение модели исхода...
2026-04-12 15:02:14 | INFO | ⚽ Обучение модели тотала...
2026-04-12 15:02:14 | INFO | 🔄 Обучение модели BTTS...
2026-04-12 15:02:14 | INFO | 🎯 Обучение моделей угловых...
2026-04-12 15:02:14 | INFO | ✅ Обучение завершено! Моделей: 4
2026-04-12 15:02:14 | INFO | ✅ Модель сохранена: C:\Users\taran\Training_Main_bot\data\eredivisise\model.pkl
2026-04-12 15:02:14 | INFO |    ↳ Модель обучена и сохранена
2026-04-12 15:02:14 | INFO | 📥 Загрузка данных из C:\Users\taran\Training_Main_bot\data\eredivisise\matches.csv
2026-04-12 15:02:14 | INFO | ✅ Файл прочитан (кодировка: utf-8)
2026-04-12 15:02:15 | INFO | ✅ Дни отдыха рассчитаны
2026-04-12 15:02:15 | INFO | ✅ Загружено 1224 матчей
2026-04-12 15:02:15 | INFO | ✅ 🇳🇱 Эредивизи загружена (1224 матчей, 24 команд)
2026-04-12 15:02:15 | INFO | 📊 Загрузка 🇵🇹 Португальская Лига...
2026-04-12 15:02:15 | INFO | 📥 Загрузка данных из C:\Users\taran\Training_Main_bot\data\portugueseLiga\matches.csv
2026-04-12 15:02:15 | INFO | ✅ Файл прочитан (кодировка: utf-8)
2026-04-12 15:02:15 | INFO | ✅ Дни отдыха рассчитаны
2026-04-12 15:02:15 | INFO | ✅ Загружено 1224 матчей
2026-04-12 15:02:15 | INFO | 🚀 Начало обучения моделей...
2026-04-12 15:02:15 | INFO | ⚡ Расчёт ELO рейтингов...
2026-04-12 15:02:20 | INFO | 🎯 Обучение модели исхода...
2026-04-12 15:02:21 | INFO | ⚽ Обучение модели тотала...
2026-04-12 15:02:21 | INFO | 🔄 Обучение модели BTTS...
2026-04-12 15:02:21 | INFO | 🎯 Обучение моделей угловых...
2026-04-12 15:02:22 | INFO | ✅ Обучение завершено! Моделей: 4
2026-04-12 15:02:22 | INFO | ✅ Модель сохранена: C:\Users\taran\Training_Main_bot\data\portugueseLiga\model.pkl
2026-04-12 15:02:22 | INFO |    ↳ Модель обучена и сохранена
2026-04-12 15:02:22 | INFO | 📥 Загрузка данных из C:\Users\taran\Training_Main_bot\data\portugueseLiga\matches.csv
2026-04-12 15:02:22 | INFO | ✅ Файл прочитан (кодировка: utf-8)
2026-04-12 15:02:22 | INFO | ✅ Дни отдыха рассчитаны
2026-04-12 15:02:22 | INFO | ✅ Загружено 1224 матчей
2026-04-12 15:02:22 | INFO | ✅ 🇵🇹 Португальская Лига загружена (1224 матчей, 24 команд)
2026-04-12 15:02:22 | INFO | ✅ Загружено 9 моделей, 249 уникальных команд
2026-04-12 15:02:22 | INFO | Start polling
2026-04-12 15:02:22 | INFO | Run polling for bot @FootPrognosticBot id=8224983369 - 'my_football_bot'
2026-04-12 15:05:17 | INFO | Update id=354055939 is handled. Duration 255 ms by bot id=8224983369
2026-04-12 15:06:14 | INFO | Update id=354055940 is handled. Duration 120 ms by bot id=8224983369
2026-04-12 15:06:15 | INFO | Update id=354055941 is handled. Duration 118 ms by bot id=8224983369
2026-04-12 15:06:16 | INFO | Update id=354055942 is handled. Duration 114 ms by bot id=8224983369
2026-04-12 15:06:16 | INFO | Update id=354055943 is handled. Duration 105 ms by bot id=8224983369
2026-04-12 15:06:17 | INFO | Update id=354055944 is handled. Duration 109 ms by bot id=8224983369
2026-04-12 15:06:17 | INFO | Update id=354055945 is handled. Duration 109 ms by bot id=8224983369
2026-04-12 15:06:17 | INFO | Update id=354055946 is handled. Duration 115 ms by bot id=8224983369
2026-04-12 15:24:46 | INFO | Polling stopped
2026-04-12 15:24:47 | INFO | Polling stopped for bot @FootPrognosticBot id=8224983369 - 'my_football_bot'
2026-04-12 15:25:12 | INFO | 🔄 Загрузка моделей и команд...
2026-04-12 15:25:12 | INFO | 📊 Загрузка 🇷🇺 РПЛ...
2026-04-12 15:25:12 | INFO | ✅ Модель загружена: C:\Users\taran\Training_Main_bot\data\rpl\model.pkl
2026-04-12 15:25:12 | INFO |    ↳ Модель загружена из кэша
2026-04-12 15:25:12 | INFO | 📥 Загрузка данных из C:\Users\taran\Training_Main_bot\data\rpl\matches.csv
2026-04-12 15:25:12 | INFO | ✅ Файл прочитан (кодировка: utf-8)
2026-04-12 15:25:14 | INFO | ✅ Дни отдыха рассчитаны
2026-04-12 15:25:14 | INFO | ✅ Загружено 3336 матчей
2026-04-12 15:25:14 | INFO | ✅ 🇷🇺 РПЛ загружена (3336 матчей, 38 команд)
2026-04-12 15:25:14 | INFO | 📊 Загрузка 🇬🇧 Англия: Премьер-лига...
2026-04-12 15:25:14 | INFO | ✅ Модель загружена: C:\Users\taran\Training_Main_bot\data\epl\model.pkl
2026-04-12 15:25:14 | INFO |    ↳ Модель загружена из кэша
2026-04-12 15:25:14 | INFO | 📥 Загрузка данных из C:\Users\taran\Training_Main_bot\data\epl\matches.csv
2026-04-12 15:25:14 | INFO | ✅ Файл прочитан (кодировка: utf-8)
2026-04-12 15:25:15 | INFO | ✅ Дни отдыха рассчитаны
2026-04-12 15:25:15 | INFO | ✅ Загружено 1520 матчей
2026-04-12 15:25:15 | INFO | ✅ 🇬🇧 Англия: Премьер-лига загружена (1520 матчей, 26 команд)
2026-04-12 15:25:15 | INFO | 📊 Загрузка 🇩🇪 Бундеслига...
2026-04-12 15:25:15 | INFO | ✅ Модель загружена: C:\Users\taran\Training_Main_bot\data\bundesliga\model.pkl
2026-04-12 15:25:15 | INFO |    ↳ Модель загружена из кэша
2026-04-12 15:25:15 | INFO | 📥 Загрузка данных из C:\Users\taran\Training_Main_bot\data\bundesliga\matches.csv
2026-04-12 15:25:15 | INFO | ✅ Файл прочитан (кодировка: utf-8)
2026-04-12 15:25:15 | INFO | ✅ Дни отдыха рассчитаны
2026-04-12 15:25:15 | INFO | ✅ Загружено 1224 матчей
2026-04-12 15:25:15 | INFO | ✅ 🇩🇪 Бундеслига загружена (1224 матчей, 22 команд)
2026-04-12 15:25:15 | INFO | 📊 Загрузка 🇮🇹 Серия A...
2026-04-12 15:25:15 | INFO | ✅ Модель загружена: C:\Users\taran\Training_Main_bot\data\seriaA\model.pkl
2026-04-12 15:25:15 | INFO |    ↳ Модель загружена из кэша
2026-04-12 15:25:15 | INFO | 📥 Загрузка данных из C:\Users\taran\Training_Main_bot\data\seriaA\matches.csv
2026-04-12 15:25:16 | INFO | ✅ Файл прочитан (кодировка: utf-8)
2026-04-12 15:25:16 | INFO | ✅ Дни отдыха рассчитаны
2026-04-12 15:25:16 | INFO | ✅ Загружено 1520 матчей
2026-04-12 15:25:16 | INFO | ✅ 🇮🇹 Серия A загружена (1520 матчей, 27 команд)
2026-04-12 15:25:16 | INFO | 📊 Загрузка 🇪🇸 Ла Лига...
2026-04-12 15:25:16 | INFO | ✅ Модель загружена: C:\Users\taran\Training_Main_bot\data\laLiga\model.pkl
2026-04-12 15:25:16 | INFO |    ↳ Модель загружена из кэша
2026-04-12 15:25:16 | INFO | 📥 Загрузка данных из C:\Users\taran\Training_Main_bot\data\laLiga\matches.csv
2026-04-12 15:25:16 | INFO | ✅ Файл прочитан (кодировка: utf-8)
2026-04-12 15:25:17 | INFO | ✅ Дни отдыха рассчитаны
2026-04-12 15:25:17 | INFO | ✅ Загружено 1520 матчей
2026-04-12 15:25:17 | INFO | ✅ 🇪🇸 Ла Лига загружена (1520 матчей, 26 команд)
2026-04-12 15:25:17 | INFO | 📊 Загрузка 🇫🇷 Лига 1...
2026-04-12 15:25:17 | INFO | ✅ Модель загружена: C:\Users\taran\Training_Main_bot\data\ligue1\model.pkl
2026-04-12 15:25:17 | INFO |    ↳ Модель загружена из кэша
2026-04-12 15:25:17 | INFO | 📥 Загрузка данных из C:\Users\taran\Training_Main_bot\data\ligue1\matches.csv
2026-04-12 15:25:17 | INFO | ✅ Файл прочитан (кодировка: utf-8)
2026-04-12 15:25:17 | INFO | ✅ Дни отдыха рассчитаны
2026-04-12 15:25:17 | INFO | ✅ Загружено 1446 матчей
2026-04-12 15:25:17 | INFO | ✅ 🇫🇷 Лига 1 загружена (1446 матчей, 26 команд)
2026-04-12 15:25:17 | INFO | 📊 Загрузка Лига чемпионов 🏆...
2026-04-12 15:25:18 | INFO | ✅ Модель загружена: C:\Users\taran\Training_Main_bot\data\champions_league\model.pkl
2026-04-12 15:25:18 | INFO |    ↳ Модель загружена из кэша
2026-04-12 15:25:18 | INFO | 📥 Загрузка данных из C:\Users\taran\Training_Main_bot\data\champions_league\matches.csv
2026-04-12 15:25:18 | INFO | ✅ Файл прочитан (кодировка: utf-8)
2026-04-12 15:25:18 | INFO | ✅ Дни отдыха рассчитаны
2026-04-12 15:25:18 | INFO | ✅ Загружено 135 матчей
2026-04-12 15:25:18 | INFO | ✅ Лига чемпионов 🏆 загружена (135 матчей, 36 команд)
2026-04-12 15:25:18 | INFO | 📊 Загрузка 🇳🇱 Эредивизи...
2026-04-12 15:25:18 | INFO | ✅ Модель загружена: C:\Users\taran\Training_Main_bot\data\eredivisise\model.pkl
2026-04-12 15:25:18 | INFO |    ↳ Модель загружена из кэша
2026-04-12 15:25:18 | INFO | 📥 Загрузка данных из C:\Users\taran\Training_Main_bot\data\eredivisise\matches.csv
2026-04-12 15:25:18 | INFO | ✅ Файл прочитан (кодировка: utf-8)
2026-04-12 15:25:18 | INFO | ✅ Дни отдыха рассчитаны
2026-04-12 15:25:18 | INFO | ✅ Загружено 1224 матчей
2026-04-12 15:25:18 | INFO | ✅ 🇳🇱 Эредивизи загружена (1224 матчей, 24 команд)
2026-04-12 15:25:18 | INFO | 📊 Загрузка 🇵🇹 Португальская Лига...
2026-04-12 15:25:18 | INFO | ✅ Модель загружена: C:\Users\taran\Training_Main_bot\data\portugueseLiga\model.pkl
2026-04-12 15:25:18 | INFO |    ↳ Модель загружена из кэша
2026-04-12 15:25:18 | INFO | 📥 Загрузка данных из C:\Users\taran\Training_Main_bot\data\portugueseLiga\matches.csv
2026-04-12 15:25:18 | INFO | ✅ Файл прочитан (кодировка: utf-8)
2026-04-12 15:25:19 | INFO | ✅ Дни отдыха рассчитаны
2026-04-12 15:25:19 | INFO | ✅ Загружено 1224 матчей
2026-04-12 15:25:19 | INFO | ✅ 🇵🇹 Португальская Лига загружена (1224 матчей, 24 команд)
2026-04-12 15:25:19 | INFO | ✅ Загружено 9 моделей, 249 уникальных команд
2026-04-12 15:25:19 | INFO | Start polling
2026-04-12 15:25:19 | INFO | Run polling for bot @FootPrognosticBot id=8224983369 - 'my_football_bot'
2026-04-12 15:25:33 | INFO | Update id=354055947 is handled. Duration 268 ms by bot id=8224983369
2026-04-12 15:25:38 | INFO | Update id=354055948 is handled. Duration 128 ms by bot id=8224983369
2026-04-12 15:25:47 | INFO | Polling stopped
2026-04-12 15:25:48 | INFO | Polling stopped for bot @FootPrognosticBot id=8224983369 - 'my_football_bot'
2026-04-12 15:25:55 | INFO | 🔄 Загрузка моделей и команд...
2026-04-12 15:25:55 | INFO | 📊 Загрузка 🇷🇺 РПЛ...
2026-04-12 15:25:55 | INFO | ✅ Модель загружена: C:\Users\taran\Training_Main_bot\data\rpl\model.pkl
2026-04-12 15:25:55 | INFO |    ↳ Модель загружена из кэша
2026-04-12 15:25:55 | INFO | 📥 Загрузка данных из C:\Users\taran\Training_Main_bot\data\rpl\matches.csv
2026-04-12 15:25:55 | INFO | ✅ Файл прочитан (кодировка: utf-8)
2026-04-12 15:25:57 | INFO | ✅ Дни отдыха рассчитаны
2026-04-12 15:25:57 | INFO | ✅ Загружено 3336 матчей
2026-04-12 15:25:57 | INFO | ✅ 🇷🇺 РПЛ загружена (3336 матчей, 38 команд)
2026-04-12 15:25:57 | INFO | 📊 Загрузка 🇬🇧 Англия: Премьер-лига...
2026-04-12 15:25:57 | INFO | ✅ Модель загружена: C:\Users\taran\Training_Main_bot\data\epl\model.pkl
2026-04-12 15:25:57 | INFO |    ↳ Модель загружена из кэша
2026-04-12 15:25:57 | INFO | 📥 Загрузка данных из C:\Users\taran\Training_Main_bot\data\epl\matches.csv
2026-04-12 15:25:57 | INFO | ✅ Файл прочитан (кодировка: utf-8)
2026-04-12 15:25:58 | INFO | ✅ Дни отдыха рассчитаны
2026-04-12 15:25:58 | INFO | ✅ Загружено 1520 матчей
2026-04-12 15:25:58 | INFO | ✅ 🇬🇧 Англия: Премьер-лига загружена (1520 матчей, 26 команд)
2026-04-12 15:25:58 | INFO | 📊 Загрузка 🇩🇪 Бундеслига...
2026-04-12 15:25:58 | INFO | ✅ Модель загружена: C:\Users\taran\Training_Main_bot\data\bundesliga\model.pkl
2026-04-12 15:25:58 | INFO |    ↳ Модель загружена из кэша
2026-04-12 15:25:58 | INFO | 📥 Загрузка данных из C:\Users\taran\Training_Main_bot\data\bundesliga\matches.csv
2026-04-12 15:25:58 | INFO | ✅ Файл прочитан (кодировка: utf-8)
2026-04-12 15:25:58 | INFO | ✅ Дни отдыха рассчитаны
2026-04-12 15:25:58 | INFO | ✅ Загружено 1224 матчей
2026-04-12 15:25:58 | INFO | ✅ 🇩🇪 Бундеслига загружена (1224 матчей, 22 команд)
2026-04-12 15:25:58 | INFO | 📊 Загрузка 🇮🇹 Серия A...
2026-04-12 15:25:58 | INFO | ✅ Модель загружена: C:\Users\taran\Training_Main_bot\data\seriaA\model.pkl
2026-04-12 15:25:58 | INFO |    ↳ Модель загружена из кэша
2026-04-12 15:25:58 | INFO | 📥 Загрузка данных из C:\Users\taran\Training_Main_bot\data\seriaA\matches.csv
2026-04-12 15:25:58 | INFO | ✅ Файл прочитан (кодировка: utf-8)
2026-04-12 15:25:59 | INFO | ✅ Дни отдыха рассчитаны
2026-04-12 15:25:59 | INFO | ✅ Загружено 1520 матчей
2026-04-12 15:25:59 | INFO | ✅ 🇮🇹 Серия A загружена (1520 матчей, 27 команд)
2026-04-12 15:25:59 | INFO | 📊 Загрузка 🇪🇸 Ла Лига...
2026-04-12 15:25:59 | INFO | ✅ Модель загружена: C:\Users\taran\Training_Main_bot\data\laLiga\model.pkl
2026-04-12 15:25:59 | INFO |    ↳ Модель загружена из кэша
2026-04-12 15:25:59 | INFO | 📥 Загрузка данных из C:\Users\taran\Training_Main_bot\data\laLiga\matches.csv
2026-04-12 15:25:59 | INFO | ✅ Файл прочитан (кодировка: utf-8)
2026-04-12 15:26:00 | INFO | ✅ Дни отдыха рассчитаны
2026-04-12 15:26:00 | INFO | ✅ Загружено 1520 матчей
2026-04-12 15:26:00 | INFO | ✅ 🇪🇸 Ла Лига загружена (1520 матчей, 26 команд)
2026-04-12 15:26:00 | INFO | 📊 Загрузка 🇫🇷 Лига 1...
2026-04-12 15:26:00 | INFO | ✅ Модель загружена: C:\Users\taran\Training_Main_bot\data\ligue1\model.pkl
2026-04-12 15:26:00 | INFO |    ↳ Модель загружена из кэша
2026-04-12 15:26:00 | INFO | 📥 Загрузка данных из C:\Users\taran\Training_Main_bot\data\ligue1\matches.csv
2026-04-12 15:26:00 | INFO | ✅ Файл прочитан (кодировка: utf-8)
2026-04-12 15:26:00 | INFO | ✅ Дни отдыха рассчитаны
2026-04-12 15:26:00 | INFO | ✅ Загружено 1446 матчей
2026-04-12 15:26:00 | INFO | ✅ 🇫🇷 Лига 1 загружена (1446 матчей, 26 команд)
2026-04-12 15:26:00 | INFO | 📊 Загрузка Лига чемпионов 🏆...
2026-04-12 15:26:01 | INFO | ✅ Модель загружена: C:\Users\taran\Training_Main_bot\data\champions_league\model.pkl
2026-04-12 15:26:01 | INFO |    ↳ Модель загружена из кэша
2026-04-12 15:26:01 | INFO | 📥 Загрузка данных из C:\Users\taran\Training_Main_bot\data\champions_league\matches.csv
2026-04-12 15:26:01 | INFO | ✅ Файл прочитан (кодировка: utf-8)
2026-04-12 15:26:01 | INFO | ✅ Дни отдыха рассчитаны
2026-04-12 15:26:01 | INFO | ✅ Загружено 135 матчей
2026-04-12 15:26:01 | INFO | ✅ Лига чемпионов 🏆 загружена (135 матчей, 36 команд)
2026-04-12 15:26:01 | INFO | 📊 Загрузка 🇳🇱 Эредивизи...
2026-04-12 15:26:01 | INFO | ✅ Модель загружена: C:\Users\taran\Training_Main_bot\data\eredivisise\model.pkl
2026-04-12 15:26:01 | INFO |    ↳ Модель загружена из кэша
2026-04-12 15:26:01 | INFO | 📥 Загрузка данных из C:\Users\taran\Training_Main_bot\data\eredivisise\matches.csv
2026-04-12 15:26:01 | INFO | ✅ Файл прочитан (кодировка: utf-8)
2026-04-12 15:26:01 | INFO | ✅ Дни отдыха рассчитаны
2026-04-12 15:26:01 | INFO | ✅ Загружено 1224 матчей
2026-04-12 15:26:01 | INFO | ✅ 🇳🇱 Эредивизи загружена (1224 матчей, 24 команд)
2026-04-12 15:26:01 | INFO | 📊 Загрузка 🇵🇹 Португальская Лига...
2026-04-12 15:26:01 | INFO | ✅ Модель загружена: C:\Users\taran\Training_Main_bot\data\portugueseLiga\model.pkl
2026-04-12 15:26:01 | INFO |    ↳ Модель загружена из кэша
2026-04-12 15:26:01 | INFO | 📥 Загрузка данных из C:\Users\taran\Training_Main_bot\data\portugueseLiga\matches.csv
2026-04-12 15:26:01 | INFO | ✅ Файл прочитан (кодировка: utf-8)
2026-04-12 15:26:02 | INFO | ✅ Дни отдыха рассчитаны
2026-04-12 15:26:02 | INFO | ✅ Загружено 1224 матчей
2026-04-12 15:26:02 | INFO | ✅ 🇵🇹 Португальская Лига загружена (1224 матчей, 24 команд)
2026-04-12 15:26:02 | INFO | ✅ Загружено 9 моделей, 249 уникальных команд
2026-04-12 15:26:02 | INFO | Start polling
2026-04-12 15:26:02 | INFO | Run polling for bot @FootPrognosticBot id=8224983369 - 'my_football_bot'
2026-04-12 15:26:09 | INFO | Update id=354055949 is handled. Duration 248 ms by bot id=8224983369
2026-04-12 15:26:11 | INFO | Update id=354055950 is handled. Duration 109 ms by bot id=8224983369
2026-04-12 15:26:16 | INFO | Polling stopped
2026-04-12 15:26:16 | INFO | Polling stopped for bot @FootPrognosticBot id=8224983369 - 'my_football_bot'
2026-04-12 15:26:32 | INFO | 🔄 Загрузка моделей и команд...
2026-04-12 15:26:32 | INFO | 📊 Загрузка 🇷🇺 РПЛ...
2026-04-12 15:26:32 | INFO | ✅ Модель загружена: C:\Users\taran\Training_Main_bot\data\rpl\model.pkl
2026-04-12 15:26:32 | INFO |    ↳ Модель загружена из кэша
2026-04-12 15:26:32 | INFO | 📥 Загрузка данных из C:\Users\taran\Training_Main_bot\data\rpl\matches.csv
2026-04-12 15:26:32 | INFO | ✅ Файл прочитан (кодировка: utf-8)
2026-04-12 15:26:34 | INFO | ✅ Дни отдыха рассчитаны
2026-04-12 15:26:34 | INFO | ✅ Загружено 3336 матчей
2026-04-12 15:26:34 | INFO | ✅ 🇷🇺 РПЛ загружена (3336 матчей, 38 команд)
2026-04-12 15:26:34 | INFO | 📊 Загрузка 🇬🇧 Англия: Премьер-лига...
2026-04-12 15:26:34 | INFO | ✅ Модель загружена: C:\Users\taran\Training_Main_bot\data\epl\model.pkl
2026-04-12 15:26:34 | INFO |    ↳ Модель загружена из кэша
2026-04-12 15:26:34 | INFO | 📥 Загрузка данных из C:\Users\taran\Training_Main_bot\data\epl\matches.csv
2026-04-12 15:26:34 | INFO | ✅ Файл прочитан (кодировка: utf-8)
2026-04-12 15:26:35 | INFO | ✅ Дни отдыха рассчитаны
2026-04-12 15:26:35 | INFO | ✅ Загружено 1520 матчей
2026-04-12 15:26:35 | INFO | ✅ 🇬🇧 Англия: Премьер-лига загружена (1520 матчей, 26 команд)
2026-04-12 15:26:35 | INFO | 📊 Загрузка 🇩🇪 Бундеслига...
2026-04-12 15:26:35 | INFO | ✅ Модель загружена: C:\Users\taran\Training_Main_bot\data\bundesliga\model.pkl
2026-04-12 15:26:35 | INFO |    ↳ Модель загружена из кэша
2026-04-12 15:26:35 | INFO | 📥 Загрузка данных из C:\Users\taran\Training_Main_bot\data\bundesliga\matches.csv
2026-04-12 15:26:35 | INFO | ✅ Файл прочитан (кодировка: utf-8)
2026-04-12 15:26:36 | INFO | ✅ Дни отдыха рассчитаны
2026-04-12 15:26:36 | INFO | ✅ Загружено 1224 матчей
2026-04-12 15:26:36 | INFO | ✅ 🇩🇪 Бундеслига загружена (1224 матчей, 22 команд)
2026-04-12 15:26:36 | INFO | 📊 Загрузка 🇮🇹 Серия A...
2026-04-12 15:26:36 | INFO | ✅ Модель загружена: C:\Users\taran\Training_Main_bot\data\seriaA\model.pkl
2026-04-12 15:26:36 | INFO |    ↳ Модель загружена из кэша
2026-04-12 15:26:36 | INFO | 📥 Загрузка данных из C:\Users\taran\Training_Main_bot\data\seriaA\matches.csv
2026-04-12 15:26:36 | INFO | ✅ Файл прочитан (кодировка: utf-8)
2026-04-12 15:26:36 | INFO | ✅ Дни отдыха рассчитаны
2026-04-12 15:26:36 | INFO | ✅ Загружено 1520 матчей
2026-04-12 15:26:36 | INFO | ✅ 🇮🇹 Серия A загружена (1520 матчей, 27 команд)
2026-04-12 15:26:36 | INFO | 📊 Загрузка 🇪🇸 Ла Лига...
2026-04-12 15:26:36 | INFO | ✅ Модель загружена: C:\Users\taran\Training_Main_bot\data\laLiga\model.pkl
2026-04-12 15:26:36 | INFO |    ↳ Модель загружена из кэша
2026-04-12 15:26:36 | INFO | 📥 Загрузка данных из C:\Users\taran\Training_Main_bot\data\laLiga\matches.csv
2026-04-12 15:26:37 | INFO | ✅ Файл прочитан (кодировка: utf-8)
2026-04-12 15:26:37 | INFO | ✅ Дни отдыха рассчитаны
2026-04-12 15:26:37 | INFO | ✅ Загружено 1520 матчей
2026-04-12 15:26:37 | INFO | ✅ 🇪🇸 Ла Лига загружена (1520 матчей, 26 команд)
2026-04-12 15:26:37 | INFO | 📊 Загрузка 🇫🇷 Лига 1...
2026-04-12 15:26:37 | INFO | ✅ Модель загружена: C:\Users\taran\Training_Main_bot\data\ligue1\model.pkl
2026-04-12 15:26:37 | INFO |    ↳ Модель загружена из кэша
2026-04-12 15:26:37 | INFO | 📥 Загрузка данных из C:\Users\taran\Training_Main_bot\data\ligue1\matches.csv
2026-04-12 15:26:37 | INFO | ✅ Файл прочитан (кодировка: utf-8)
2026-04-12 15:26:38 | INFO | ✅ Дни отдыха рассчитаны
2026-04-12 15:26:38 | INFO | ✅ Загружено 1446 матчей
2026-04-12 15:26:38 | INFO | ✅ 🇫🇷 Лига 1 загружена (1446 матчей, 26 команд)
2026-04-12 15:26:38 | INFO | 📊 Загрузка Лига чемпионов 🏆...
2026-04-12 15:26:38 | INFO | ✅ Модель загружена: C:\Users\taran\Training_Main_bot\data\champions_league\model.pkl
2026-04-12 15:26:38 | INFO |    ↳ Модель загружена из кэша
2026-04-12 15:26:38 | INFO | 📥 Загрузка данных из C:\Users\taran\Training_Main_bot\data\champions_league\matches.csv
2026-04-12 15:26:38 | INFO | ✅ Файл прочитан (кодировка: utf-8)
2026-04-12 15:26:38 | INFO | ✅ Дни отдыха рассчитаны
2026-04-12 15:26:38 | INFO | ✅ Загружено 135 матчей
2026-04-12 15:26:38 | INFO | ✅ Лига чемпионов 🏆 загружена (135 матчей, 36 команд)
2026-04-12 15:26:38 | INFO | 📊 Загрузка 🇳🇱 Эредивизи...
2026-04-12 15:26:38 | INFO | ✅ Модель загружена: C:\Users\taran\Training_Main_bot\data\eredivisise\model.pkl
2026-04-12 15:26:38 | INFO |    ↳ Модель загружена из кэша
2026-04-12 15:26:38 | INFO | 📥 Загрузка данных из C:\Users\taran\Training_Main_bot\data\eredivisise\matches.csv
2026-04-12 15:26:38 | INFO | ✅ Файл прочитан (кодировка: utf-8)
2026-04-12 15:26:39 | INFO | ✅ Дни отдыха рассчитаны
2026-04-12 15:26:39 | INFO | ✅ Загружено 1224 матчей
2026-04-12 15:26:39 | INFO | ✅ 🇳🇱 Эредивизи загружена (1224 матчей, 24 команд)
2026-04-12 15:26:39 | INFO | 📊 Загрузка 🇵🇹 Португальская Лига...
2026-04-12 15:26:39 | INFO | ✅ Модель загружена: C:\Users\taran\Training_Main_bot\data\portugueseLiga\model.pkl
2026-04-12 15:26:39 | INFO |    ↳ Модель загружена из кэша
2026-04-12 15:26:39 | INFO | 📥 Загрузка данных из C:\Users\taran\Training_Main_bot\data\portugueseLiga\matches.csv
2026-04-12 15:26:39 | INFO | ✅ Файл прочитан (кодировка: utf-8)
2026-04-12 15:26:39 | INFO | ✅ Дни отдыха рассчитаны
2026-04-12 15:26:39 | INFO | ✅ Загружено 1224 матчей
2026-04-12 15:26:39 | INFO | ✅ 🇵🇹 Португальская Лига загружена (1224 матчей, 24 команд)
2026-04-12 15:26:39 | INFO | ✅ Загружено 9 моделей, 249 уникальных команд
2026-04-12 15:26:39 | INFO | Start polling
2026-04-12 15:26:41 | INFO | Run polling for bot @FootPrognosticBot id=8224983369 - 'my_football_bot'
2026-04-12 15:26:47 | INFO | Update id=354055951 is handled. Duration 246 ms by bot id=8224983369
2026-04-12 15:26:53 | INFO | Update id=354055952 is handled. Duration 140 ms by bot id=8224983369
2026-04-12 15:42:32 | INFO | Update id=354055953 is handled. Duration 252 ms by bot id=8224983369
2026-04-12 15:42:36 | INFO | Update id=354055954 is handled. Duration 127 ms by bot id=8224983369
2026-04-12 15:42:51 | INFO | Update id=354055955 is not handled. Duration 5 ms by bot id=8224983369
2026-04-12 15:45:55 | INFO | Polling stopped
2026-04-12 15:45:55 | INFO | Polling stopped for bot @FootPrognosticBot id=8224983369 - 'my_football_bot'
2026-04-12 15:47:16 | INFO | 🔄 Загрузка моделей и команд...
2026-04-12 15:47:16 | INFO | 📊 Загрузка 🇷🇺 РПЛ...
2026-04-12 15:47:16 | INFO | ✅ Модель загружена: C:\Users\taran\Training_Main_bot\data\rpl\model.pkl
2026-04-12 15:47:16 | INFO |    ↳ Модель загружена из кэша
2026-04-12 15:47:16 | INFO | 📥 Загрузка данных из C:\Users\taran\Training_Main_bot\data\rpl\matches.csv
2026-04-12 15:47:16 | INFO | ✅ Файл прочитан (кодировка: utf-8)
2026-04-12 15:47:19 | INFO | ✅ Дни отдыха рассчитаны
2026-04-12 15:47:19 | INFO | ✅ Загружено 3336 матчей
2026-04-12 15:47:19 | INFO | ✅ 🇷🇺 РПЛ загружена (3336 матчей, 38 команд)
2026-04-12 15:47:19 | INFO | 📊 Загрузка 🇬🇧 Англия: Премьер-лига...
2026-04-12 15:47:20 | INFO | ✅ Модель загружена: C:\Users\taran\Training_Main_bot\data\epl\model.pkl
2026-04-12 15:47:20 | INFO |    ↳ Модель загружена из кэша
2026-04-12 15:47:20 | INFO | 📥 Загрузка данных из C:\Users\taran\Training_Main_bot\data\epl\matches.csv
2026-04-12 15:47:20 | INFO | ✅ Файл прочитан (кодировка: utf-8)
2026-04-12 15:47:22 | INFO | ✅ Дни отдыха рассчитаны
2026-04-12 15:47:22 | INFO | ✅ Загружено 1520 матчей
2026-04-12 15:47:22 | INFO | ✅ 🇬🇧 Англия: Премьер-лига загружена (1520 матчей, 26 команд)
2026-04-12 15:47:22 | INFO | 📊 Загрузка 🇩🇪 Бундеслига...
2026-04-12 15:47:22 | INFO | ✅ Модель загружена: C:\Users\taran\Training_Main_bot\data\bundesliga\model.pkl
2026-04-12 15:47:22 | INFO |    ↳ Модель загружена из кэша
2026-04-12 15:47:22 | INFO | 📥 Загрузка данных из C:\Users\taran\Training_Main_bot\data\bundesliga\matches.csv
2026-04-12 15:47:22 | INFO | ✅ Файл прочитан (кодировка: utf-8)
2026-04-12 15:47:23 | INFO | ✅ Дни отдыха рассчитаны
2026-04-12 15:47:23 | INFO | ✅ Загружено 1224 матчей
2026-04-12 15:47:23 | INFO | ✅ 🇩🇪 Бундеслига загружена (1224 матчей, 22 команд)
2026-04-12 15:47:23 | INFO | 📊 Загрузка 🇮🇹 Серия A...
2026-04-12 15:47:23 | INFO | ✅ Модель загружена: C:\Users\taran\Training_Main_bot\data\seriaA\model.pkl
2026-04-12 15:47:23 | INFO |    ↳ Модель загружена из кэша
2026-04-12 15:47:23 | INFO | 📥 Загрузка данных из C:\Users\taran\Training_Main_bot\data\seriaA\matches.csv
2026-04-12 15:47:24 | INFO | ✅ Файл прочитан (кодировка: utf-8)
2026-04-12 15:47:25 | INFO | ✅ Дни отдыха рассчитаны
2026-04-12 15:47:25 | INFO | ✅ Загружено 1520 матчей
2026-04-12 15:47:25 | INFO | ✅ 🇮🇹 Серия A загружена (1520 матчей, 27 команд)
2026-04-12 15:47:25 | INFO | 📊 Загрузка 🇪🇸 Ла Лига...
2026-04-12 15:47:25 | INFO | ✅ Модель загружена: C:\Users\taran\Training_Main_bot\data\laLiga\model.pkl
2026-04-12 15:47:25 | INFO |    ↳ Модель загружена из кэша
2026-04-12 15:47:25 | INFO | 📥 Загрузка данных из C:\Users\taran\Training_Main_bot\data\laLiga\matches.csv
2026-04-12 15:47:25 | INFO | ✅ Файл прочитан (кодировка: utf-8)
2026-04-12 15:47:26 | INFO | ✅ Дни отдыха рассчитаны
2026-04-12 15:47:26 | INFO | ✅ Загружено 1520 матчей
2026-04-12 15:47:26 | INFO | ✅ 🇪🇸 Ла Лига загружена (1520 матчей, 26 команд)
2026-04-12 15:47:26 | INFO | 📊 Загрузка 🇫🇷 Лига 1...
2026-04-12 15:47:27 | INFO | ✅ Модель загружена: C:\Users\taran\Training_Main_bot\data\ligue1\model.pkl
2026-04-12 15:47:27 | INFO |    ↳ Модель загружена из кэша
2026-04-12 15:47:27 | INFO | 📥 Загрузка данных из C:\Users\taran\Training_Main_bot\data\ligue1\matches.csv
2026-04-12 15:47:27 | INFO | ✅ Файл прочитан (кодировка: utf-8)
2026-04-12 15:47:28 | INFO | ✅ Дни отдыха рассчитаны
2026-04-12 15:47:28 | INFO | ✅ Загружено 1446 матчей
2026-04-12 15:47:28 | INFO | ✅ 🇫🇷 Лига 1 загружена (1446 матчей, 26 команд)
2026-04-12 15:47:28 | INFO | 📊 Загрузка Лига чемпионов 🏆...
2026-04-12 15:47:28 | INFO | ✅ Модель загружена: C:\Users\taran\Training_Main_bot\data\champions_league\model.pkl
2026-04-12 15:47:28 | INFO |    ↳ Модель загружена из кэша
2026-04-12 15:47:28 | INFO | 📥 Загрузка данных из C:\Users\taran\Training_Main_bot\data\champions_league\matches.csv
2026-04-12 15:47:28 | INFO | ✅ Файл прочитан (кодировка: utf-8)
2026-04-12 15:47:28 | INFO | ✅ Дни отдыха рассчитаны
2026-04-12 15:47:28 | INFO | ✅ Загружено 135 матчей
2026-04-12 15:47:28 | INFO | ✅ Лига чемпионов 🏆 загружена (135 матчей, 36 команд)
2026-04-12 15:47:28 | INFO | 📊 Загрузка 🇳🇱 Эредивизи...
2026-04-12 15:47:28 | INFO | ✅ Модель загружена: C:\Users\taran\Training_Main_bot\data\eredivisise\model.pkl
2026-04-12 15:47:28 | INFO |    ↳ Модель загружена из кэша
2026-04-12 15:47:28 | INFO | 📥 Загрузка данных из C:\Users\taran\Training_Main_bot\data\eredivisise\matches.csv
2026-04-12 15:47:29 | INFO | ✅ Файл прочитан (кодировка: utf-8)
2026-04-12 15:47:30 | INFO | ✅ Дни отдыха рассчитаны
2026-04-12 15:47:30 | INFO | ✅ Загружено 1224 матчей
2026-04-12 15:47:30 | INFO | ✅ 🇳🇱 Эредивизи загружена (1224 матчей, 24 команд)
2026-04-12 15:47:30 | INFO | 📊 Загрузка 🇵🇹 Португальская Лига...
2026-04-12 15:47:30 | INFO | ✅ Модель загружена: C:\Users\taran\Training_Main_bot\data\portugueseLiga\model.pkl
2026-04-12 15:47:30 | INFO |    ↳ Модель загружена из кэша
2026-04-12 15:47:30 | INFO | 📥 Загрузка данных из C:\Users\taran\Training_Main_bot\data\portugueseLiga\matches.csv
2026-04-12 15:47:30 | INFO | ✅ Файл прочитан (кодировка: utf-8)
2026-04-12 15:47:31 | INFO | ✅ Дни отдыха рассчитаны
2026-04-12 15:47:31 | INFO | ✅ Загружено 1224 матчей
2026-04-12 15:47:31 | INFO | ✅ 🇵🇹 Португальская Лига загружена (1224 матчей, 24 команд)
2026-04-12 15:47:31 | INFO | ✅ Загружено 9 моделей, 249 уникальных команд
2026-04-12 15:47:31 | INFO | Start polling
2026-04-12 15:47:31 | INFO | Run polling for bot @FootPrognosticBot id=8224983369 - 'my_football_bot'
2026-04-12 15:47:52 | INFO | Update id=354055956 is handled. Duration 224 ms by bot id=8224983369
2026-04-12 15:47:55 | INFO | Update id=354055957 is handled. Duration 216 ms by bot id=8224983369
2026-04-12 15:48:18 | INFO | Update id=354055958 is handled. Duration 108 ms by bot id=8224983369
2026-04-12 15:48:21 | INFO | Update id=354055959 is handled. Duration 689 ms by bot id=8224983369
2026-04-12 15:48:37 | INFO | Update id=354055960 is handled. Duration 168 ms by bot id=8224983369
2026-04-12 15:48:41 | INFO | Update id=354055961 is handled. Duration 112 ms by bot id=8224983369
2026-04-12 15:52:16 | INFO | Update id=354055962 is handled. Duration 123 ms by bot id=8224983369
2026-04-12 15:52:18 | INFO | Update id=354055963 is handled. Duration 216 ms by bot id=8224983369
2026-04-12 15:52:20 | INFO | Update id=354055964 is handled. Duration 1077 ms by bot id=8224983369
2026-04-12 15:52:22 | INFO | Update id=354055965 is handled. Duration 107 ms by bot id=8224983369
2026-04-12 15:52:27 | INFO | Update id=354055966 is handled. Duration 110 ms by bot id=8224983369
2026-04-12 15:52:34 | INFO | Update id=354055967 is handled. Duration 104 ms by bot id=8224983369
2026-04-12 15:52:36 | INFO | Update id=354055968 is handled. Duration 207 ms by bot id=8224983369
2026-04-12 16:05:22 | INFO | Polling stopped
2026-04-12 16:05:22 | INFO | Polling stopped for bot @FootPrognosticBot id=8224983369 - 'my_football_bot'
2026-04-12 16:05:41 | INFO | 🔄 Загрузка моделей и команд...
2026-04-12 16:05:41 | INFO | 📊 Загрузка 🇷🇺 РПЛ...
2026-04-12 16:05:41 | INFO | ✅ Модель загружена: C:\Users\taran\Training_Main_bot\data\rpl\model.pkl
2026-04-12 16:05:41 | INFO |    ↳ Модель загружена из кэша
2026-04-12 16:05:41 | INFO | 📥 Загрузка данных из C:\Users\taran\Training_Main_bot\data\rpl\matches.csv
2026-04-12 16:05:42 | INFO | ✅ Файл прочитан (кодировка: utf-8)
2026-04-12 16:05:44 | INFO | ✅ Дни отдыха рассчитаны
2026-04-12 16:05:44 | INFO | ✅ Загружено 3336 матчей
2026-04-12 16:05:44 | INFO | ✅ 🇷🇺 РПЛ загружена (3336 матчей, 38 команд)
2026-04-12 16:05:44 | INFO | 📊 Загрузка 🇬🇧 Англия: Премьер-лига...
2026-04-12 16:05:44 | INFO | ✅ Модель загружена: C:\Users\taran\Training_Main_bot\data\epl\model.pkl
2026-04-12 16:05:44 | INFO |    ↳ Модель загружена из кэша
2026-04-12 16:05:44 | INFO | 📥 Загрузка данных из C:\Users\taran\Training_Main_bot\data\epl\matches.csv
2026-04-12 16:05:44 | INFO | ✅ Файл прочитан (кодировка: utf-8)
2026-04-12 16:05:45 | INFO | ✅ Дни отдыха рассчитаны
2026-04-12 16:05:45 | INFO | ✅ Загружено 1520 матчей
2026-04-12 16:05:45 | INFO | ✅ 🇬🇧 Англия: Премьер-лига загружена (1520 матчей, 26 команд)
2026-04-12 16:05:45 | INFO | 📊 Загрузка 🇩🇪 Бундеслига...
2026-04-12 16:05:46 | INFO | ✅ Модель загружена: C:\Users\taran\Training_Main_bot\data\bundesliga\model.pkl
2026-04-12 16:05:46 | INFO |    ↳ Модель загружена из кэша
2026-04-12 16:05:46 | INFO | 📥 Загрузка данных из C:\Users\taran\Training_Main_bot\data\bundesliga\matches.csv
2026-04-12 16:05:46 | INFO | ✅ Файл прочитан (кодировка: utf-8)
2026-04-12 16:05:47 | INFO | ✅ Дни отдыха рассчитаны
2026-04-12 16:05:47 | INFO | ✅ Загружено 1224 матчей
2026-04-12 16:05:47 | INFO | ✅ 🇩🇪 Бундеслига загружена (1224 матчей, 22 команд)
2026-04-12 16:05:47 | INFO | 📊 Загрузка 🇮🇹 Серия A...
2026-04-12 16:05:47 | INFO | ✅ Модель загружена: C:\Users\taran\Training_Main_bot\data\seriaA\model.pkl
2026-04-12 16:05:47 | INFO |    ↳ Модель загружена из кэша
2026-04-12 16:05:47 | INFO | 📥 Загрузка данных из C:\Users\taran\Training_Main_bot\data\seriaA\matches.csv
2026-04-12 16:05:47 | INFO | ✅ Файл прочитан (кодировка: utf-8)
2026-04-12 16:05:48 | INFO | ✅ Дни отдыха рассчитаны
2026-04-12 16:05:48 | INFO | ✅ Загружено 1520 матчей
2026-04-12 16:05:48 | INFO | ✅ 🇮🇹 Серия A загружена (1520 матчей, 27 команд)
2026-04-12 16:05:48 | INFO | 📊 Загрузка 🇪🇸 Ла Лига...
2026-04-12 16:05:48 | INFO | ✅ Модель загружена: C:\Users\taran\Training_Main_bot\data\laLiga\model.pkl
2026-04-12 16:05:48 | INFO |    ↳ Модель загружена из кэша
2026-04-12 16:05:48 | INFO | 📥 Загрузка данных из C:\Users\taran\Training_Main_bot\data\laLiga\matches.csv
2026-04-12 16:05:48 | INFO | ✅ Файл прочитан (кодировка: utf-8)
2026-04-12 16:05:49 | INFO | ✅ Дни отдыха рассчитаны
2026-04-12 16:05:49 | INFO | ✅ Загружено 1520 матчей
2026-04-12 16:05:49 | INFO | ✅ 🇪🇸 Ла Лига загружена (1520 матчей, 26 команд)
2026-04-12 16:05:49 | INFO | 📊 Загрузка 🇫🇷 Лига 1...
2026-04-12 16:05:50 | INFO | ✅ Модель загружена: C:\Users\taran\Training_Main_bot\data\ligue1\model.pkl
2026-04-12 16:05:50 | INFO |    ↳ Модель загружена из кэша
2026-04-12 16:05:50 | INFO | 📥 Загрузка данных из C:\Users\taran\Training_Main_bot\data\ligue1\matches.csv
2026-04-12 16:05:50 | INFO | ✅ Файл прочитан (кодировка: utf-8)
2026-04-12 16:05:51 | INFO | ✅ Дни отдыха рассчитаны
2026-04-12 16:05:51 | INFO | ✅ Загружено 1446 матчей
2026-04-12 16:05:51 | INFO | ✅ 🇫🇷 Лига 1 загружена (1446 матчей, 26 команд)
2026-04-12 16:05:51 | INFO | 📊 Загрузка Лига чемпионов 🏆...
2026-04-12 16:05:51 | INFO | ✅ Модель загружена: C:\Users\taran\Training_Main_bot\data\champions_league\model.pkl
2026-04-12 16:05:51 | INFO |    ↳ Модель загружена из кэша
2026-04-12 16:05:51 | INFO | 📥 Загрузка данных из C:\Users\taran\Training_Main_bot\data\champions_league\matches.csv
2026-04-12 16:05:51 | INFO | ✅ Файл прочитан (кодировка: utf-8)
2026-04-12 16:05:51 | INFO | ✅ Дни отдыха рассчитаны
2026-04-12 16:05:51 | INFO | ✅ Загружено 135 матчей
2026-04-12 16:05:51 | INFO | ✅ Лига чемпионов 🏆 загружена (135 матчей, 36 команд)
2026-04-12 16:05:51 | INFO | 📊 Загрузка 🇳🇱 Эредивизи...
2026-04-12 16:05:51 | INFO | ✅ Модель загружена: C:\Users\taran\Training_Main_bot\data\eredivisise\model.pkl
2026-04-12 16:05:51 | INFO |    ↳ Модель загружена из кэша
2026-04-12 16:05:51 | INFO | 📥 Загрузка данных из C:\Users\taran\Training_Main_bot\data\eredivisise\matches.csv
2026-04-12 16:05:51 | INFO | ✅ Файл прочитан (кодировка: utf-8)
2026-04-12 16:05:52 | INFO | ✅ Дни отдыха рассчитаны
2026-04-12 16:05:52 | INFO | ✅ Загружено 1224 матчей
2026-04-12 16:05:52 | INFO | ✅ 🇳🇱 Эредивизи загружена (1224 матчей, 24 команд)
2026-04-12 16:05:52 | INFO | 📊 Загрузка 🇵🇹 Португальская Лига...
2026-04-12 16:05:52 | INFO | ✅ Модель загружена: C:\Users\taran\Training_Main_bot\data\portugueseLiga\model.pkl
2026-04-12 16:05:52 | INFO |    ↳ Модель загружена из кэша
2026-04-12 16:05:52 | INFO | 📥 Загрузка данных из C:\Users\taran\Training_Main_bot\data\portugueseLiga\matches.csv
2026-04-12 16:05:52 | INFO | ✅ Файл прочитан (кодировка: utf-8)
2026-04-12 16:05:53 | INFO | ✅ Дни отдыха рассчитаны
2026-04-12 16:05:53 | INFO | ✅ Загружено 1224 матчей
2026-04-12 16:05:53 | INFO | ✅ 🇵🇹 Португальская Лига загружена (1224 матчей, 24 команд)
2026-04-12 16:05:53 | INFO | ✅ Загружено 9 моделей, 249 уникальных команд
2026-04-12 16:05:53 | INFO | Start polling
2026-04-12 16:05:54 | INFO | Run polling for bot @FootPrognosticBot id=8224983369 - 'my_football_bot'
2026-04-12 16:08:29 | INFO | Polling stopped
2026-04-12 16:08:29 | INFO | Polling stopped for bot @FootPrognosticBot id=8224983369 - 'my_football_bot'
2026-04-12 16:09:00 | INFO | 🔄 Загрузка моделей и команд...
2026-04-12 16:09:00 | INFO | 📊 Загрузка 🇷🇺 РПЛ...
2026-04-12 16:09:00 | INFO | ✅ Модель загружена: C:\Users\taran\Training_Main_bot\data\rpl\model.pkl
2026-04-12 16:09:00 | INFO |    ↳ Модель загружена из кэша
2026-04-12 16:09:00 | INFO | 📥 Загрузка данных из C:\Users\taran\Training_Main_bot\data\rpl\matches.csv
2026-04-12 16:09:00 | INFO | ✅ Файл прочитан (кодировка: utf-8)
2026-04-12 16:09:02 | INFO | ✅ Дни отдыха рассчитаны
2026-04-12 16:09:02 | INFO | ✅ Загружено 3336 матчей
2026-04-12 16:09:02 | INFO | ✅ 🇷🇺 РПЛ загружена (3336 матчей, 38 команд)
2026-04-12 16:09:02 | INFO | 📊 Загрузка 🇬🇧 Англия: Премьер-лига...
2026-04-12 16:09:03 | INFO | ✅ Модель загружена: C:\Users\taran\Training_Main_bot\data\epl\model.pkl
2026-04-12 16:09:03 | INFO |    ↳ Модель загружена из кэша
2026-04-12 16:09:03 | INFO | 📥 Загрузка данных из C:\Users\taran\Training_Main_bot\data\epl\matches.csv
2026-04-12 16:09:03 | INFO | ✅ Файл прочитан (кодировка: utf-8)
2026-04-12 16:09:04 | INFO | ✅ Дни отдыха рассчитаны
2026-04-12 16:09:04 | INFO | ✅ Загружено 1520 матчей
2026-04-12 16:09:04 | INFO | ✅ 🇬🇧 Англия: Премьер-лига загружена (1520 матчей, 26 команд)
2026-04-12 16:09:04 | INFO | 📊 Загрузка 🇩🇪 Бундеслига...
2026-04-12 16:09:04 | INFO | ✅ Модель загружена: C:\Users\taran\Training_Main_bot\data\bundesliga\model.pkl
2026-04-12 16:09:04 | INFO |    ↳ Модель загружена из кэша
2026-04-12 16:09:04 | INFO | 📥 Загрузка данных из C:\Users\taran\Training_Main_bot\data\bundesliga\matches.csv
2026-04-12 16:09:04 | INFO | ✅ Файл прочитан (кодировка: utf-8)
2026-04-12 16:09:05 | INFO | ✅ Дни отдыха рассчитаны
2026-04-12 16:09:05 | INFO | ✅ Загружено 1224 матчей
2026-04-12 16:09:05 | INFO | ✅ 🇩🇪 Бундеслига загружена (1224 матчей, 22 команд)
2026-04-12 16:09:05 | INFO | 📊 Загрузка 🇮🇹 Серия A...
2026-04-12 16:09:05 | INFO | ✅ Модель загружена: C:\Users\taran\Training_Main_bot\data\seriaA\model.pkl
2026-04-12 16:09:05 | INFO |    ↳ Модель загружена из кэша
2026-04-12 16:09:05 | INFO | 📥 Загрузка данных из C:\Users\taran\Training_Main_bot\data\seriaA\matches.csv
2026-04-12 16:09:06 | INFO | ✅ Файл прочитан (кодировка: utf-8)
2026-04-12 16:09:07 | INFO | ✅ Дни отдыха рассчитаны
2026-04-12 16:09:07 | INFO | ✅ Загружено 1520 матчей
2026-04-12 16:09:07 | INFO | ✅ 🇮🇹 Серия A загружена (1520 матчей, 27 команд)
2026-04-12 16:09:07 | INFO | 📊 Загрузка 🇪🇸 Ла Лига...
2026-04-12 16:09:07 | INFO | ✅ Модель загружена: C:\Users\taran\Training_Main_bot\data\laLiga\model.pkl
2026-04-12 16:09:07 | INFO |    ↳ Модель загружена из кэша
2026-04-12 16:09:07 | INFO | 📥 Загрузка данных из C:\Users\taran\Training_Main_bot\data\laLiga\matches.csv
2026-04-12 16:09:07 | INFO | ✅ Файл прочитан (кодировка: utf-8)
2026-04-12 16:09:08 | INFO | ✅ Дни отдыха рассчитаны
2026-04-12 16:09:08 | INFO | ✅ Загружено 1520 матчей
2026-04-12 16:09:08 | INFO | ✅ 🇪🇸 Ла Лига загружена (1520 матчей, 26 команд)
2026-04-12 16:09:08 | INFO | 📊 Загрузка 🇫🇷 Лига 1...
2026-04-12 16:09:08 | INFO | ✅ Модель загружена: C:\Users\taran\Training_Main_bot\data\ligue1\model.pkl
2026-04-12 16:09:08 | INFO |    ↳ Модель загружена из кэша
2026-04-12 16:09:08 | INFO | 📥 Загрузка данных из C:\Users\taran\Training_Main_bot\data\ligue1\matches.csv
2026-04-12 16:09:09 | INFO | ✅ Файл прочитан (кодировка: utf-8)
2026-04-12 16:09:10 | INFO | ✅ Дни отдыха рассчитаны
2026-04-12 16:09:10 | INFO | ✅ Загружено 1446 матчей
2026-04-12 16:09:10 | INFO | ✅ 🇫🇷 Лига 1 загружена (1446 матчей, 26 команд)
2026-04-12 16:09:10 | INFO | 📊 Загрузка Лига чемпионов 🏆...
2026-04-12 16:09:10 | INFO | ✅ Модель загружена: C:\Users\taran\Training_Main_bot\data\champions_league\model.pkl
2026-04-12 16:09:10 | INFO |    ↳ Модель загружена из кэша
2026-04-12 16:09:10 | INFO | 📥 Загрузка данных из C:\Users\taran\Training_Main_bot\data\champions_league\matches.csv
2026-04-12 16:09:10 | INFO | ✅ Файл прочитан (кодировка: utf-8)
2026-04-12 16:09:10 | INFO | ✅ Дни отдыха рассчитаны
2026-04-12 16:09:10 | INFO | ✅ Загружено 135 матчей
2026-04-12 16:09:10 | INFO | ✅ Лига чемпионов 🏆 загружена (135 матчей, 36 команд)
2026-04-12 16:09:10 | INFO | 📊 Загрузка 🇳🇱 Эредивизи...
2026-04-12 16:09:10 | INFO | ✅ Модель загружена: C:\Users\taran\Training_Main_bot\data\eredivisise\model.pkl
2026-04-12 16:09:10 | INFO |    ↳ Модель загружена из кэша
2026-04-12 16:09:10 | INFO | 📥 Загрузка данных из C:\Users\taran\Training_Main_bot\data\eredivisise\matches.csv
2026-04-12 16:09:10 | INFO | ✅ Файл прочитан (кодировка: utf-8)
2026-04-12 16:09:11 | INFO | ✅ Дни отдыха рассчитаны
2026-04-12 16:09:11 | INFO | ✅ Загружено 1224 матчей
2026-04-12 16:09:11 | INFO | ✅ 🇳🇱 Эредивизи загружена (1224 матчей, 24 команд)
2026-04-12 16:09:11 | INFO | 📊 Загрузка 🇵🇹 Португальская Лига...
2026-04-12 16:09:11 | INFO | ✅ Модель загружена: C:\Users\taran\Training_Main_bot\data\portugueseLiga\model.pkl
2026-04-12 16:09:11 | INFO |    ↳ Модель загружена из кэша
2026-04-12 16:09:11 | INFO | 📥 Загрузка данных из C:\Users\taran\Training_Main_bot\data\portugueseLiga\matches.csv
2026-04-12 16:09:12 | INFO | ✅ Файл прочитан (кодировка: utf-8)
2026-04-12 16:09:12 | INFO | ✅ Дни отдыха рассчитаны
2026-04-12 16:09:12 | INFO | ✅ Загружено 1224 матчей
2026-04-12 16:09:12 | INFO | ✅ 🇵🇹 Португальская Лига загружена (1224 матчей, 24 команд)
2026-04-12 16:09:12 | INFO | ✅ Загружено 9 моделей, 249 уникальных команд
2026-04-12 16:09:12 | INFO | Start polling
2026-04-12 16:09:13 | INFO | Run polling for bot @FootPrognosticBot id=8224983369 - 'my_football_bot'
2026-04-12 16:10:38 | INFO | Update id=354055969 is handled. Duration 247 ms by bot id=8224983369
2026-04-12 16:10:45 | INFO | Update id=354055970 is handled. Duration 255 ms by bot id=8224983369
2026-04-12 16:10:47 | INFO | Update id=354055971 is handled. Duration 116 ms by bot id=8224983369
2026-04-12 16:10:49 | INFO | Update id=354055972 is handled. Duration 134 ms by bot id=8224983369
2026-04-12 16:11:01 | INFO | Update id=354055973 is handled. Duration 218 ms by bot id=8224983369
2026-04-12 16:11:07 | INFO | Update id=354055974 is handled. Duration 211 ms by bot id=8224983369
2026-04-12 16:11:12 | INFO | Update id=354055975 is handled. Duration 200 ms by bot id=8224983369
2026-04-12 16:11:13 | INFO | Update id=354055976 is handled. Duration 215 ms by bot id=8224983369
2026-04-12 16:11:22 | INFO | Update id=354055977 is handled. Duration 500 ms by bot id=8224983369
2026-04-12 16:11:26 | INFO | Update id=354055978 is handled. Duration 387 ms by bot id=8224983369
2026-04-12 16:13:15 | INFO | Update id=354055979 is handled. Duration 116 ms by bot id=8224983369
2026-04-12 16:13:21 | INFO | Update id=354055980 is handled. Duration 174 ms by bot id=8224983369
2026-04-12 16:13:25 | INFO | Update id=354055981 is handled. Duration 115 ms by bot id=8224983369
2026-04-12 16:13:33 | INFO | Update id=354055982 is handled. Duration 221 ms by bot id=8224983369
2026-04-12 16:13:35 | INFO | Update id=354055983 is handled. Duration 112 ms by bot id=8224983369
2026-04-12 16:13:37 | INFO | Update id=354055984 is handled. Duration 138 ms by bot id=8224983369
2026-04-12 16:13:39 | INFO | Update id=354055985 is handled. Duration 330 ms by bot id=8224983369
2026-04-12 16:13:41 | INFO | Update id=354055986 is handled. Duration 545 ms by bot id=8224983369
2026-04-12 16:18:47 | INFO | Polling stopped
2026-04-12 16:18:47 | INFO | Polling stopped for bot @FootPrognosticBot id=8224983369 - 'my_football_bot'
2026-04-12 16:28:56 | INFO | 🔄 Загрузка моделей и команд...
2026-04-12 16:28:56 | INFO | 📊 Загрузка 🇷🇺 РПЛ...
2026-04-12 16:28:56 | INFO | 📥 Загрузка данных из C:\Users\taran\Training_Main_bot\data\rpl\matches.csv
2026-04-12 16:28:56 | INFO | ✅ Файл прочитан (кодировка: utf-8)
2026-04-12 16:28:58 | INFO | ✅ Дни отдыха рассчитаны
2026-04-12 16:28:58 | INFO | ✅ Загружено 3336 матчей
2026-04-12 16:28:58 | INFO | 🚀 Начало обучения моделей...
2026-04-12 16:28:58 | INFO | ⚡ Расчёт ELO рейтингов...
2026-04-12 16:29:25 | INFO | 🎯 Обучение модели исхода...
2026-04-12 16:29:26 | INFO | ⚽ Обучение модели тотала...
2026-04-12 16:29:27 | INFO | 🔄 Обучение модели BTTS...
2026-04-12 16:29:27 | INFO | ✅ Обучение завершено! Моделей: 3
2026-04-12 16:29:27 | INFO | ✅ Модель сохранена: C:\Users\taran\Training_Main_bot\data\rpl\model.pkl
2026-04-12 16:29:27 | INFO |    ↳ Модель обучена и сохранена
2026-04-12 16:29:27 | INFO | 📥 Загрузка данных из C:\Users\taran\Training_Main_bot\data\rpl\matches.csv
2026-04-12 16:29:27 | INFO | ✅ Файл прочитан (кодировка: utf-8)
2026-04-12 16:29:30 | INFO | ✅ Дни отдыха рассчитаны
2026-04-12 16:29:30 | INFO | ✅ Загружено 3336 матчей
2026-04-12 16:29:30 | INFO | ✅ 🇷🇺 РПЛ загружена (3336 матчей, 38 команд)
2026-04-12 16:29:30 | INFO | 📊 Загрузка 🇬🇧 Англия: Премьер-лига...
2026-04-12 16:29:30 | INFO | 📥 Загрузка данных из C:\Users\taran\Training_Main_bot\data\epl\matches.csv
2026-04-12 16:29:30 | INFO | ✅ Файл прочитан (кодировка: utf-8)
2026-04-12 16:29:31 | INFO | ✅ Дни отдыха рассчитаны
2026-04-12 16:29:31 | INFO | ✅ Загружено 1520 матчей
2026-04-12 16:29:31 | INFO | 🚀 Начало обучения моделей...
2026-04-12 16:29:31 | INFO | ⚡ Расчёт ELO рейтингов...
2026-04-12 16:29:44 | INFO | 🎯 Обучение модели исхода...
2026-04-12 16:29:45 | INFO | ⚽ Обучение модели тотала...
2026-04-12 16:29:45 | INFO | 🔄 Обучение модели BTTS...
2026-04-12 16:29:45 | INFO | 🎯 Обучение моделей угловых...
2026-04-12 16:29:46 | INFO | ✅ Обучение завершено! Моделей: 4
2026-04-12 16:29:46 | INFO | ✅ Модель сохранена: C:\Users\taran\Training_Main_bot\data\epl\model.pkl
2026-04-12 16:29:46 | INFO |    ↳ Модель обучена и сохранена
2026-04-12 16:29:46 | INFO | 📥 Загрузка данных из C:\Users\taran\Training_Main_bot\data\epl\matches.csv
2026-04-12 16:29:46 | INFO | ✅ Файл прочитан (кодировка: utf-8)
2026-04-12 16:29:47 | INFO | ✅ Дни отдыха рассчитаны
2026-04-12 16:29:47 | INFO | ✅ Загружено 1520 матчей
2026-04-12 16:29:47 | INFO | ✅ 🇬🇧 Англия: Премьер-лига загружена (1520 матчей, 26 команд)
2026-04-12 16:29:47 | INFO | 📊 Загрузка 🇩🇪 Бундеслига...
2026-04-12 16:29:47 | INFO | 📥 Загрузка данных из C:\Users\taran\Training_Main_bot\data\bundesliga\matches.csv
2026-04-12 16:29:47 | INFO | ✅ Файл прочитан (кодировка: utf-8)
2026-04-12 16:29:48 | INFO | ✅ Дни отдыха рассчитаны
2026-04-12 16:29:48 | INFO | ✅ Загружено 1224 матчей
2026-04-12 16:29:48 | INFO | 🚀 Начало обучения моделей...
2026-04-12 16:29:48 | INFO | ⚡ Расчёт ELO рейтингов...
2026-04-12 16:29:58 | INFO | 🎯 Обучение модели исхода...
2026-04-12 16:29:59 | INFO | ⚽ Обучение модели тотала...
2026-04-12 16:30:00 | INFO | 🔄 Обучение модели BTTS...
2026-04-12 16:30:00 | INFO | 🎯 Обучение моделей угловых...
2026-04-12 16:30:00 | INFO | ✅ Обучение завершено! Моделей: 4
2026-04-12 16:30:00 | INFO | ✅ Модель сохранена: C:\Users\taran\Training_Main_bot\data\bundesliga\model.pkl
2026-04-12 16:30:00 | INFO |    ↳ Модель обучена и сохранена
2026-04-12 16:30:00 | INFO | 📥 Загрузка данных из C:\Users\taran\Training_Main_bot\data\bundesliga\matches.csv
2026-04-12 16:30:00 | INFO | ✅ Файл прочитан (кодировка: utf-8)
2026-04-12 16:30:01 | INFO | ✅ Дни отдыха рассчитаны
2026-04-12 16:30:01 | INFO | ✅ Загружено 1224 матчей
2026-04-12 16:30:01 | INFO | ✅ 🇩🇪 Бундеслига загружена (1224 матчей, 22 команд)
2026-04-12 16:30:01 | INFO | 📊 Загрузка 🇮🇹 Серия A...
2026-04-12 16:30:01 | INFO | 📥 Загрузка данных из C:\Users\taran\Training_Main_bot\data\seriaA\matches.csv
2026-04-12 16:30:02 | INFO | ✅ Файл прочитан (кодировка: utf-8)
2026-04-12 16:30:03 | INFO | ✅ Дни отдыха рассчитаны
2026-04-12 16:30:03 | INFO | ✅ Загружено 1520 матчей
2026-04-12 16:30:03 | INFO | 🚀 Начало обучения моделей...
2026-04-12 16:30:03 | INFO | ⚡ Расчёт ELO рейтингов...
2026-04-12 16:30:15 | INFO | 🎯 Обучение модели исхода...
2026-04-12 16:30:16 | INFO | ⚽ Обучение модели тотала...
2026-04-12 16:30:17 | INFO | 🔄 Обучение модели BTTS...
2026-04-12 16:30:17 | INFO | 🎯 Обучение моделей угловых...
2026-04-12 16:30:17 | INFO | ✅ Обучение завершено! Моделей: 4
2026-04-12 16:30:17 | INFO | ✅ Модель сохранена: C:\Users\taran\Training_Main_bot\data\seriaA\model.pkl
2026-04-12 16:30:17 | INFO |    ↳ Модель обучена и сохранена
2026-04-12 16:30:17 | INFO | 📥 Загрузка данных из C:\Users\taran\Training_Main_bot\data\seriaA\matches.csv
2026-04-12 16:30:17 | INFO | ✅ Файл прочитан (кодировка: utf-8)
2026-04-12 16:30:19 | INFO | ✅ Дни отдыха рассчитаны
2026-04-12 16:30:19 | INFO | ✅ Загружено 1520 матчей
2026-04-12 16:30:19 | INFO | ✅ 🇮🇹 Серия A загружена (1520 матчей, 27 команд)
2026-04-12 16:30:19 | INFO | 📊 Загрузка 🇪🇸 Ла Лига...
2026-04-12 16:30:19 | INFO | 📥 Загрузка данных из C:\Users\taran\Training_Main_bot\data\laLiga\matches.csv
2026-04-12 16:30:19 | INFO | ✅ Файл прочитан (кодировка: utf-8)
2026-04-12 16:30:20 | INFO | ✅ Дни отдыха рассчитаны
2026-04-12 16:30:20 | INFO | ✅ Загружено 1520 матчей
2026-04-12 16:30:20 | INFO | 🚀 Начало обучения моделей...
2026-04-12 16:30:20 | INFO | ⚡ Расчёт ELO рейтингов...
2026-04-12 16:30:32 | INFO | 🎯 Обучение модели исхода...
2026-04-12 16:30:33 | INFO | ⚽ Обучение модели тотала...
2026-04-12 16:30:34 | INFO | 🔄 Обучение модели BTTS...
2026-04-12 16:30:34 | INFO | 🎯 Обучение моделей угловых...
2026-04-12 16:30:34 | INFO | ✅ Обучение завершено! Моделей: 4
2026-04-12 16:30:34 | INFO | ✅ Модель сохранена: C:\Users\taran\Training_Main_bot\data\laLiga\model.pkl
2026-04-12 16:30:34 | INFO |    ↳ Модель обучена и сохранена
2026-04-12 16:30:34 | INFO | 📥 Загрузка данных из C:\Users\taran\Training_Main_bot\data\laLiga\matches.csv
2026-04-12 16:30:35 | INFO | ✅ Файл прочитан (кодировка: utf-8)
2026-04-12 16:30:36 | INFO | ✅ Дни отдыха рассчитаны
2026-04-12 16:30:36 | INFO | ✅ Загружено 1520 матчей
2026-04-12 16:30:36 | INFO | ✅ 🇪🇸 Ла Лига загружена (1520 матчей, 26 команд)
2026-04-12 16:30:36 | INFO | 📊 Загрузка 🇫🇷 Лига 1...
2026-04-12 16:30:36 | INFO | 📥 Загрузка данных из C:\Users\taran\Training_Main_bot\data\ligue1\matches.csv
2026-04-12 16:30:36 | INFO | ✅ Файл прочитан (кодировка: utf-8)
2026-04-12 16:30:37 | INFO | ✅ Дни отдыха рассчитаны
2026-04-12 16:30:37 | INFO | ✅ Загружено 1446 матчей
2026-04-12 16:30:37 | INFO | 🚀 Начало обучения моделей...
2026-04-12 16:30:37 | INFO | ⚡ Расчёт ELO рейтингов...
2026-04-12 16:30:49 | INFO | 🎯 Обучение модели исхода...
2026-04-12 16:30:50 | INFO | ⚽ Обучение модели тотала...
2026-04-12 16:30:50 | INFO | 🔄 Обучение модели BTTS...
2026-04-12 16:30:50 | INFO | 🎯 Обучение моделей угловых...
2026-04-12 16:30:51 | INFO | ✅ Обучение завершено! Моделей: 4
2026-04-12 16:30:51 | INFO | ✅ Модель сохранена: C:\Users\taran\Training_Main_bot\data\ligue1\model.pkl
2026-04-12 16:30:51 | INFO |    ↳ Модель обучена и сохранена
2026-04-12 16:30:51 | INFO | 📥 Загрузка данных из C:\Users\taran\Training_Main_bot\data\ligue1\matches.csv
2026-04-12 16:30:51 | INFO | ✅ Файл прочитан (кодировка: utf-8)
2026-04-12 16:30:52 | INFO | ✅ Дни отдыха рассчитаны
2026-04-12 16:30:52 | INFO | ✅ Загружено 1446 матчей
2026-04-12 16:30:52 | INFO | ✅ 🇫🇷 Лига 1 загружена (1446 матчей, 26 команд)
2026-04-12 16:30:52 | INFO | 📊 Загрузка Лига чемпионов 🏆...
2026-04-12 16:30:52 | INFO | 📥 Загрузка данных из C:\Users\taran\Training_Main_bot\data\champions_league\matches.csv
2026-04-12 16:30:52 | INFO | ✅ Файл прочитан (кодировка: utf-8)
2026-04-12 16:30:52 | INFO | ✅ Дни отдыха рассчитаны
2026-04-12 16:30:52 | INFO | ✅ Загружено 135 матчей
2026-04-12 16:30:52 | INFO | 🚀 Начало обучения моделей...
2026-04-12 16:30:52 | INFO | ⚡ Расчёт ELO рейтингов...
2026-04-12 16:30:53 | INFO | 🎯 Обучение модели исхода...
2026-04-12 16:30:54 | INFO | ⚽ Обучение модели тотала...
2026-04-12 16:30:54 | INFO | 🔄 Обучение модели BTTS...
2026-04-12 16:30:54 | INFO | 🎯 Обучение моделей угловых...
2026-04-12 16:30:54 | INFO | ✅ Обучение завершено! Моделей: 4
2026-04-12 16:30:55 | INFO | ✅ Модель сохранена: C:\Users\taran\Training_Main_bot\data\champions_league\model.pkl
2026-04-12 16:30:55 | INFO |    ↳ Модель обучена и сохранена
2026-04-12 16:30:55 | INFO | 📥 Загрузка данных из C:\Users\taran\Training_Main_bot\data\champions_league\matches.csv
2026-04-12 16:30:55 | INFO | ✅ Файл прочитан (кодировка: utf-8)
2026-04-12 16:30:55 | INFO | ✅ Дни отдыха рассчитаны
2026-04-12 16:30:55 | INFO | ✅ Загружено 135 матчей
2026-04-12 16:30:55 | INFO | ✅ Лига чемпионов 🏆 загружена (135 матчей, 36 команд)
2026-04-12 16:30:55 | INFO | 📊 Загрузка 🇳🇱 Эредивизи...
2026-04-12 16:30:55 | INFO | 📥 Загрузка данных из C:\Users\taran\Training_Main_bot\data\eredivisise\matches.csv
2026-04-12 16:30:55 | INFO | ✅ Файл прочитан (кодировка: utf-8)
2026-04-12 16:30:56 | INFO | ✅ Дни отдыха рассчитаны
2026-04-12 16:30:56 | INFO | ✅ Загружено 1224 матчей
2026-04-12 16:30:56 | INFO | 🚀 Начало обучения моделей...
2026-04-12 16:30:56 | INFO | ⚡ Расчёт ELO рейтингов...
2026-04-12 16:31:06 | INFO | 🎯 Обучение модели исхода...
2026-04-12 16:31:07 | INFO | ⚽ Обучение модели тотала...
2026-04-12 16:31:07 | INFO | 🔄 Обучение модели BTTS...
2026-04-12 16:31:08 | INFO | 🎯 Обучение моделей угловых...
2026-04-12 16:31:08 | INFO | ✅ Обучение завершено! Моделей: 4
2026-04-12 16:31:08 | INFO | ✅ Модель сохранена: C:\Users\taran\Training_Main_bot\data\eredivisise\model.pkl
2026-04-12 16:31:08 | INFO |    ↳ Модель обучена и сохранена
2026-04-12 16:31:08 | INFO | 📥 Загрузка данных из C:\Users\taran\Training_Main_bot\data\eredivisise\matches.csv
2026-04-12 16:31:08 | INFO | ✅ Файл прочитан (кодировка: utf-8)
2026-04-12 16:31:09 | INFO | ✅ Дни отдыха рассчитаны
2026-04-12 16:31:09 | INFO | ✅ Загружено 1224 матчей
2026-04-12 16:31:09 | INFO | ✅ 🇳🇱 Эредивизи загружена (1224 матчей, 24 команд)
2026-04-12 16:31:09 | INFO | 📊 Загрузка 🇵🇹 Португальская Лига...
2026-04-12 16:31:09 | INFO | 📥 Загрузка данных из C:\Users\taran\Training_Main_bot\data\portugueseLiga\matches.csv
2026-04-12 16:31:09 | INFO | ✅ Файл прочитан (кодировка: utf-8)
2026-04-12 16:31:10 | INFO | ✅ Дни отдыха рассчитаны
2026-04-12 16:31:10 | INFO | ✅ Загружено 1224 матчей
2026-04-12 16:31:10 | INFO | 🚀 Начало обучения моделей...
2026-04-12 16:31:10 | INFO | ⚡ Расчёт ELO рейтингов...
2026-04-12 16:31:20 | INFO | 🎯 Обучение модели исхода...
2026-04-12 16:31:21 | INFO | ⚽ Обучение модели тотала...
2026-04-12 16:31:21 | INFO | 🔄 Обучение модели BTTS...
2026-04-12 16:31:22 | INFO | 🎯 Обучение моделей угловых...
2026-04-12 16:31:22 | INFO | ✅ Обучение завершено! Моделей: 4
2026-04-12 16:31:22 | INFO | ✅ Модель сохранена: C:\Users\taran\Training_Main_bot\data\portugueseLiga\model.pkl
2026-04-12 16:31:22 | INFO |    ↳ Модель обучена и сохранена
2026-04-12 16:31:22 | INFO | 📥 Загрузка данных из C:\Users\taran\Training_Main_bot\data\portugueseLiga\matches.csv
2026-04-12 16:31:22 | INFO | ✅ Файл прочитан (кодировка: utf-8)
2026-04-12 16:31:23 | INFO | ✅ Дни отдыха рассчитаны
2026-04-12 16:31:23 | INFO | ✅ Загружено 1224 матчей
2026-04-12 16:31:23 | INFO | ✅ 🇵🇹 Португальская Лига загружена (1224 матчей, 24 команд)
2026-04-12 16:31:23 | INFO | ✅ Загружено 9 моделей, 249 уникальных команд
2026-04-12 16:31:23 | INFO | ✅ Загружена история из 1 прогнозов
2026-04-12 16:31:23 | INFO | Start polling
2026-04-12 16:31:23 | INFO | Run polling for bot @FootPrognosticBot id=8224983369 - 'my_football_bot'
2026-04-12 16:31:37 | INFO | Update id=354055987 is handled. Duration 280 ms by bot id=8224983369
2026-04-12 16:31:45 | INFO | Update id=354055988 is handled. Duration 247 ms by bot id=8224983369
2026-04-12 16:31:47 | INFO | Update id=354055989 is handled. Duration 120 ms by bot id=8224983369
2026-04-12 16:31:48 | INFO | Update id=354055990 is handled. Duration 117 ms by bot id=8224983369
2026-04-12 16:31:51 | INFO | Update id=354055991 is handled. Duration 228 ms by bot id=8224983369
2026-04-12 16:31:53 | INFO | Update id=354055992 is handled. Duration 223 ms by bot id=8224983369
2026-04-12 16:31:58 | INFO | Update id=354055993 is handled. Duration 215 ms by bot id=8224983369
2026-04-12 16:32:01 | INFO | Update id=354055994 is handled. Duration 227 ms by bot id=8224983369
2026-04-12 16:32:03 | INFO | Update id=354055995 is handled. Duration 220 ms by bot id=8224983369
2026-04-12 16:32:05 | INFO | Update id=354055996 is handled. Duration 432 ms by bot id=8224983369
2026-04-12 16:32:48 | INFO | Update id=354055997 is handled. Duration 121 ms by bot id=8224983369
2026-04-12 16:47:27 | INFO | Polling stopped
2026-04-12 16:47:28 | INFO | Polling stopped for bot @FootPrognosticBot id=8224983369 - 'my_football_bot'
2026-04-12 16:48:18 | INFO | 🔄 Загрузка моделей и команд...
2026-04-12 16:48:18 | INFO | 📊 Загрузка 🇷🇺 РПЛ...
2026-04-12 16:48:18 | INFO | ✅ Модель загружена: C:\Users\taran\Training_Main_bot\data\rpl\model.pkl
2026-04-12 16:48:18 | INFO |    ↳ Модель загружена из кэша
2026-04-12 16:48:18 | INFO | 📥 Загрузка данных из C:\Users\taran\Training_Main_bot\data\rpl\matches.csv
2026-04-12 16:48:18 | INFO | ✅ Файл прочитан (кодировка: utf-8)
2026-04-12 16:48:19 | INFO | ✅ Дни отдыха рассчитаны
2026-04-12 16:48:19 | INFO | ✅ Загружено 3336 матчей
2026-04-12 16:48:19 | INFO | ✅ 🇷🇺 РПЛ загружена (3336 матчей, 38 команд)
2026-04-12 16:48:19 | INFO | 📊 Загрузка 🇬🇧 Англия: Премьер-лига...
2026-04-12 16:48:19 | INFO | ✅ Модель загружена: C:\Users\taran\Training_Main_bot\data\epl\model.pkl
2026-04-12 16:48:19 | INFO |    ↳ Модель загружена из кэша
2026-04-12 16:48:19 | INFO | 📥 Загрузка данных из C:\Users\taran\Training_Main_bot\data\epl\matches.csv
2026-04-12 16:48:19 | INFO | ✅ Файл прочитан (кодировка: utf-8)
2026-04-12 16:48:19 | INFO | ✅ Дни отдыха рассчитаны
2026-04-12 16:48:19 | INFO | ✅ Загружено 1520 матчей
2026-04-12 16:48:19 | INFO | ✅ 🇬🇧 Англия: Премьер-лига загружена (1520 матчей, 26 команд)
2026-04-12 16:48:19 | INFO | 📊 Загрузка 🇩🇪 Бундеслига...
2026-04-12 16:48:19 | INFO | ✅ Модель загружена: C:\Users\taran\Training_Main_bot\data\bundesliga\model.pkl
2026-04-12 16:48:19 | INFO |    ↳ Модель загружена из кэша
2026-04-12 16:48:19 | INFO | 📥 Загрузка данных из C:\Users\taran\Training_Main_bot\data\bundesliga\matches.csv
2026-04-12 16:48:20 | INFO | ✅ Файл прочитан (кодировка: utf-8)
2026-04-12 16:48:20 | INFO | ✅ Дни отдыха рассчитаны
2026-04-12 16:48:20 | INFO | ✅ Загружено 1224 матчей
2026-04-12 16:48:20 | INFO | ✅ 🇩🇪 Бундеслига загружена (1224 матчей, 22 команд)
2026-04-12 16:48:20 | INFO | 📊 Загрузка 🇮🇹 Серия A...
2026-04-12 16:48:20 | INFO | ✅ Модель загружена: C:\Users\taran\Training_Main_bot\data\seriaA\model.pkl
2026-04-12 16:48:20 | INFO |    ↳ Модель загружена из кэша
2026-04-12 16:48:20 | INFO | 📥 Загрузка данных из C:\Users\taran\Training_Main_bot\data\seriaA\matches.csv
2026-04-12 16:48:20 | INFO | ✅ Файл прочитан (кодировка: utf-8)
2026-04-12 16:48:20 | INFO | ✅ Дни отдыха рассчитаны
2026-04-12 16:48:20 | INFO | ✅ Загружено 1520 матчей
2026-04-12 16:48:20 | INFO | ✅ 🇮🇹 Серия A загружена (1520 матчей, 27 команд)
2026-04-12 16:48:20 | INFO | 📊 Загрузка 🇪🇸 Ла Лига...
2026-04-12 16:48:21 | INFO | ✅ Модель загружена: C:\Users\taran\Training_Main_bot\data\laLiga\model.pkl
2026-04-12 16:48:21 | INFO |    ↳ Модель загружена из кэша
2026-04-12 16:48:21 | INFO | 📥 Загрузка данных из C:\Users\taran\Training_Main_bot\data\laLiga\matches.csv
2026-04-12 16:48:21 | INFO | ✅ Файл прочитан (кодировка: utf-8)
2026-04-12 16:48:21 | INFO | ✅ Дни отдыха рассчитаны
2026-04-12 16:48:21 | INFO | ✅ Загружено 1520 матчей
2026-04-12 16:48:21 | INFO | ✅ 🇪🇸 Ла Лига загружена (1520 матчей, 26 команд)
2026-04-12 16:48:21 | INFO | 📊 Загрузка 🇫🇷 Лига 1...
2026-04-12 16:48:21 | INFO | ✅ Модель загружена: C:\Users\taran\Training_Main_bot\data\ligue1\model.pkl
2026-04-12 16:48:21 | INFO |    ↳ Модель загружена из кэша
2026-04-12 16:48:21 | INFO | 📥 Загрузка данных из C:\Users\taran\Training_Main_bot\data\ligue1\matches.csv
2026-04-12 16:48:21 | INFO | ✅ Файл прочитан (кодировка: utf-8)
2026-04-12 16:48:22 | INFO | ✅ Дни отдыха рассчитаны
2026-04-12 16:48:22 | INFO | ✅ Загружено 1446 матчей
2026-04-12 16:48:22 | INFO | ✅ 🇫🇷 Лига 1 загружена (1446 матчей, 26 команд)
2026-04-12 16:48:22 | INFO | 📊 Загрузка Лига чемпионов 🏆...
2026-04-12 16:48:22 | INFO | ✅ Модель загружена: C:\Users\taran\Training_Main_bot\data\champions_league\model.pkl
2026-04-12 16:48:22 | INFO |    ↳ Модель загружена из кэша
2026-04-12 16:48:22 | INFO | 📥 Загрузка данных из C:\Users\taran\Training_Main_bot\data\champions_league\matches.csv
2026-04-12 16:48:22 | INFO | ✅ Файл прочитан (кодировка: utf-8)
2026-04-12 16:48:22 | INFO | ✅ Дни отдыха рассчитаны
2026-04-12 16:48:22 | INFO | ✅ Загружено 135 матчей
2026-04-12 16:48:22 | INFO | ✅ Лига чемпионов 🏆 загружена (135 матчей, 36 команд)
2026-04-12 16:48:22 | INFO | 📊 Загрузка 🇳🇱 Эредивизи...
2026-04-12 16:48:22 | INFO | ✅ Модель загружена: C:\Users\taran\Training_Main_bot\data\eredivisise\model.pkl
2026-04-12 16:48:22 | INFO |    ↳ Модель загружена из кэша
2026-04-12 16:48:22 | INFO | 📥 Загрузка данных из C:\Users\taran\Training_Main_bot\data\eredivisise\matches.csv
2026-04-12 16:48:23 | INFO | ✅ Файл прочитан (кодировка: utf-8)
2026-04-12 16:48:23 | INFO | ✅ Дни отдыха рассчитаны
2026-04-12 16:48:23 | INFO | ✅ Загружено 1224 матчей
2026-04-12 16:48:23 | INFO | ✅ 🇳🇱 Эредивизи загружена (1224 матчей, 24 команд)
2026-04-12 16:48:23 | INFO | 📊 Загрузка 🇵🇹 Португальская Лига...
2026-04-12 16:48:23 | INFO | ✅ Модель загружена: C:\Users\taran\Training_Main_bot\data\portugueseLiga\model.pkl
2026-04-12 16:48:23 | INFO |    ↳ Модель загружена из кэша
2026-04-12 16:48:23 | INFO | 📥 Загрузка данных из C:\Users\taran\Training_Main_bot\data\portugueseLiga\matches.csv
2026-04-12 16:48:23 | INFO | ✅ Файл прочитан (кодировка: utf-8)
2026-04-12 16:48:24 | INFO | ✅ Дни отдыха рассчитаны
2026-04-12 16:48:24 | INFO | ✅ Загружено 1224 матчей
2026-04-12 16:48:24 | INFO | ✅ 🇵🇹 Португальская Лига загружена (1224 матчей, 24 команд)
2026-04-12 16:48:24 | INFO | ✅ Загружено 9 моделей, 249 уникальных команд
2026-04-12 16:48:24 | INFO | ✅ Загружена история из 2 прогнозов
2026-04-12 16:48:24 | INFO | Start polling
2026-04-12 16:48:24 | INFO | Run polling for bot @FootPrognosticBot id=8224983369 - 'my_football_bot'
2026-04-12 16:48:32 | INFO | Update id=354055998 is handled. Duration 245 ms by bot id=8224983369
2026-04-12 16:48:36 | INFO | Update id=354055999 is handled. Duration 250 ms by bot id=8224983369
2026-04-12 16:48:54 | INFO | Update id=354056000 is handled. Duration 164 ms by bot id=8224983369
2026-04-12 16:48:58 | INFO | Update id=354056001 is handled. Duration 116 ms by bot id=8224983369
2026-04-12 16:49:01 | INFO | Update id=354056002 is handled. Duration 260 ms by bot id=8224983369
2026-04-12 16:49:02 | INFO | Update id=354056003 is handled. Duration 218 ms by bot id=8224983369
2026-04-12 16:49:03 | INFO | Update id=354056004 is handled. Duration 232 ms by bot id=8224983369
2026-04-12 16:49:05 | INFO | Update id=354056005 is handled. Duration 206 ms by bot id=8224983369
2026-04-12 16:49:06 | INFO | Update id=354056006 is not handled. Duration 2 ms by bot id=8224983369
2026-04-12 16:49:06 | INFO | Update id=354056007 is handled. Duration 228 ms by bot id=8224983369
2026-04-12 16:49:10 | ERROR | ❌ Ошибка генерации прогноза: name 'HOME_WIN' is not defined
2026-04-12 16:49:10 | ERROR | Traceback (most recent call last):
  File "C:\Users\taran\Training_Main_bot\bot.py", line 912, in generate_and_send_prediction
    home_win = prediction['result'][HOME_WIN]
                                    ^^^^^^^^
NameError: name 'HOME_WIN' is not defined

2026-04-12 16:49:10 | INFO | Update id=354056008 is handled. Duration 357 ms by bot id=8224983369
2026-04-12 16:49:17 | INFO | Update id=354056009 is handled. Duration 108 ms by bot id=8224983369
2026-04-12 16:49:22 | INFO | Update id=354056010 is handled. Duration 117 ms by bot id=8224983369
2026-04-12 16:49:31 | INFO | Update id=354056011 is handled. Duration 111 ms by bot id=8224983369
2026-04-12 16:49:33 | INFO | Update id=354056012 is handled. Duration 209 ms by bot id=8224983369
2026-04-12 16:49:34 | ERROR | ❌ Ошибка генерации прогноза: name 'HOME_WIN' is not defined
2026-04-12 16:49:34 | ERROR | Traceback (most recent call last):
  File "C:\Users\taran\Training_Main_bot\bot.py", line 912, in generate_and_send_prediction
    home_win = prediction['result'][HOME_WIN]
                                    ^^^^^^^^
NameError: name 'HOME_WIN' is not defined

2026-04-12 16:49:34 | INFO | Update id=354056013 is handled. Duration 337 ms by bot id=8224983369
2026-04-12 16:54:03 | INFO | Polling stopped
2026-04-12 16:54:03 | INFO | Polling stopped for bot @FootPrognosticBot id=8224983369 - 'my_football_bot'
2026-04-12 16:54:13 | INFO | 🔄 Загрузка моделей и команд...
2026-04-12 16:54:13 | INFO | 📊 Загрузка 🇷🇺 РПЛ...
2026-04-12 16:54:13 | INFO | ✅ Модель загружена: C:\Users\taran\Training_Main_bot\data\rpl\model.pkl
2026-04-12 16:54:13 | INFO |    ↳ Модель загружена из кэша
2026-04-12 16:54:13 | INFO | 📥 Загрузка данных из C:\Users\taran\Training_Main_bot\data\rpl\matches.csv
2026-04-12 16:54:13 | INFO | ✅ Файл прочитан (кодировка: utf-8)
2026-04-12 16:54:15 | INFO | ✅ Дни отдыха рассчитаны
2026-04-12 16:54:15 | INFO | ✅ Загружено 3336 матчей
2026-04-12 16:54:15 | INFO | ✅ 🇷🇺 РПЛ загружена (3336 матчей, 38 команд)
2026-04-12 16:54:15 | INFO | 📊 Загрузка 🇬🇧 Англия: Премьер-лига...
2026-04-12 16:54:15 | INFO | ✅ Модель загружена: C:\Users\taran\Training_Main_bot\data\epl\model.pkl
2026-04-12 16:54:15 | INFO |    ↳ Модель загружена из кэша
2026-04-12 16:54:15 | INFO | 📥 Загрузка данных из C:\Users\taran\Training_Main_bot\data\epl\matches.csv
2026-04-12 16:54:15 | INFO | ✅ Файл прочитан (кодировка: utf-8)
2026-04-12 16:54:15 | INFO | ✅ Дни отдыха рассчитаны
2026-04-12 16:54:15 | INFO | ✅ Загружено 1520 матчей
2026-04-12 16:54:15 | INFO | ✅ 🇬🇧 Англия: Премьер-лига загружена (1520 матчей, 26 команд)
2026-04-12 16:54:15 | INFO | 📊 Загрузка 🇩🇪 Бундеслига...
2026-04-12 16:54:15 | INFO | ✅ Модель загружена: C:\Users\taran\Training_Main_bot\data\bundesliga\model.pkl
2026-04-12 16:54:15 | INFO |    ↳ Модель загружена из кэша
2026-04-12 16:54:15 | INFO | 📥 Загрузка данных из C:\Users\taran\Training_Main_bot\data\bundesliga\matches.csv
2026-04-12 16:54:16 | INFO | ✅ Файл прочитан (кодировка: utf-8)
2026-04-12 16:54:16 | INFO | ✅ Дни отдыха рассчитаны
2026-04-12 16:54:16 | INFO | ✅ Загружено 1224 матчей
2026-04-12 16:54:16 | INFO | ✅ 🇩🇪 Бундеслига загружена (1224 матчей, 22 команд)
2026-04-12 16:54:16 | INFO | 📊 Загрузка 🇮🇹 Серия A...
2026-04-12 16:54:16 | INFO | ✅ Модель загружена: C:\Users\taran\Training_Main_bot\data\seriaA\model.pkl
2026-04-12 16:54:16 | INFO |    ↳ Модель загружена из кэша
2026-04-12 16:54:16 | INFO | 📥 Загрузка данных из C:\Users\taran\Training_Main_bot\data\seriaA\matches.csv
2026-04-12 16:54:16 | INFO | ✅ Файл прочитан (кодировка: utf-8)
2026-04-12 16:54:17 | INFO | ✅ Дни отдыха рассчитаны
2026-04-12 16:54:17 | INFO | ✅ Загружено 1520 матчей
2026-04-12 16:54:17 | INFO | ✅ 🇮🇹 Серия A загружена (1520 матчей, 27 команд)
2026-04-12 16:54:17 | INFO | 📊 Загрузка 🇪🇸 Ла Лига...
2026-04-12 16:54:17 | INFO | ✅ Модель загружена: C:\Users\taran\Training_Main_bot\data\laLiga\model.pkl
2026-04-12 16:54:17 | INFO |    ↳ Модель загружена из кэша
2026-04-12 16:54:17 | INFO | 📥 Загрузка данных из C:\Users\taran\Training_Main_bot\data\laLiga\matches.csv
2026-04-12 16:54:17 | INFO | ✅ Файл прочитан (кодировка: utf-8)
2026-04-12 16:54:18 | INFO | ✅ Дни отдыха рассчитаны
2026-04-12 16:54:18 | INFO | ✅ Загружено 1520 матчей
2026-04-12 16:54:18 | INFO | ✅ 🇪🇸 Ла Лига загружена (1520 матчей, 26 команд)
2026-04-12 16:54:18 | INFO | 📊 Загрузка 🇫🇷 Лига 1...
2026-04-12 16:54:18 | INFO | ✅ Модель загружена: C:\Users\taran\Training_Main_bot\data\ligue1\model.pkl
2026-04-12 16:54:18 | INFO |    ↳ Модель загружена из кэша
2026-04-12 16:54:18 | INFO | 📥 Загрузка данных из C:\Users\taran\Training_Main_bot\data\ligue1\matches.csv
2026-04-12 16:54:18 | INFO | ✅ Файл прочитан (кодировка: utf-8)
2026-04-12 16:54:19 | INFO | ✅ Дни отдыха рассчитаны
2026-04-12 16:54:19 | INFO | ✅ Загружено 1446 матчей
2026-04-12 16:54:19 | INFO | ✅ 🇫🇷 Лига 1 загружена (1446 матчей, 26 команд)
2026-04-12 16:54:19 | INFO | 📊 Загрузка Лига чемпионов 🏆...
2026-04-12 16:54:19 | INFO | ✅ Модель загружена: C:\Users\taran\Training_Main_bot\data\champions_league\model.pkl
2026-04-12 16:54:19 | INFO |    ↳ Модель загружена из кэша
2026-04-12 16:54:19 | INFO | 📥 Загрузка данных из C:\Users\taran\Training_Main_bot\data\champions_league\matches.csv
2026-04-12 16:54:19 | INFO | ✅ Файл прочитан (кодировка: utf-8)
2026-04-12 16:54:19 | INFO | ✅ Дни отдыха рассчитаны
2026-04-12 16:54:19 | INFO | ✅ Загружено 135 матчей
2026-04-12 16:54:19 | INFO | ✅ Лига чемпионов 🏆 загружена (135 матчей, 36 команд)
2026-04-12 16:54:19 | INFO | 📊 Загрузка 🇳🇱 Эредивизи...
2026-04-12 16:54:19 | INFO | ✅ Модель загружена: C:\Users\taran\Training_Main_bot\data\eredivisise\model.pkl
2026-04-12 16:54:19 | INFO |    ↳ Модель загружена из кэша
2026-04-12 16:54:19 | INFO | 📥 Загрузка данных из C:\Users\taran\Training_Main_bot\data\eredivisise\matches.csv
2026-04-12 16:54:19 | INFO | ✅ Файл прочитан (кодировка: utf-8)
2026-04-12 16:54:19 | INFO | ✅ Дни отдыха рассчитаны
2026-04-12 16:54:19 | INFO | ✅ Загружено 1224 матчей
2026-04-12 16:54:19 | INFO | ✅ 🇳🇱 Эредивизи загружена (1224 матчей, 24 команд)
2026-04-12 16:54:19 | INFO | 📊 Загрузка 🇵🇹 Португальская Лига...
2026-04-12 16:54:19 | INFO | ✅ Модель загружена: C:\Users\taran\Training_Main_bot\data\portugueseLiga\model.pkl
2026-04-12 16:54:19 | INFO |    ↳ Модель загружена из кэша
2026-04-12 16:54:19 | INFO | 📥 Загрузка данных из C:\Users\taran\Training_Main_bot\data\portugueseLiga\matches.csv
2026-04-12 16:54:20 | INFO | ✅ Файл прочитан (кодировка: utf-8)
2026-04-12 16:54:20 | INFO | ✅ Дни отдыха рассчитаны
2026-04-12 16:54:20 | INFO | ✅ Загружено 1224 матчей
2026-04-12 16:54:20 | INFO | ✅ 🇵🇹 Португальская Лига загружена (1224 матчей, 24 команд)
2026-04-12 16:54:20 | INFO | ✅ Загружено 9 моделей, 249 уникальных команд
2026-04-12 16:54:20 | INFO | ✅ Загружена история из 2 прогнозов
2026-04-12 16:54:20 | INFO | Start polling
2026-04-12 16:54:20 | INFO | Run polling for bot @FootPrognosticBot id=8224983369 - 'my_football_bot'
2026-04-12 16:54:31 | INFO | Update id=354056014 is handled. Duration 287 ms by bot id=8224983369
2026-04-12 16:54:36 | INFO | Update id=354056015 is handled. Duration 91 ms by bot id=8224983369
2026-04-12 16:54:39 | INFO | Update id=354056016 is handled. Duration 231 ms by bot id=8224983369
2026-04-12 16:54:42 | INFO | Update id=354056017 is handled. Duration 178 ms by bot id=8224983369
2026-04-12 16:54:44 | INFO | Update id=354056018 is handled. Duration 177 ms by bot id=8224983369
2026-04-12 16:54:46 | INFO | Update id=354056019 is handled. Duration 180 ms by bot id=8224983369
2026-04-12 16:54:47 | INFO | Update id=354056020 is handled. Duration 188 ms by bot id=8224983369
2026-04-12 16:54:49 | INFO | Update id=354056021 is handled. Duration 791 ms by bot id=8224983369
2026-04-12 16:55:00 | INFO | Update id=354056022 is handled. Duration 187 ms by bot id=8224983369
2026-04-12 16:55:02 | INFO | Update id=354056023 is handled. Duration 176 ms by bot id=8224983369
2026-04-12 16:55:04 | INFO | Update id=354056024 is handled. Duration 101 ms by bot id=8224983369
2026-04-12 16:55:06 | INFO | Update id=354056025 is handled. Duration 258 ms by bot id=8224983369
2026-04-12 16:55:08 | INFO | Update id=354056026 is handled. Duration 95 ms by bot id=8224983369
2026-04-12 16:55:14 | INFO | Update id=354056027 is handled. Duration 202 ms by bot id=8224983369
2026-04-12 16:55:18 | INFO | Update id=354056028 is handled. Duration 694 ms by bot id=8224983369
2026-04-12 16:55:19 | INFO | Update id=354056029 is handled. Duration 163 ms by bot id=8224983369
2026-04-12 16:55:21 | INFO | Update id=354056030 is handled. Duration 185 ms by bot id=8224983369
2026-04-12 16:55:36 | INFO | Update id=354056031 is handled. Duration 198 ms by bot id=8224983369
2026-04-12 16:55:39 | INFO | Update id=354056032 is handled. Duration 160 ms by bot id=8224983369
2026-04-12 16:55:40 | INFO | Update id=354056033 is handled. Duration 167 ms by bot id=8224983369
2026-04-12 16:58:02 | INFO | Update id=354056034 is handled. Duration 91 ms by bot id=8224983369
2026-04-12 17:03:17 | INFO | Polling stopped
2026-04-12 17:03:18 | INFO | Polling stopped for bot @FootPrognosticBot id=8224983369 - 'my_football_bot'
2026-04-12 17:06:39 | INFO | 🔄 Загрузка моделей и команд...
2026-04-12 17:06:39 | INFO | 📊 Загрузка 🇷🇺 РПЛ...
2026-04-12 17:06:39 | INFO | ✅ Модель загружена: C:\Users\taran\Training_Main_bot\data\rpl\model.pkl
2026-04-12 17:06:39 | INFO |    ↳ Модель загружена из кэша
2026-04-12 17:06:39 | INFO | 📥 Загрузка данных из C:\Users\taran\Training_Main_bot\data\rpl\matches.csv
2026-04-12 17:06:39 | INFO | ✅ Файл прочитан (кодировка: utf-8)
2026-04-12 17:06:40 | INFO | ✅ Дни отдыха рассчитаны
2026-04-12 17:06:40 | INFO | ✅ Загружено 3336 матчей
2026-04-12 17:06:40 | INFO | ✅ 🇷🇺 РПЛ загружена (3336 матчей, 38 команд)
2026-04-12 17:06:40 | INFO | 📊 Загрузка 🇬🇧 Англия: Премьер-лига...
2026-04-12 17:06:40 | INFO | ✅ Модель загружена: C:\Users\taran\Training_Main_bot\data\epl\model.pkl
2026-04-12 17:06:40 | INFO |    ↳ Модель загружена из кэша
2026-04-12 17:06:40 | INFO | 📥 Загрузка данных из C:\Users\taran\Training_Main_bot\data\epl\matches.csv
2026-04-12 17:06:40 | INFO | ✅ Файл прочитан (кодировка: utf-8)
2026-04-12 17:06:41 | INFO | ✅ Дни отдыха рассчитаны
2026-04-12 17:06:41 | INFO | ✅ Загружено 1520 матчей
2026-04-12 17:06:41 | INFO | ✅ 🇬🇧 Англия: Премьер-лига загружена (1520 матчей, 26 команд)
2026-04-12 17:06:41 | INFO | 📊 Загрузка 🇩🇪 Бундеслига...
2026-04-12 17:06:41 | INFO | ✅ Модель загружена: C:\Users\taran\Training_Main_bot\data\bundesliga\model.pkl
2026-04-12 17:06:41 | INFO |    ↳ Модель загружена из кэша
2026-04-12 17:06:41 | INFO | 📥 Загрузка данных из C:\Users\taran\Training_Main_bot\data\bundesliga\matches.csv
2026-04-12 17:06:41 | INFO | ✅ Файл прочитан (кодировка: utf-8)
2026-04-12 17:06:41 | INFO | ✅ Дни отдыха рассчитаны
2026-04-12 17:06:41 | INFO | ✅ Загружено 1224 матчей
2026-04-12 17:06:41 | INFO | ✅ 🇩🇪 Бундеслига загружена (1224 матчей, 22 команд)
2026-04-12 17:06:41 | INFO | 📊 Загрузка 🇮🇹 Серия A...
2026-04-12 17:06:41 | INFO | ✅ Модель загружена: C:\Users\taran\Training_Main_bot\data\seriaA\model.pkl
2026-04-12 17:06:41 | INFO |    ↳ Модель загружена из кэша
2026-04-12 17:06:41 | INFO | 📥 Загрузка данных из C:\Users\taran\Training_Main_bot\data\seriaA\matches.csv
2026-04-12 17:06:41 | INFO | ✅ Файл прочитан (кодировка: utf-8)
2026-04-12 17:06:42 | INFO | ✅ Дни отдыха рассчитаны
2026-04-12 17:06:42 | INFO | ✅ Загружено 1520 матчей
2026-04-12 17:06:42 | INFO | ✅ 🇮🇹 Серия A загружена (1520 матчей, 27 команд)
2026-04-12 17:06:42 | INFO | 📊 Загрузка 🇪🇸 Ла Лига...
2026-04-12 17:06:42 | INFO | ✅ Модель загружена: C:\Users\taran\Training_Main_bot\data\laLiga\model.pkl
2026-04-12 17:06:42 | INFO |    ↳ Модель загружена из кэша
2026-04-12 17:06:42 | INFO | 📥 Загрузка данных из C:\Users\taran\Training_Main_bot\data\laLiga\matches.csv
2026-04-12 17:06:42 | INFO | ✅ Файл прочитан (кодировка: utf-8)
2026-04-12 17:06:42 | INFO | ✅ Дни отдыха рассчитаны
2026-04-12 17:06:42 | INFO | ✅ Загружено 1520 матчей
2026-04-12 17:06:42 | INFO | ✅ 🇪🇸 Ла Лига загружена (1520 матчей, 26 команд)
2026-04-12 17:06:42 | INFO | 📊 Загрузка 🇫🇷 Лига 1...
2026-04-12 17:06:43 | INFO | ✅ Модель загружена: C:\Users\taran\Training_Main_bot\data\ligue1\model.pkl
2026-04-12 17:06:43 | INFO |    ↳ Модель загружена из кэша
2026-04-12 17:06:43 | INFO | 📥 Загрузка данных из C:\Users\taran\Training_Main_bot\data\ligue1\matches.csv
2026-04-12 17:06:43 | INFO | ✅ Файл прочитан (кодировка: utf-8)
2026-04-12 17:06:43 | INFO | ✅ Дни отдыха рассчитаны
2026-04-12 17:06:43 | INFO | ✅ Загружено 1446 матчей
2026-04-12 17:06:43 | INFO | ✅ 🇫🇷 Лига 1 загружена (1446 матчей, 26 команд)
2026-04-12 17:06:43 | INFO | 📊 Загрузка Лига чемпионов 🏆...
2026-04-12 17:06:43 | INFO | ✅ Модель загружена: C:\Users\taran\Training_Main_bot\data\champions_league\model.pkl
2026-04-12 17:06:43 | INFO |    ↳ Модель загружена из кэша
2026-04-12 17:06:43 | INFO | 📥 Загрузка данных из C:\Users\taran\Training_Main_bot\data\champions_league\matches.csv
2026-04-12 17:06:43 | INFO | ✅ Файл прочитан (кодировка: utf-8)
2026-04-12 17:06:43 | INFO | ✅ Дни отдыха рассчитаны
2026-04-12 17:06:43 | INFO | ✅ Загружено 135 матчей
2026-04-12 17:06:43 | INFO | ✅ Лига чемпионов 🏆 загружена (135 матчей, 36 команд)
2026-04-12 17:06:43 | INFO | 📊 Загрузка 🇳🇱 Эредивизи...
2026-04-12 17:06:43 | INFO | ✅ Модель загружена: C:\Users\taran\Training_Main_bot\data\eredivisise\model.pkl
2026-04-12 17:06:43 | INFO |    ↳ Модель загружена из кэша
2026-04-12 17:06:43 | INFO | 📥 Загрузка данных из C:\Users\taran\Training_Main_bot\data\eredivisise\matches.csv
2026-04-12 17:06:43 | INFO | ✅ Файл прочитан (кодировка: utf-8)
2026-04-12 17:06:44 | INFO | ✅ Дни отдыха рассчитаны
2026-04-12 17:06:44 | INFO | ✅ Загружено 1224 матчей
2026-04-12 17:06:44 | INFO | ✅ 🇳🇱 Эредивизи загружена (1224 матчей, 24 команд)
2026-04-12 17:06:44 | INFO | 📊 Загрузка 🇵🇹 Португальская Лига...
2026-04-12 17:06:44 | INFO | ✅ Модель загружена: C:\Users\taran\Training_Main_bot\data\portugueseLiga\model.pkl
2026-04-12 17:06:44 | INFO |    ↳ Модель загружена из кэша
2026-04-12 17:06:44 | INFO | 📥 Загрузка данных из C:\Users\taran\Training_Main_bot\data\portugueseLiga\matches.csv
2026-04-12 17:06:44 | INFO | ✅ Файл прочитан (кодировка: utf-8)
2026-04-12 17:06:44 | INFO | ✅ Дни отдыха рассчитаны
2026-04-12 17:06:44 | INFO | ✅ Загружено 1224 матчей
2026-04-12 17:06:44 | INFO | ✅ 🇵🇹 Португальская Лига загружена (1224 матчей, 24 команд)
2026-04-12 17:06:44 | INFO | ✅ Загружено 9 моделей, 249 уникальных команд
2026-04-12 17:06:44 | INFO | ✅ Загружена история из 2 прогнозов
2026-04-12 17:06:44 | INFO | Start polling
2026-04-12 17:06:46 | INFO | Run polling for bot @FootPrognosticBot id=8224983369 - 'my_football_bot'
2026-04-12 17:07:01 | INFO | Update id=354056035 is handled. Duration 217 ms by bot id=8224983369
2026-04-12 17:07:03 | INFO | Update id=354056036 is handled. Duration 99 ms by bot id=8224983369
2026-04-12 17:07:12 | INFO | Update id=354056037 is not handled. Duration 2 ms by bot id=8224983369
2026-04-12 17:07:13 | INFO | Update id=354056038 is handled. Duration 170 ms by bot id=8224983369
2026-04-12 17:07:14 | INFO | Update id=354056039 is handled. Duration 166 ms by bot id=8224983369
2026-04-12 17:07:14 | INFO | Update id=354056040 is handled. Duration 184 ms by bot id=8224983369
2026-04-12 17:07:15 | INFO | Update id=354056041 is handled. Duration 196 ms by bot id=8224983369
2026-04-12 17:07:17 | INFO | Update id=354056042 is handled. Duration 170 ms by bot id=8224983369
2026-04-12 17:07:19 | INFO | Update id=354056043 is handled. Duration 311 ms by bot id=8224983369
2026-04-12 17:07:48 | INFO | Update id=354056044 is not handled. Duration 122 ms by bot id=8224983369
2026-04-12 17:07:48 | ERROR | Cause exception while process update id=354056044 by bot id=8224983369
ValidationError: 1 validation error for EditMessageText
reply_markup
  Input should be a valid dictionary or instance of InlineKeyboardMarkup [type=model_type, input_value=ReplyKeyboardMarkup(keybo...er=None, selective=None), input_type=ReplyKeyboardMarkup]
    For further information visit https://errors.pydantic.dev/2.11/v/model_type
Traceback (most recent call last):
  File "C:\Users\taran\AppData\Local\Programs\Python\Python313\Lib\site-packages\aiogram\dispatcher\dispatcher.py", line 309, in _process_update
    response = await self.feed_update(bot, update, **kwargs)
               ^^^^^^^^^^^^^^^^^^^^^^^^^^^^^^^^^^^^^^^^^^^^^
  File "C:\Users\taran\AppData\Local\Programs\Python\Python313\Lib\site-packages\aiogram\dispatcher\dispatcher.py", line 158, in feed_update
    response = await self.update.wrap_outer_middleware(
               ^^^^^^^^^^^^^^^^^^^^^^^^^^^^^^^^^^^^^^^^
    ...<7 lines>...
    )
    ^
  File "C:\Users\taran\AppData\Local\Programs\Python\Python313\Lib\site-packages\aiogram\dispatcher\middlewares\error.py", line 25, in __call__
    return await handler(event, data)
           ^^^^^^^^^^^^^^^^^^^^^^^^^^
  File "C:\Users\taran\AppData\Local\Programs\Python\Python313\Lib\site-packages\aiogram\dispatcher\middlewares\user_context.py", line 56, in __call__
    return await handler(event, data)
           ^^^^^^^^^^^^^^^^^^^^^^^^^^
  File "C:\Users\taran\AppData\Local\Programs\Python\Python313\Lib\site-packages\aiogram\fsm\middleware.py", line 42, in __call__
    return await handler(event, data)
           ^^^^^^^^^^^^^^^^^^^^^^^^^^
  File "C:\Users\taran\AppData\Local\Programs\Python\Python313\Lib\site-packages\aiogram\dispatcher\event\telegram.py", line 121, in trigger
    return await wrapped_inner(event, kwargs)
           ^^^^^^^^^^^^^^^^^^^^^^^^^^^^^^^^^^
  File "C:\Users\taran\AppData\Local\Programs\Python\Python313\Lib\site-packages\aiogram\dispatcher\event\handler.py", line 43, in call
    return await wrapped()
           ^^^^^^^^^^^^^^^
  File "C:\Users\taran\AppData\Local\Programs\Python\Python313\Lib\site-packages\aiogram\dispatcher\dispatcher.py", line 276, in _listen_update
    return await self.propagate_event(update_type=update_type, event=event, **kwargs)
           ^^^^^^^^^^^^^^^^^^^^^^^^^^^^^^^^^^^^^^^^^^^^^^^^^^^^^^^^^^^^^^^^^^^^^^^^^^
  File "C:\Users\taran\AppData\Local\Programs\Python\Python313\Lib\site-packages\aiogram\dispatcher\router.py", line 146, in propagate_event
    return await observer.wrap_outer_middleware(_wrapped, event=event, data=kwargs)
           ^^^^^^^^^^^^^^^^^^^^^^^^^^^^^^^^^^^^^^^^^^^^^^^^^^^^^^^^^^^^^^^^^^^^^^^^
  File "C:\Users\taran\AppData\Local\Programs\Python\Python313\Lib\site-packages\aiogram\dispatcher\router.py", line 141, in _wrapped
    return await self._propagate_event(
           ^^^^^^^^^^^^^^^^^^^^^^^^^^^^
        observer=observer, update_type=update_type, event=telegram_event, **data
        ^^^^^^^^^^^^^^^^^^^^^^^^^^^^^^^^^^^^^^^^^^^^^^^^^^^^^^^^^^^^^^^^^^^^^^^^
    )
    ^
  File "C:\Users\taran\AppData\Local\Programs\Python\Python313\Lib\site-packages\aiogram\dispatcher\router.py", line 174, in _propagate_event
    response = await router.propagate_event(update_type=update_type, event=event, **kwargs)
               ^^^^^^^^^^^^^^^^^^^^^^^^^^^^^^^^^^^^^^^^^^^^^^^^^^^^^^^^^^^^^^^^^^^^^^^^^^^^
  File "C:\Users\taran\AppData\Local\Programs\Python\Python313\Lib\site-packages\aiogram\dispatcher\router.py", line 146, in propagate_event
    return await observer.wrap_outer_middleware(_wrapped, event=event, data=kwargs)
           ^^^^^^^^^^^^^^^^^^^^^^^^^^^^^^^^^^^^^^^^^^^^^^^^^^^^^^^^^^^^^^^^^^^^^^^^
  File "C:\Users\taran\AppData\Local\Programs\Python\Python313\Lib\site-packages\aiogram\dispatcher\router.py", line 141, in _wrapped
    return await self._propagate_event(
           ^^^^^^^^^^^^^^^^^^^^^^^^^^^^
        observer=observer, update_type=update_type, event=telegram_event, **data
        ^^^^^^^^^^^^^^^^^^^^^^^^^^^^^^^^^^^^^^^^^^^^^^^^^^^^^^^^^^^^^^^^^^^^^^^^
    )
    ^
  File "C:\Users\taran\AppData\Local\Programs\Python\Python313\Lib\site-packages\aiogram\dispatcher\router.py", line 166, in _propagate_event
    response = await observer.trigger(event, **kwargs)
               ^^^^^^^^^^^^^^^^^^^^^^^^^^^^^^^^^^^^^^^
  File "C:\Users\taran\AppData\Local\Programs\Python\Python313\Lib\site-packages\aiogram\dispatcher\event\telegram.py", line 121, in trigger
    return await wrapped_inner(event, kwargs)
           ^^^^^^^^^^^^^^^^^^^^^^^^^^^^^^^^^^
  File "C:\Users\taran\AppData\Local\Programs\Python\Python313\Lib\site-packages\aiogram\dispatcher\event\handler.py", line 43, in call
    return await wrapped()
           ^^^^^^^^^^^^^^^
  File "C:\Users\taran\Training_Main_bot\bot.py", line 1049, in back_to_main_menu
    await call.message.edit_text(
          ~~~~~~~~~~~~~~~~~~~~~~^
        "🏠 <b>Главное меню</b>",
        ^^^^^^^^^^^^^^^^^^^^^^^^^
        reply_markup=get_main_menu(),
        ^^^^^^^^^^^^^^^^^^^^^^^^^^^^^
        parse_mode="HTML"
        ^^^^^^^^^^^^^^^^^
    )
    ^
  File "C:\Users\taran\AppData\Local\Programs\Python\Python313\Lib\site-packages\aiogram\types\message.py", line 3634, in edit_text
    return EditMessageText(
           ~~~~~~~~~~~~~~~^
        chat_id=self.chat.id,
        ^^^^^^^^^^^^^^^^^^^^^
    ...<9 lines>...
        **kwargs,
        ^^^^^^^^^
    ).as_(self._bot)
    ^
  File "C:\Users\taran\AppData\Local\Programs\Python\Python313\Lib\site-packages\pydantic\main.py", line 253, in __init__
    validated_self = self.__pydantic_validator__.validate_python(data, self_instance=self)
pydantic_core._pydantic_core.ValidationError: 1 validation error for EditMessageText
reply_markup
  Input should be a valid dictionary or instance of InlineKeyboardMarkup [type=model_type, input_value=ReplyKeyboardMarkup(keybo...er=None, selective=None), input_type=ReplyKeyboardMarkup]
    For further information visit https://errors.pydantic.dev/2.11/v/model_type
2026-04-12 17:08:20 | INFO | Update id=354056045 is handled. Duration 206 ms by bot id=8224983369
2026-04-12 17:08:22 | INFO | Update id=354056046 is handled. Duration 131 ms by bot id=8224983369
2026-04-12 17:08:23 | INFO | Update id=354056047 is handled. Duration 99 ms by bot id=8224983369
2026-04-12 17:08:24 | INFO | Update id=354056048 is handled. Duration 280 ms by bot id=8224983369
2026-04-12 17:08:26 | INFO | Update id=354056049 is handled. Duration 328 ms by bot id=8224983369
2026-04-12 17:08:32 | INFO | Update id=354056050 is handled. Duration 93 ms by bot id=8224983369
2026-04-12 17:08:34 | INFO | Update id=354056051 is handled. Duration 92 ms by bot id=8224983369
2026-04-12 17:08:35 | INFO | Update id=354056052 is handled. Duration 99 ms by bot id=8224983369
2026-04-12 17:08:36 | INFO | Update id=354056053 is handled. Duration 97 ms by bot id=8224983369
2026-04-12 17:08:39 | INFO | Update id=354056054 is handled. Duration 218 ms by bot id=8224983369
2026-04-12 17:08:41 | INFO | Update id=354056055 is handled. Duration 314 ms by bot id=8224983369
2026-04-12 17:09:14 | INFO | Update id=354056056 is handled. Duration 113 ms by bot id=8224983369
2026-04-12 17:09:17 | INFO | Update id=354056057 is handled. Duration 96 ms by bot id=8224983369
2026-04-12 17:09:18 | INFO | Update id=354056058 is handled. Duration 104 ms by bot id=8224983369
2026-04-12 17:09:19 | INFO | Update id=354056059 is handled. Duration 94 ms by bot id=8224983369
2026-04-12 17:09:22 | INFO | Update id=354056060 is handled. Duration 168 ms by bot id=8224983369
2026-04-12 17:09:25 | INFO | Update id=354056061 is handled. Duration 201 ms by bot id=8224983369
2026-04-12 17:09:31 | INFO | Update id=354056062 is handled. Duration 314 ms by bot id=8224983369
2026-04-12 17:23:42 | INFO | Polling stopped
2026-04-12 17:23:42 | INFO | Polling stopped for bot @FootPrognosticBot id=8224983369 - 'my_football_bot'
2026-04-12 17:24:26 | INFO | 🔄 Загрузка моделей и команд...
2026-04-12 17:24:26 | INFO | 📊 Загрузка 🇷🇺 РПЛ...
2026-04-12 17:24:27 | INFO | ✅ Модель загружена: C:\Users\taran\Training_Main_bot\data\rpl\model.pkl
2026-04-12 17:24:27 | INFO |    ↳ Модель загружена из кэша
2026-04-12 17:24:27 | INFO | 📥 Загрузка данных из C:\Users\taran\Training_Main_bot\data\rpl\matches.csv
2026-04-12 17:24:27 | INFO | ✅ Файл прочитан (кодировка: utf-8)
2026-04-12 17:24:27 | INFO | ✅ Дни отдыха рассчитаны
2026-04-12 17:24:27 | INFO | ✅ Загружено 3336 матчей
2026-04-12 17:24:27 | INFO | ✅ 🇷🇺 РПЛ загружена (3336 матчей, 38 команд)
2026-04-12 17:24:27 | INFO | 📊 Загрузка 🇬🇧 Англия: Премьер-лига...
2026-04-12 17:24:27 | INFO | ✅ Модель загружена: C:\Users\taran\Training_Main_bot\data\epl\model.pkl
2026-04-12 17:24:27 | INFO |    ↳ Модель загружена из кэша
2026-04-12 17:24:27 | INFO | 📥 Загрузка данных из C:\Users\taran\Training_Main_bot\data\epl\matches.csv
2026-04-12 17:24:28 | INFO | ✅ Файл прочитан (кодировка: utf-8)
2026-04-12 17:24:28 | INFO | ✅ Дни отдыха рассчитаны
2026-04-12 17:24:28 | INFO | ✅ Загружено 1520 матчей
2026-04-12 17:24:28 | INFO | ✅ 🇬🇧 Англия: Премьер-лига загружена (1520 матчей, 26 команд)
2026-04-12 17:24:28 | INFO | 📊 Загрузка 🇩🇪 Бундеслига...
2026-04-12 17:24:28 | INFO | ✅ Модель загружена: C:\Users\taran\Training_Main_bot\data\bundesliga\model.pkl
2026-04-12 17:24:28 | INFO |    ↳ Модель загружена из кэша
2026-04-12 17:24:28 | INFO | 📥 Загрузка данных из C:\Users\taran\Training_Main_bot\data\bundesliga\matches.csv
2026-04-12 17:24:28 | INFO | ✅ Файл прочитан (кодировка: utf-8)
2026-04-12 17:24:28 | INFO | ✅ Дни отдыха рассчитаны
2026-04-12 17:24:28 | INFO | ✅ Загружено 1224 матчей
2026-04-12 17:24:28 | INFO | ✅ 🇩🇪 Бундеслига загружена (1224 матчей, 22 команд)
2026-04-12 17:24:28 | INFO | 📊 Загрузка 🇮🇹 Серия A...
2026-04-12 17:24:29 | INFO | ✅ Модель загружена: C:\Users\taran\Training_Main_bot\data\seriaA\model.pkl
2026-04-12 17:24:29 | INFO |    ↳ Модель загружена из кэша
2026-04-12 17:24:29 | INFO | 📥 Загрузка данных из C:\Users\taran\Training_Main_bot\data\seriaA\matches.csv
2026-04-12 17:24:29 | INFO | ✅ Файл прочитан (кодировка: utf-8)
2026-04-12 17:24:29 | INFO | ✅ Дни отдыха рассчитаны
2026-04-12 17:24:29 | INFO | ✅ Загружено 1520 матчей
2026-04-12 17:24:29 | INFO | ✅ 🇮🇹 Серия A загружена (1520 матчей, 27 команд)
2026-04-12 17:24:29 | INFO | 📊 Загрузка 🇪🇸 Ла Лига...
2026-04-12 17:24:29 | INFO | ✅ Модель загружена: C:\Users\taran\Training_Main_bot\data\laLiga\model.pkl
2026-04-12 17:24:29 | INFO |    ↳ Модель загружена из кэша
2026-04-12 17:24:29 | INFO | 📥 Загрузка данных из C:\Users\taran\Training_Main_bot\data\laLiga\matches.csv
2026-04-12 17:24:29 | INFO | ✅ Файл прочитан (кодировка: utf-8)
2026-04-12 17:24:30 | INFO | ✅ Дни отдыха рассчитаны
2026-04-12 17:24:30 | INFO | ✅ Загружено 1520 матчей
2026-04-12 17:24:30 | INFO | ✅ 🇪🇸 Ла Лига загружена (1520 матчей, 26 команд)
2026-04-12 17:24:30 | INFO | 📊 Загрузка 🇫🇷 Лига 1...
2026-04-12 17:24:30 | INFO | ✅ Модель загружена: C:\Users\taran\Training_Main_bot\data\ligue1\model.pkl
2026-04-12 17:24:30 | INFO |    ↳ Модель загружена из кэша
2026-04-12 17:24:30 | INFO | 📥 Загрузка данных из C:\Users\taran\Training_Main_bot\data\ligue1\matches.csv
2026-04-12 17:24:30 | INFO | ✅ Файл прочитан (кодировка: utf-8)
2026-04-12 17:24:30 | INFO | ✅ Дни отдыха рассчитаны
2026-04-12 17:24:30 | INFO | ✅ Загружено 1446 матчей
2026-04-12 17:24:30 | INFO | ✅ 🇫🇷 Лига 1 загружена (1446 матчей, 26 команд)
2026-04-12 17:24:30 | INFO | 📊 Загрузка Лига чемпионов 🏆...
2026-04-12 17:24:30 | INFO | ✅ Модель загружена: C:\Users\taran\Training_Main_bot\data\champions_league\model.pkl
2026-04-12 17:24:30 | INFO |    ↳ Модель загружена из кэша
2026-04-12 17:24:30 | INFO | 📥 Загрузка данных из C:\Users\taran\Training_Main_bot\data\champions_league\matches.csv
2026-04-12 17:24:30 | INFO | ✅ Файл прочитан (кодировка: utf-8)
2026-04-12 17:24:30 | INFO | ✅ Дни отдыха рассчитаны
2026-04-12 17:24:30 | INFO | ✅ Загружено 135 матчей
2026-04-12 17:24:30 | INFO | ✅ Лига чемпионов 🏆 загружена (135 матчей, 36 команд)
2026-04-12 17:24:30 | INFO | 📊 Загрузка 🇳🇱 Эредивизи...
2026-04-12 17:24:31 | INFO | ✅ Модель загружена: C:\Users\taran\Training_Main_bot\data\eredivisise\model.pkl
2026-04-12 17:24:31 | INFO |    ↳ Модель загружена из кэша
2026-04-12 17:24:31 | INFO | 📥 Загрузка данных из C:\Users\taran\Training_Main_bot\data\eredivisise\matches.csv
2026-04-12 17:24:31 | INFO | ✅ Файл прочитан (кодировка: utf-8)
2026-04-12 17:24:31 | INFO | ✅ Дни отдыха рассчитаны
2026-04-12 17:24:31 | INFO | ✅ Загружено 1224 матчей
2026-04-12 17:24:31 | INFO | ✅ 🇳🇱 Эредивизи загружена (1224 матчей, 24 команд)
2026-04-12 17:24:31 | INFO | 📊 Загрузка 🇵🇹 Португальская Лига...
2026-04-12 17:24:31 | INFO | ✅ Модель загружена: C:\Users\taran\Training_Main_bot\data\portugueseLiga\model.pkl
2026-04-12 17:24:31 | INFO |    ↳ Модель загружена из кэша
2026-04-12 17:24:31 | INFO | 📥 Загрузка данных из C:\Users\taran\Training_Main_bot\data\portugueseLiga\matches.csv
2026-04-12 17:24:31 | INFO | ✅ Файл прочитан (кодировка: utf-8)
2026-04-12 17:24:32 | INFO | ✅ Дни отдыха рассчитаны
2026-04-12 17:24:32 | INFO | ✅ Загружено 1224 матчей
2026-04-12 17:24:32 | INFO | ✅ 🇵🇹 Португальская Лига загружена (1224 матчей, 24 команд)
2026-04-12 17:24:32 | INFO | ✅ Загружено 9 моделей, 249 уникальных команд
2026-04-12 17:24:32 | INFO | ✅ Загружена история из 6 прогнозов
2026-04-12 17:24:32 | INFO | Start polling
2026-04-12 17:24:32 | INFO | Run polling for bot @FootPrognosticBot id=8224983369 - 'my_football_bot'
2026-04-12 17:24:40 | INFO | Update id=354056063 is handled. Duration 376 ms by bot id=8224983369
2026-04-12 17:24:45 | INFO | Update id=354056064 is handled. Duration 106 ms by bot id=8224983369
2026-04-12 17:24:47 | INFO | Update id=354056065 is handled. Duration 484 ms by bot id=8224983369
2026-04-12 17:25:43 | INFO | Update id=354056066 is handled. Duration 215 ms by bot id=8224983369
2026-04-12 17:25:51 | INFO | Update id=354056067 is handled. Duration 200 ms by bot id=8224983369
2026-04-12 17:25:52 | INFO | Update id=354056068 is handled. Duration 213 ms by bot id=8224983369
2026-04-12 17:25:53 | INFO | Update id=354056069 is handled. Duration 200 ms by bot id=8224983369
2026-04-12 17:25:54 | INFO | Update id=354056070 is handled. Duration 212 ms by bot id=8224983369
2026-04-12 17:32:26 | INFO | Polling stopped
2026-04-12 17:32:26 | INFO | Polling stopped for bot @FootPrognosticBot id=8224983369 - 'my_football_bot'
2026-04-12 17:57:29 | INFO | 📥 Загрузка данных из data/epl/matches.csv
2026-04-12 17:57:29 | INFO | ✅ Файл прочитан (кодировка: utf-8)
2026-04-12 17:57:29 | INFO | ✅ Дни отдыха рассчитаны
2026-04-12 17:57:29 | INFO | ✅ Загружено 1520 матчей
2026-04-24 15:54:11 | INFO | 🔄 Загрузка моделей и команд...
2026-04-24 15:54:11 | INFO | 📊 Загрузка 🇷🇺 РПЛ...
2026-04-24 15:54:11 | INFO | 📥 Загрузка данных из C:\Users\taran\Training_Main_bot\data\rpl\matches.csv
2026-04-24 15:54:11 | INFO | ✅ Файл прочитан (кодировка: utf-8)
2026-04-24 15:54:13 | INFO | ✅ Дни отдыха рассчитаны
2026-04-24 15:54:13 | INFO | ✅ Загружено 3344 матчей
2026-04-24 15:54:13 | INFO | 🚀 Начало обучения моделей...
2026-04-24 15:54:13 | INFO | ⚡ Расчёт ELO рейтингов...
2026-04-24 15:54:28 | INFO | 🎯 Обучение модели исхода...
2026-04-24 15:54:28 | INFO | ⚽ Обучение модели тотала...
2026-04-24 15:54:29 | INFO | 🔄 Обучение модели BTTS...
2026-04-24 15:54:29 | INFO | ✅ Обучение завершено! Моделей: 3
2026-04-24 15:54:29 | INFO | ✅ Модель сохранена: C:\Users\taran\Training_Main_bot\data\rpl\model.pkl
2026-04-24 15:54:29 | INFO |    ↳ Модель обучена и сохранена
2026-04-24 15:54:29 | INFO | 📥 Загрузка данных из C:\Users\taran\Training_Main_bot\data\rpl\matches.csv
2026-04-24 15:54:29 | INFO | ✅ Файл прочитан (кодировка: utf-8)
2026-04-24 15:54:30 | INFO | ✅ Дни отдыха рассчитаны
2026-04-24 15:54:30 | INFO | ✅ Загружено 3344 матчей
2026-04-24 15:54:30 | INFO | ✅ 🇷🇺 РПЛ загружена (3344 матчей, 38 команд)
2026-04-24 15:54:30 | INFO | 📊 Загрузка 🇬🇧 Англия: Премьер-лига...
2026-04-24 15:54:30 | INFO | 📥 Загрузка данных из C:\Users\taran\Training_Main_bot\data\epl\matches.csv
2026-04-24 15:54:30 | INFO | ✅ Файл прочитан (кодировка: utf-8)
2026-04-24 15:54:31 | INFO | ✅ Дни отдыха рассчитаны
2026-04-24 15:54:31 | INFO | ✅ Загружено 1520 матчей
2026-04-24 15:54:31 | INFO | 🚀 Начало обучения моделей...
2026-04-24 15:54:31 | INFO | ⚡ Расчёт ELO рейтингов...
2026-04-24 15:54:38 | INFO | 🎯 Обучение модели исхода...
2026-04-24 15:54:39 | INFO | ⚽ Обучение модели тотала...
2026-04-24 15:54:39 | INFO | 🔄 Обучение модели BTTS...
2026-04-24 15:54:39 | INFO | 🎯 Обучение моделей угловых...
2026-04-24 15:54:39 | INFO | ✅ Обучение завершено! Моделей: 4
2026-04-24 15:54:39 | INFO | ✅ Модель сохранена: C:\Users\taran\Training_Main_bot\data\epl\model.pkl
2026-04-24 15:54:39 | INFO |    ↳ Модель обучена и сохранена
2026-04-24 15:54:39 | INFO | 📥 Загрузка данных из C:\Users\taran\Training_Main_bot\data\epl\matches.csv
2026-04-24 15:54:39 | INFO | ✅ Файл прочитан (кодировка: utf-8)
2026-04-24 15:54:40 | INFO | ✅ Дни отдыха рассчитаны
2026-04-24 15:54:40 | INFO | ✅ Загружено 1520 матчей
2026-04-24 15:54:40 | INFO | ✅ 🇬🇧 Англия: Премьер-лига загружена (1520 матчей, 26 команд)
2026-04-24 15:54:40 | INFO | 📊 Загрузка 🇩🇪 Бундеслига...
2026-04-24 15:54:40 | INFO | 📥 Загрузка данных из C:\Users\taran\Training_Main_bot\data\bundesliga\matches.csv
2026-04-24 15:54:40 | INFO | ✅ Файл прочитан (кодировка: utf-8)
2026-04-24 15:54:40 | INFO | ✅ Дни отдыха рассчитаны
2026-04-24 15:54:40 | INFO | ✅ Загружено 1224 матчей
2026-04-24 15:54:40 | INFO | 🚀 Начало обучения моделей...
2026-04-24 15:54:40 | INFO | ⚡ Расчёт ELO рейтингов...
2026-04-24 15:54:47 | INFO | 🎯 Обучение модели исхода...
2026-04-24 15:54:47 | INFO | ⚽ Обучение модели тотала...
2026-04-24 15:54:48 | INFO | 🔄 Обучение модели BTTS...
2026-04-24 15:54:48 | INFO | 🎯 Обучение моделей угловых...
2026-04-24 15:54:48 | INFO | ✅ Обучение завершено! Моделей: 4
2026-04-24 15:54:48 | INFO | ✅ Модель сохранена: C:\Users\taran\Training_Main_bot\data\bundesliga\model.pkl
2026-04-24 15:54:48 | INFO |    ↳ Модель обучена и сохранена
2026-04-24 15:54:48 | INFO | 📥 Загрузка данных из C:\Users\taran\Training_Main_bot\data\bundesliga\matches.csv
2026-04-24 15:54:48 | INFO | ✅ Файл прочитан (кодировка: utf-8)
2026-04-24 15:54:49 | INFO | ✅ Дни отдыха рассчитаны
2026-04-24 15:54:49 | INFO | ✅ Загружено 1224 матчей
2026-04-24 15:54:49 | INFO | ✅ 🇩🇪 Бундеслига загружена (1224 матчей, 22 команд)
2026-04-24 15:54:49 | INFO | 📊 Загрузка 🇮🇹 Серия A...
2026-04-24 15:54:49 | INFO | 📥 Загрузка данных из C:\Users\taran\Training_Main_bot\data\seriaA\matches.csv
2026-04-24 15:54:49 | INFO | ✅ Файл прочитан (кодировка: utf-8)
2026-04-24 15:54:49 | INFO | ✅ Дни отдыха рассчитаны
2026-04-24 15:54:49 | INFO | ✅ Загружено 1520 матчей
2026-04-24 15:54:49 | INFO | 🚀 Начало обучения моделей...
2026-04-24 15:54:49 | INFO | ⚡ Расчёт ELO рейтингов...
2026-04-24 15:54:56 | INFO | 🎯 Обучение модели исхода...
2026-04-24 15:54:57 | INFO | ⚽ Обучение модели тотала...
2026-04-24 15:54:57 | INFO | 🔄 Обучение модели BTTS...
2026-04-24 15:54:57 | INFO | 🎯 Обучение моделей угловых...
2026-04-24 15:54:58 | INFO | ✅ Обучение завершено! Моделей: 4
2026-04-24 15:54:58 | INFO | ✅ Модель сохранена: C:\Users\taran\Training_Main_bot\data\seriaA\model.pkl
2026-04-24 15:54:58 | INFO |    ↳ Модель обучена и сохранена
2026-04-24 15:54:58 | INFO | 📥 Загрузка данных из C:\Users\taran\Training_Main_bot\data\seriaA\matches.csv
2026-04-24 15:54:58 | INFO | ✅ Файл прочитан (кодировка: utf-8)
2026-04-24 15:54:58 | INFO | ✅ Дни отдыха рассчитаны
2026-04-24 15:54:58 | INFO | ✅ Загружено 1520 матчей
2026-04-24 15:54:58 | INFO | ✅ 🇮🇹 Серия A загружена (1520 матчей, 27 команд)
2026-04-24 15:54:58 | INFO | 📊 Загрузка 🇪🇸 Ла Лига...
2026-04-24 15:54:58 | INFO | 📥 Загрузка данных из C:\Users\taran\Training_Main_bot\data\laLiga\matches.csv
2026-04-24 15:54:58 | INFO | ✅ Файл прочитан (кодировка: utf-8)
2026-04-24 15:54:59 | INFO | ✅ Дни отдыха рассчитаны
2026-04-24 15:54:59 | INFO | ✅ Загружено 1520 матчей
2026-04-24 15:54:59 | INFO | 🚀 Начало обучения моделей...
2026-04-24 15:54:59 | INFO | ⚡ Расчёт ELO рейтингов...
2026-04-24 15:55:06 | INFO | 🎯 Обучение модели исхода...
2026-04-24 15:55:06 | INFO | ⚽ Обучение модели тотала...
2026-04-24 15:55:07 | INFO | 🔄 Обучение модели BTTS...
2026-04-24 15:55:07 | INFO | 🎯 Обучение моделей угловых...
2026-04-24 15:55:07 | INFO | ✅ Обучение завершено! Моделей: 4
2026-04-24 15:55:07 | INFO | ✅ Модель сохранена: C:\Users\taran\Training_Main_bot\data\laLiga\model.pkl
2026-04-24 15:55:07 | INFO |    ↳ Модель обучена и сохранена
2026-04-24 15:55:07 | INFO | 📥 Загрузка данных из C:\Users\taran\Training_Main_bot\data\laLiga\matches.csv
2026-04-24 15:55:07 | INFO | ✅ Файл прочитан (кодировка: utf-8)
2026-04-24 15:55:08 | INFO | ✅ Дни отдыха рассчитаны
2026-04-24 15:55:08 | INFO | ✅ Загружено 1520 матчей
2026-04-24 15:55:08 | INFO | ✅ 🇪🇸 Ла Лига загружена (1520 матчей, 26 команд)
2026-04-24 15:55:08 | INFO | 📊 Загрузка 🇫🇷 Лига 1...
2026-04-24 15:55:08 | INFO | 📥 Загрузка данных из C:\Users\taran\Training_Main_bot\data\ligue1\matches.csv
2026-04-24 15:55:08 | INFO | ✅ Файл прочитан (кодировка: utf-8)
2026-04-24 15:55:08 | INFO | ✅ Дни отдыха рассчитаны
2026-04-24 15:55:08 | INFO | ✅ Загружено 1446 матчей
2026-04-24 15:55:08 | INFO | 🚀 Начало обучения моделей...
2026-04-24 15:55:08 | INFO | ⚡ Расчёт ELO рейтингов...
2026-04-24 15:55:15 | INFO | 🎯 Обучение модели исхода...
2026-04-24 15:55:16 | INFO | ⚽ Обучение модели тотала...
2026-04-24 15:55:16 | INFO | 🔄 Обучение модели BTTS...
2026-04-24 15:55:16 | INFO | 🎯 Обучение моделей угловых...
2026-04-24 15:55:16 | INFO | ✅ Обучение завершено! Моделей: 4
2026-04-24 15:55:17 | INFO | ✅ Модель сохранена: C:\Users\taran\Training_Main_bot\data\ligue1\model.pkl
2026-04-24 15:55:17 | INFO |    ↳ Модель обучена и сохранена
2026-04-24 15:55:17 | INFO | 📥 Загрузка данных из C:\Users\taran\Training_Main_bot\data\ligue1\matches.csv
2026-04-24 15:55:17 | INFO | ✅ Файл прочитан (кодировка: utf-8)
2026-04-24 15:55:17 | INFO | ✅ Дни отдыха рассчитаны
2026-04-24 15:55:17 | INFO | ✅ Загружено 1446 матчей
2026-04-24 15:55:17 | INFO | ✅ 🇫🇷 Лига 1 загружена (1446 матчей, 26 команд)
2026-04-24 15:55:17 | INFO | 📊 Загрузка Лига чемпионов 🏆...
2026-04-24 15:55:17 | INFO | 📥 Загрузка данных из C:\Users\taran\Training_Main_bot\data\champions_league\matches.csv
2026-04-24 15:55:17 | INFO | ✅ Файл прочитан (кодировка: utf-8)
2026-04-24 15:55:17 | INFO | ✅ Дни отдыха рассчитаны
2026-04-24 15:55:17 | INFO | ✅ Загружено 135 матчей
2026-04-24 15:55:17 | INFO | 🚀 Начало обучения моделей...
2026-04-24 15:55:17 | INFO | ⚡ Расчёт ELO рейтингов...
2026-04-24 15:55:18 | INFO | 🎯 Обучение модели исхода...
2026-04-24 15:55:18 | INFO | ⚽ Обучение модели тотала...
2026-04-24 15:55:18 | INFO | 🔄 Обучение модели BTTS...
2026-04-24 15:55:18 | INFO | 🎯 Обучение моделей угловых...
2026-04-24 15:55:19 | INFO | ✅ Обучение завершено! Моделей: 4
2026-04-24 15:55:19 | INFO | ✅ Модель сохранена: C:\Users\taran\Training_Main_bot\data\champions_league\model.pkl
2026-04-24 15:55:19 | INFO |    ↳ Модель обучена и сохранена
2026-04-24 15:55:19 | INFO | 📥 Загрузка данных из C:\Users\taran\Training_Main_bot\data\champions_league\matches.csv
2026-04-24 15:55:19 | INFO | ✅ Файл прочитан (кодировка: utf-8)
2026-04-24 15:55:19 | INFO | ✅ Дни отдыха рассчитаны
2026-04-24 15:55:19 | INFO | ✅ Загружено 135 матчей
2026-04-24 15:55:19 | INFO | ✅ Лига чемпионов 🏆 загружена (135 матчей, 36 команд)
2026-04-24 15:55:19 | INFO | 📊 Загрузка 🇳🇱 Эредивизи...
2026-04-24 15:55:19 | INFO | 📥 Загрузка данных из C:\Users\taran\Training_Main_bot\data\eredivisise\matches.csv
2026-04-24 15:55:19 | INFO | ✅ Файл прочитан (кодировка: utf-8)
2026-04-24 15:55:19 | INFO | ✅ Дни отдыха рассчитаны
2026-04-24 15:55:19 | INFO | ✅ Загружено 1224 матчей
2026-04-24 15:55:19 | INFO | 🚀 Начало обучения моделей...
2026-04-24 15:55:19 | INFO | ⚡ Расчёт ELO рейтингов...
2026-04-24 15:55:25 | INFO | 🎯 Обучение модели исхода...
2026-04-24 15:55:25 | INFO | ⚽ Обучение модели тотала...
2026-04-24 15:55:26 | INFO | 🔄 Обучение модели BTTS...
2026-04-24 15:55:26 | INFO | 🎯 Обучение моделей угловых...
2026-04-24 15:55:26 | INFO | ✅ Обучение завершено! Моделей: 4
2026-04-24 15:55:26 | INFO | ✅ Модель сохранена: C:\Users\taran\Training_Main_bot\data\eredivisise\model.pkl
2026-04-24 15:55:26 | INFO |    ↳ Модель обучена и сохранена
2026-04-24 15:55:26 | INFO | 📥 Загрузка данных из C:\Users\taran\Training_Main_bot\data\eredivisise\matches.csv
2026-04-24 15:55:26 | INFO | ✅ Файл прочитан (кодировка: utf-8)
2026-04-24 15:55:27 | INFO | ✅ Дни отдыха рассчитаны
2026-04-24 15:55:27 | INFO | ✅ Загружено 1224 матчей
2026-04-24 15:55:27 | INFO | ✅ 🇳🇱 Эредивизи загружена (1224 матчей, 24 команд)
2026-04-24 15:55:27 | INFO | 📊 Загрузка 🇵🇹 Португальская Лига...
2026-04-24 15:55:27 | INFO | 📥 Загрузка данных из C:\Users\taran\Training_Main_bot\data\portugueseLiga\matches.csv
2026-04-24 15:55:27 | INFO | ✅ Файл прочитан (кодировка: utf-8)
2026-04-24 15:55:27 | INFO | ✅ Дни отдыха рассчитаны
2026-04-24 15:55:27 | INFO | ✅ Загружено 1224 матчей
2026-04-24 15:55:27 | INFO | 🚀 Начало обучения моделей...
2026-04-24 15:55:27 | INFO | ⚡ Расчёт ELO рейтингов...
2026-04-24 15:55:33 | INFO | 🎯 Обучение модели исхода...
2026-04-24 15:55:33 | INFO | ⚽ Обучение модели тотала...
2026-04-24 15:55:33 | INFO | 🔄 Обучение модели BTTS...
2026-04-24 15:55:34 | INFO | 🎯 Обучение моделей угловых...
2026-04-24 15:55:34 | INFO | ✅ Обучение завершено! Моделей: 4
2026-04-24 15:55:34 | INFO | ✅ Модель сохранена: C:\Users\taran\Training_Main_bot\data\portugueseLiga\model.pkl
2026-04-24 15:55:34 | INFO |    ↳ Модель обучена и сохранена
2026-04-24 15:55:34 | INFO | 📥 Загрузка данных из C:\Users\taran\Training_Main_bot\data\portugueseLiga\matches.csv
2026-04-24 15:55:34 | INFO | ✅ Файл прочитан (кодировка: utf-8)
2026-04-24 15:55:34 | INFO | ✅ Дни отдыха рассчитаны
2026-04-24 15:55:34 | INFO | ✅ Загружено 1224 матчей
2026-04-24 15:55:34 | INFO | ✅ 🇵🇹 Португальская Лига загружена (1224 матчей, 24 команд)
2026-04-24 15:55:34 | INFO | 📊 Загрузка 🇦🇷 Аргентина: Примера Дивисьон...
2026-04-24 15:55:34 | INFO | 📥 Загрузка данных из C:\Users\taran\Training_Main_bot\data\argentina\matches.csv
2026-04-24 15:55:34 | INFO | ✅ Файл прочитан (кодировка: utf-8)
2026-04-24 15:55:37 | INFO | ✅ Дни отдыха рассчитаны
2026-04-24 15:55:37 | INFO | ✅ Загружено 6160 матчей
2026-04-24 15:55:37 | INFO | 🚀 Начало обучения моделей...
2026-04-24 15:55:37 | INFO | ⚡ Расчёт ELO рейтингов...
2026-04-24 15:56:06 | INFO | 🎯 Обучение модели исхода...
2026-04-24 15:56:07 | INFO | ⚽ Обучение модели тотала...
2026-04-24 15:56:07 | INFO | 🔄 Обучение модели BTTS...
2026-04-24 15:56:07 | INFO | ✅ Обучение завершено! Моделей: 3
2026-04-24 15:56:07 | INFO | ✅ Модель сохранена: C:\Users\taran\Training_Main_bot\data\argentina\model.pkl
2026-04-24 15:56:07 | INFO |    ↳ Модель обучена и сохранена
2026-04-24 15:56:07 | INFO | 📥 Загрузка данных из C:\Users\taran\Training_Main_bot\data\argentina\matches.csv
2026-04-24 15:56:07 | INFO | ✅ Файл прочитан (кодировка: utf-8)
2026-04-24 15:56:10 | INFO | ✅ Дни отдыха рассчитаны
2026-04-24 15:56:10 | INFO | ✅ Загружено 6160 матчей
2026-04-24 15:56:10 | INFO | ✅ 🇦🇷 Аргентина: Примера Дивисьон загружена (6160 матчей, 45 команд)
2026-04-24 15:56:10 | INFO | 📊 Загрузка 🇦🇹 Австрия: Бундеслига...
2026-04-24 15:56:10 | INFO | 📥 Загрузка данных из C:\Users\taran\Training_Main_bot\data\austria\matches.csv
2026-04-24 15:56:10 | INFO | ✅ Файл прочитан (кодировка: utf-8)
2026-04-24 15:56:11 | INFO | ✅ Дни отдыха рассчитаны
2026-04-24 15:56:11 | INFO | ✅ Загружено 2596 матчей
2026-04-24 15:56:11 | INFO | 🚀 Начало обучения моделей...
2026-04-24 15:56:11 | INFO | ⚡ Расчёт ELO рейтингов...
2026-04-24 15:56:21 | INFO | 🎯 Обучение модели исхода...
2026-04-24 15:56:22 | INFO | ⚽ Обучение модели тотала...
2026-04-24 15:56:22 | INFO | 🔄 Обучение модели BTTS...
2026-04-24 15:56:22 | INFO | ✅ Обучение завершено! Моделей: 3
2026-04-24 15:56:22 | INFO | ✅ Модель сохранена: C:\Users\taran\Training_Main_bot\data\austria\model.pkl
2026-04-24 15:56:22 | INFO |    ↳ Модель обучена и сохранена
2026-04-24 15:56:22 | INFO | 📥 Загрузка данных из C:\Users\taran\Training_Main_bot\data\austria\matches.csv
2026-04-24 15:56:22 | INFO | ✅ Файл прочитан (кодировка: utf-8)
2026-04-24 15:56:23 | INFO | ✅ Дни отдыха рассчитаны
2026-04-24 15:56:23 | INFO | ✅ Загружено 2596 матчей
2026-04-24 15:56:23 | INFO | ✅ 🇦🇹 Австрия: Бундеслига загружена (2596 матчей, 20 команд)
2026-04-24 15:56:23 | INFO | 📊 Загрузка 🇧🇷 Бразилия: Серия А...
2026-04-24 15:56:23 | INFO | 📥 Загрузка данных из C:\Users\taran\Training_Main_bot\data\brazil\matches.csv
2026-04-24 15:56:23 | INFO | ✅ Файл прочитан (кодировка: utf-8)
2026-04-24 15:56:25 | INFO | ✅ Дни отдыха рассчитаны
2026-04-24 15:56:25 | INFO | ✅ Загружено 5417 матчей
2026-04-24 15:56:25 | INFO | 🚀 Начало обучения моделей...
2026-04-24 15:56:25 | INFO | ⚡ Расчёт ELO рейтингов...
2026-04-24 15:56:50 | INFO | 🎯 Обучение модели исхода...
2026-04-24 15:56:51 | INFO | ⚽ Обучение модели тотала...
2026-04-24 15:56:51 | INFO | 🔄 Обучение модели BTTS...
2026-04-24 15:56:51 | INFO | ✅ Обучение завершено! Моделей: 3
2026-04-24 15:56:51 | INFO | ✅ Модель сохранена: C:\Users\taran\Training_Main_bot\data\brazil\model.pkl
2026-04-24 15:56:51 | INFO |    ↳ Модель обучена и сохранена
2026-04-24 15:56:51 | INFO | 📥 Загрузка данных из C:\Users\taran\Training_Main_bot\data\brazil\matches.csv
2026-04-24 15:56:51 | INFO | ✅ Файл прочитан (кодировка: utf-8)
2026-04-24 15:56:53 | INFO | ✅ Дни отдыха рассчитаны
2026-04-24 15:56:53 | INFO | ✅ Загружено 5417 матчей
2026-04-24 15:56:53 | INFO | ✅ 🇧🇷 Бразилия: Серия А загружена (5417 матчей, 38 команд)
2026-04-24 15:56:53 | INFO | 📊 Загрузка 🇨🇳 Китай: Суперлига...
2026-04-24 15:56:53 | INFO | 📥 Загрузка данных из C:\Users\taran\Training_Main_bot\data\china\matches.csv
2026-04-24 15:56:53 | INFO | ✅ Файл прочитан (кодировка: utf-8)
2026-04-24 15:56:54 | INFO | ✅ Дни отдыха рассчитаны
2026-04-24 15:56:54 | INFO | ✅ Загружено 2840 матчей
2026-04-24 15:56:54 | INFO | 🚀 Начало обучения моделей...
2026-04-24 15:56:54 | INFO | ⚡ Расчёт ELO рейтингов...
2026-04-24 15:57:07 | INFO | 🎯 Обучение модели исхода...
2026-04-24 15:57:07 | INFO | ⚽ Обучение модели тотала...
2026-04-24 15:57:08 | INFO | 🔄 Обучение модели BTTS...
2026-04-24 15:57:08 | INFO | ✅ Обучение завершено! Моделей: 3
2026-04-24 15:57:08 | INFO | ✅ Модель сохранена: C:\Users\taran\Training_Main_bot\data\china\model.pkl
2026-04-24 15:57:08 | INFO |    ↳ Модель обучена и сохранена
2026-04-24 15:57:08 | INFO | 📥 Загрузка данных из C:\Users\taran\Training_Main_bot\data\china\matches.csv
2026-04-24 15:57:08 | INFO | ✅ Файл прочитан (кодировка: utf-8)
2026-04-24 15:57:09 | INFO | ✅ Дни отдыха рассчитаны
2026-04-24 15:57:09 | INFO | ✅ Загружено 2840 матчей
2026-04-24 15:57:09 | INFO | ✅ 🇨🇳 Китай: Суперлига загружена (2840 матчей, 45 команд)
2026-04-24 15:57:09 | INFO | 📊 Загрузка 🇩🇰 Дания: Суперлига...
2026-04-24 15:57:09 | INFO | 📥 Загрузка данных из C:\Users\taran\Training_Main_bot\data\dania\matches.csv
2026-04-24 15:57:09 | INFO | ✅ Файл прочитан (кодировка: utf-8)
2026-04-24 15:57:10 | INFO | ✅ Дни отдыха рассчитаны
2026-04-24 15:57:10 | INFO | ✅ Загружено 2910 матчей
2026-04-24 15:57:10 | INFO | 🚀 Начало обучения моделей...
2026-04-24 15:57:10 | INFO | ⚡ Расчёт ELO рейтингов...
2026-04-24 15:57:23 | INFO | 🎯 Обучение модели исхода...
2026-04-24 15:57:24 | INFO | ⚽ Обучение модели тотала...
2026-04-24 15:57:24 | INFO | 🔄 Обучение модели BTTS...
2026-04-24 15:57:24 | INFO | ✅ Обучение завершено! Моделей: 3
2026-04-24 15:57:24 | INFO | ✅ Модель сохранена: C:\Users\taran\Training_Main_bot\data\dania\model.pkl
2026-04-24 15:57:24 | INFO |    ↳ Модель обучена и сохранена
2026-04-24 15:57:24 | INFO | 📥 Загрузка данных из C:\Users\taran\Training_Main_bot\data\dania\matches.csv
2026-04-24 15:57:24 | INFO | ✅ Файл прочитан (кодировка: utf-8)
2026-04-24 15:57:26 | INFO | ✅ Дни отдыха рассчитаны
2026-04-24 15:57:26 | INFO | ✅ Загружено 2910 матчей
2026-04-24 15:57:26 | INFO | ✅ 🇩🇰 Дания: Суперлига загружена (2910 матчей, 21 команд)
2026-04-24 15:57:26 | INFO | 📊 Загрузка 🇫🇮 Финляндия: Вейккауслига...
2026-04-24 15:57:26 | INFO | 📥 Загрузка данных из C:\Users\taran\Training_Main_bot\data\finland\matches.csv
2026-04-24 15:57:26 | INFO | ✅ Файл прочитан (кодировка: utf-8)
2026-04-24 15:57:27 | INFO | ✅ Дни отдыха рассчитаны
2026-04-24 15:57:27 | INFO | ✅ Загружено 2550 матчей
2026-04-24 15:57:27 | INFO | 🚀 Начало обучения моделей...
2026-04-24 15:57:27 | INFO | ⚡ Расчёт ELO рейтингов...
2026-04-24 15:57:37 | INFO | 🎯 Обучение модели исхода...
2026-04-24 15:57:38 | INFO | ⚽ Обучение модели тотала...
2026-04-24 15:57:38 | INFO | 🔄 Обучение модели BTTS...
2026-04-24 15:57:38 | INFO | ✅ Обучение завершено! Моделей: 3
2026-04-24 15:57:38 | INFO | ✅ Модель сохранена: C:\Users\taran\Training_Main_bot\data\finland\model.pkl
2026-04-24 15:57:38 | INFO |    ↳ Модель обучена и сохранена
2026-04-24 15:57:38 | INFO | 📥 Загрузка данных из C:\Users\taran\Training_Main_bot\data\finland\matches.csv
2026-04-24 15:57:38 | INFO | ✅ Файл прочитан (кодировка: utf-8)
2026-04-24 15:57:39 | INFO | ✅ Дни отдыха рассчитаны
2026-04-24 15:57:39 | INFO | ✅ Загружено 2550 матчей
2026-04-24 15:57:39 | INFO | ✅ 🇫🇮 Финляндия: Вейккауслига загружена (2550 матчей, 23 команд)
2026-04-24 15:57:39 | INFO | 📊 Загрузка 🇬🇷 Греция: Суперлига...
2026-04-24 15:57:39 | INFO | 📥 Загрузка данных из C:\Users\taran\Training_Main_bot\data\greece\matches.csv
2026-04-24 15:57:39 | INFO | ✅ Файл прочитан (кодировка: utf-8)
2026-04-24 15:57:39 | INFO | ✅ Дни отдыха рассчитаны
2026-04-24 15:57:39 | INFO | ✅ Загружено 1200 матчей
2026-04-24 15:57:39 | INFO | 🚀 Начало обучения моделей...
2026-04-24 15:57:39 | INFO | ⚡ Расчёт ELO рейтингов...
2026-04-24 15:57:45 | INFO | 🎯 Обучение модели исхода...
2026-04-24 15:57:45 | INFO | ⚽ Обучение модели тотала...
2026-04-24 15:57:45 | INFO | 🔄 Обучение модели BTTS...
2026-04-24 15:57:46 | INFO | 🎯 Обучение моделей угловых...
2026-04-24 15:57:46 | INFO | ✅ Обучение завершено! Моделей: 4
2026-04-24 15:57:46 | INFO | ✅ Модель сохранена: C:\Users\taran\Training_Main_bot\data\greece\model.pkl
2026-04-24 15:57:46 | INFO |    ↳ Модель обучена и сохранена
2026-04-24 15:57:46 | INFO | 📥 Загрузка данных из C:\Users\taran\Training_Main_bot\data\greece\matches.csv
2026-04-24 15:57:46 | INFO | ✅ Файл прочитан (кодировка: utf-8)
2026-04-24 15:57:46 | INFO | ✅ Дни отдыха рассчитаны
2026-04-24 15:57:46 | INFO | ✅ Загружено 1200 матчей
2026-04-24 15:57:46 | INFO | ✅ 🇬🇷 Греция: Суперлига загружена (1200 матчей, 20 команд)
2026-04-24 15:57:46 | INFO | 📊 Загрузка 🇯🇵 Япония: Джей-лига...
2026-04-24 15:57:46 | INFO | 📥 Загрузка данных из C:\Users\taran\Training_Main_bot\data\japan\matches.csv
2026-04-24 15:57:46 | INFO | ✅ Файл прочитан (кодировка: utf-8)
2026-04-24 15:57:48 | INFO | ✅ Дни отдыха рассчитаны
2026-04-24 15:57:48 | INFO | ✅ Загружено 4523 матчей
2026-04-24 15:57:48 | INFO | 🚀 Начало обучения моделей...
2026-04-24 15:57:48 | INFO | ⚡ Расчёт ELO рейтингов...
2026-04-24 15:58:08 | INFO | 🎯 Обучение модели исхода...
2026-04-24 15:58:08 | INFO | ⚽ Обучение модели тотала...
2026-04-24 15:58:08 | INFO | 🔄 Обучение модели BTTS...
2026-04-24 15:58:09 | INFO | ✅ Обучение завершено! Моделей: 3
2026-04-24 15:58:09 | INFO | ✅ Модель сохранена: C:\Users\taran\Training_Main_bot\data\japan\model.pkl
2026-04-24 15:58:09 | INFO |    ↳ Модель обучена и сохранена
2026-04-24 15:58:09 | INFO | 📥 Загрузка данных из C:\Users\taran\Training_Main_bot\data\japan\matches.csv
2026-04-24 15:58:09 | INFO | ✅ Файл прочитан (кодировка: utf-8)
2026-04-24 15:58:10 | INFO | ✅ Дни отдыха рассчитаны
2026-04-24 15:58:10 | INFO | ✅ Загружено 4523 матчей
2026-04-24 15:58:10 | INFO | ✅ 🇯🇵 Япония: Джей-лига загружена (4523 матчей, 32 команд)
2026-04-24 15:58:10 | INFO | 📊 Загрузка 🇲🇽 Мексика: Лига МХ...
2026-04-24 15:58:10 | INFO | 📥 Загрузка данных из C:\Users\taran\Training_Main_bot\data\mexico\matches.csv
2026-04-24 15:58:11 | INFO | ✅ Файл прочитан (кодировка: utf-8)
2026-04-24 15:58:12 | INFO | ✅ Дни отдыха рассчитаны
2026-04-24 15:58:12 | INFO | ✅ Загружено 4605 матчей
2026-04-24 15:58:12 | INFO | 🚀 Начало обучения моделей...
2026-04-24 15:58:12 | INFO | ⚡ Расчёт ELO рейтингов...
2026-04-24 15:58:32 | INFO | 🎯 Обучение модели исхода...
2026-04-24 15:58:33 | INFO | ⚽ Обучение модели тотала...
2026-04-24 15:58:33 | INFO | 🔄 Обучение модели BTTS...
2026-04-24 15:58:33 | INFO | ✅ Обучение завершено! Моделей: 3
2026-04-24 15:58:33 | INFO | ✅ Модель сохранена: C:\Users\taran\Training_Main_bot\data\mexico\model.pkl
2026-04-24 15:58:33 | INFO |    ↳ Модель обучена и сохранена
2026-04-24 15:58:33 | INFO | 📥 Загрузка данных из C:\Users\taran\Training_Main_bot\data\mexico\matches.csv
2026-04-24 15:58:33 | INFO | ✅ Файл прочитан (кодировка: utf-8)
2026-04-24 15:58:35 | INFO | ✅ Дни отдыха рассчитаны
2026-04-24 15:58:35 | INFO | ✅ Загружено 4605 матчей
2026-04-24 15:58:35 | INFO | ✅ 🇲🇽 Мексика: Лига МХ загружена (4605 матчей, 25 команд)
2026-04-24 15:58:35 | INFO | 📊 Загрузка 🇳🇴 Норвегия: Элитсерия...
2026-04-24 15:58:35 | INFO | 📥 Загрузка данных из C:\Users\taran\Training_Main_bot\data\norway\matches.csv
2026-04-24 15:58:35 | INFO | ✅ Файл прочитан (кодировка: utf-8)
2026-04-24 15:58:36 | INFO | ✅ Дни отдыха рассчитаны
2026-04-24 15:58:36 | INFO | ✅ Загружено 3403 матчей
2026-04-24 15:58:36 | INFO | 🚀 Начало обучения моделей...
2026-04-24 15:58:36 | INFO | ⚡ Расчёт ELO рейтингов...
2026-04-24 15:58:51 | INFO | 🎯 Обучение модели исхода...
2026-04-24 15:58:52 | INFO | ⚽ Обучение модели тотала...
2026-04-24 15:58:52 | INFO | 🔄 Обучение модели BTTS...
2026-04-24 15:58:52 | INFO | ✅ Обучение завершено! Моделей: 3
2026-04-24 15:58:52 | INFO | ✅ Модель сохранена: C:\Users\taran\Training_Main_bot\data\norway\model.pkl
2026-04-24 15:58:52 | INFO |    ↳ Модель обучена и сохранена
2026-04-24 15:58:52 | INFO | 📥 Загрузка данных из C:\Users\taran\Training_Main_bot\data\norway\matches.csv
2026-04-24 15:58:52 | INFO | ✅ Файл прочитан (кодировка: utf-8)
2026-04-24 15:58:53 | INFO | ✅ Дни отдыха рассчитаны
2026-04-24 15:58:53 | INFO | ✅ Загружено 3403 матчей
2026-04-24 15:58:53 | INFO | ✅ 🇳🇴 Норвегия: Элитсерия загружена (3403 матчей, 31 команд)
2026-04-24 15:58:53 | INFO | 📊 Загрузка 🇵🇱 Польша: Экстракласа...
2026-04-24 15:58:53 | INFO | 📥 Загрузка данных из C:\Users\taran\Training_Main_bot\data\poland\matches.csv
2026-04-24 15:58:53 | INFO | ✅ Файл прочитан (кодировка: utf-8)
2026-04-24 15:58:55 | INFO | ✅ Дни отдыха рассчитаны
2026-04-24 15:58:55 | INFO | ✅ Загружено 4019 матчей
2026-04-24 15:58:55 | INFO | 🚀 Начало обучения моделей...
2026-04-24 15:58:55 | INFO | ⚡ Расчёт ELO рейтингов...
2026-04-24 15:59:12 | INFO | 🎯 Обучение модели исхода...
2026-04-24 15:59:13 | INFO | ⚽ Обучение модели тотала...
2026-04-24 15:59:13 | INFO | 🔄 Обучение модели BTTS...
2026-04-24 15:59:13 | INFO | ✅ Обучение завершено! Моделей: 3
2026-04-24 15:59:14 | INFO | ✅ Модель сохранена: C:\Users\taran\Training_Main_bot\data\poland\model.pkl
2026-04-24 15:59:14 | INFO |    ↳ Модель обучена и сохранена
2026-04-24 15:59:14 | INFO | 📥 Загрузка данных из C:\Users\taran\Training_Main_bot\data\poland\matches.csv
2026-04-24 15:59:14 | INFO | ✅ Файл прочитан (кодировка: utf-8)
2026-04-24 15:59:15 | INFO | ✅ Дни отдыха рассчитаны
2026-04-24 15:59:15 | INFO | ✅ Загружено 4019 матчей
2026-04-24 15:59:15 | INFO | ✅ 🇵🇱 Польша: Экстракласа загружена (4019 матчей, 35 команд)
2026-04-24 15:59:15 | INFO | 📊 Загрузка 🇷🇴 Румыния: Лига I...
2026-04-24 15:59:15 | INFO | 📥 Загрузка данных из C:\Users\taran\Training_Main_bot\data\romania\matches.csv
2026-04-24 15:59:15 | INFO | ✅ Файл прочитан (кодировка: utf-8)
2026-04-24 15:59:17 | INFO | ✅ Дни отдыха рассчитаны
2026-04-24 15:59:17 | INFO | ✅ Загружено 4125 матчей
2026-04-24 15:59:17 | INFO | 🚀 Начало обучения моделей...
2026-04-24 15:59:17 | INFO | ⚡ Расчёт ELO рейтингов...
2026-04-24 15:59:36 | INFO | 🎯 Обучение модели исхода...
2026-04-24 15:59:37 | INFO | ⚽ Обучение модели тотала...
2026-04-24 15:59:37 | INFO | 🔄 Обучение модели BTTS...
2026-04-24 15:59:37 | INFO | ✅ Обучение завершено! Моделей: 3
2026-04-24 15:59:37 | INFO | ✅ Модель сохранена: C:\Users\taran\Training_Main_bot\data\romania\model.pkl
2026-04-24 15:59:37 | INFO |    ↳ Модель обучена и сохранена
2026-04-24 15:59:37 | INFO | 📥 Загрузка данных из C:\Users\taran\Training_Main_bot\data\romania\matches.csv
2026-04-24 15:59:37 | INFO | ✅ Файл прочитан (кодировка: utf-8)
2026-04-24 15:59:39 | INFO | ✅ Дни отдыха рассчитаны
2026-04-24 15:59:39 | INFO | ✅ Загружено 4125 матчей
2026-04-24 15:59:39 | INFO | ✅ 🇷🇴 Румыния: Лига I загружена (4125 матчей, 42 команд)
2026-04-24 15:59:39 | INFO | 📊 Загрузка 🏴󠁧󠁢󠁳󠁣󠁴󠁿 Шотландия: Премьершип...
2026-04-24 15:59:39 | INFO | 📥 Загрузка данных из C:\Users\taran\Training_Main_bot\data\scotland\matches.csv
2026-04-24 15:59:39 | INFO | ✅ Файл прочитан (кодировка: utf-8)
2026-04-24 15:59:39 | INFO | ✅ Дни отдыха рассчитаны
2026-04-24 15:59:39 | INFO | ✅ Загружено 1091 матчей
2026-04-24 15:59:39 | INFO | 🚀 Начало обучения моделей...
2026-04-24 15:59:39 | INFO | ⚡ Расчёт ELO рейтингов...
2026-04-24 15:59:44 | INFO | 🎯 Обучение модели исхода...
2026-04-24 15:59:44 | INFO | ⚽ Обучение модели тотала...
2026-04-24 15:59:45 | INFO | 🔄 Обучение модели BTTS...
2026-04-24 15:59:45 | INFO | 🎯 Обучение моделей угловых...
2026-04-24 15:59:45 | INFO | ✅ Обучение завершено! Моделей: 4
2026-04-24 15:59:45 | INFO | ✅ Модель сохранена: C:\Users\taran\Training_Main_bot\data\scotland\model.pkl
2026-04-24 15:59:45 | INFO |    ↳ Модель обучена и сохранена
2026-04-24 15:59:45 | INFO | 📥 Загрузка данных из C:\Users\taran\Training_Main_bot\data\scotland\matches.csv
2026-04-24 15:59:45 | INFO | ✅ Файл прочитан (кодировка: utf-8)
2026-04-24 15:59:45 | INFO | ✅ Дни отдыха рассчитаны
2026-04-24 15:59:45 | INFO | ✅ Загружено 1091 матчей
2026-04-24 15:59:46 | INFO | ✅ 🏴󠁧󠁢󠁳󠁣󠁴󠁿 Шотландия: Премьершип загружена (1091 матчей, 14 команд)
2026-04-24 15:59:46 | INFO | 📊 Загрузка 🇹🇷 Турция: Суперлига...
2026-04-24 15:59:46 | INFO | 📥 Загрузка данных из C:\Users\taran\Training_Main_bot\data\turkey\matches.csv
2026-04-24 15:59:46 | INFO | ✅ Файл прочитан (кодировка: utf-8)
2026-04-24 15:59:46 | INFO | ✅ Дни отдыха рассчитаны
2026-04-24 15:59:46 | INFO | ✅ Загружено 1828 матчей
2026-04-24 15:59:46 | INFO | 🚀 Начало обучения моделей...
2026-04-24 15:59:46 | INFO | ⚡ Расчёт ELO рейтингов...
2026-04-24 15:59:54 | INFO | 🎯 Обучение модели исхода...
2026-04-24 15:59:55 | INFO | ⚽ Обучение модели тотала...
2026-04-24 15:59:55 | INFO | 🔄 Обучение модели BTTS...
2026-04-24 15:59:55 | INFO | 🎯 Обучение моделей угловых...
2026-04-24 15:59:56 | INFO | ✅ Обучение завершено! Моделей: 4
2026-04-24 15:59:56 | INFO | ✅ Модель сохранена: C:\Users\taran\Training_Main_bot\data\turkey\model.pkl
2026-04-24 15:59:56 | INFO |    ↳ Модель обучена и сохранена
2026-04-24 15:59:56 | INFO | 📥 Загрузка данных из C:\Users\taran\Training_Main_bot\data\turkey\matches.csv
2026-04-24 15:59:56 | INFO | ✅ Файл прочитан (кодировка: utf-8)
2026-04-24 15:59:57 | INFO | ✅ Дни отдыха рассчитаны
2026-04-24 15:59:57 | INFO | ✅ Загружено 1828 матчей
2026-04-24 15:59:57 | INFO | ✅ 🇹🇷 Турция: Суперлига загружена (1828 матчей, 28 команд)
2026-04-24 15:59:57 | INFO | 📊 Загрузка 🇺🇸 США: МЛС...
2026-04-24 15:59:57 | INFO | 📥 Загрузка данных из C:\Users\taran\Training_Main_bot\data\usa\matches.csv
2026-04-24 15:59:57 | INFO | ✅ Файл прочитан (кодировка: utf-8)
2026-04-24 15:59:59 | INFO | ✅ Дни отдыха рассчитаны
2026-04-24 15:59:59 | INFO | ✅ Загружено 5905 матчей
2026-04-24 15:59:59 | INFO | 🚀 Начало обучения моделей...
2026-04-24 15:59:59 | INFO | ⚡ Расчёт ELO рейтингов...
2026-04-24 16:00:25 | INFO | 🎯 Обучение модели исхода...
2026-04-24 16:00:26 | INFO | ⚽ Обучение модели тотала...
2026-04-24 16:00:26 | INFO | 🔄 Обучение модели BTTS...
2026-04-24 16:00:27 | INFO | ✅ Обучение завершено! Моделей: 3
2026-04-24 16:00:27 | INFO | ✅ Модель сохранена: C:\Users\taran\Training_Main_bot\data\usa\model.pkl
2026-04-24 16:00:27 | INFO |    ↳ Модель обучена и сохранена
2026-04-24 16:00:27 | INFO | 📥 Загрузка данных из C:\Users\taran\Training_Main_bot\data\usa\matches.csv
2026-04-24 16:00:27 | INFO | ✅ Файл прочитан (кодировка: utf-8)
2026-04-24 16:00:29 | INFO | ✅ Дни отдыха рассчитаны
2026-04-24 16:00:29 | INFO | ✅ Загружено 5905 матчей
2026-04-24 16:00:29 | INFO | ✅ 🇺🇸 США: МЛС загружена (5905 матчей, 31 команд)
2026-04-24 16:00:29 | INFO | ✅ Загружено 24 моделей, 699 уникальных команд
2026-04-24 16:00:29 | INFO | ✅ Загружена история из 6 прогнозов
2026-04-24 16:00:29 | INFO | Start polling
2026-04-24 16:00:34 | INFO | Run polling for bot @FootPrognosticBot id=8224983369 - 'my_football_bot'
2026-04-24 16:15:05 | INFO | Polling stopped
2026-04-24 16:15:05 | INFO | Polling stopped for bot @FootPrognosticBot id=8224983369 - 'my_football_bot'
2026-04-24 17:16:00 | INFO | ✅ База данных инициализирована
2026-04-24 17:16:00 | INFO | 🔄 Загрузка моделей и команд...
2026-04-24 17:16:00 | INFO | 📊 Загрузка 🇷🇺 РПЛ...
2026-04-24 17:16:00 | INFO | ✅ Модель загружена: C:\Users\taran\Training_Main_bot\data\rpl\model.pkl
2026-04-24 17:16:00 | INFO |    ↳ Модель загружена из кэша
2026-04-24 17:16:00 | INFO | 📥 Загрузка данных из C:\Users\taran\Training_Main_bot\data\rpl\matches.csv
2026-04-24 17:16:00 | INFO | ✅ Файл прочитан (кодировка: utf-8)
2026-04-24 17:16:04 | INFO | ✅ Дни отдыха рассчитаны
2026-04-24 17:16:04 | INFO | ✅ Загружено 3344 матчей
2026-04-24 17:16:04 | INFO | ✅ 🇷🇺 РПЛ загружена (3344 матчей, 38 команд)
2026-04-24 17:16:04 | INFO | 📊 Загрузка 🇬🇧 Англия: Премьер-лига...
2026-04-24 17:16:04 | INFO | ✅ Модель загружена: C:\Users\taran\Training_Main_bot\data\epl\model.pkl
2026-04-24 17:16:04 | INFO |    ↳ Модель загружена из кэша
2026-04-24 17:16:04 | INFO | 📥 Загрузка данных из C:\Users\taran\Training_Main_bot\data\epl\matches.csv
2026-04-24 17:16:05 | INFO | ✅ Файл прочитан (кодировка: utf-8)
2026-04-24 17:16:07 | INFO | ✅ Дни отдыха рассчитаны
2026-04-24 17:16:07 | INFO | ✅ Загружено 1520 матчей
2026-04-24 17:16:07 | INFO | ✅ 🇬🇧 Англия: Премьер-лига загружена (1520 матчей, 26 команд)
2026-04-24 17:16:07 | INFO | 📊 Загрузка 🇩🇪 Бундеслига...
2026-04-24 17:16:07 | INFO | ✅ Модель загружена: C:\Users\taran\Training_Main_bot\data\bundesliga\model.pkl
2026-04-24 17:16:07 | INFO |    ↳ Модель загружена из кэша
2026-04-24 17:16:07 | INFO | 📥 Загрузка данных из C:\Users\taran\Training_Main_bot\data\bundesliga\matches.csv
2026-04-24 17:16:07 | INFO | ✅ Файл прочитан (кодировка: utf-8)
2026-04-24 17:16:08 | INFO | ✅ Дни отдыха рассчитаны
2026-04-24 17:16:08 | INFO | ✅ Загружено 1224 матчей
2026-04-24 17:16:08 | INFO | ✅ 🇩🇪 Бундеслига загружена (1224 матчей, 22 команд)
2026-04-24 17:16:08 | INFO | 📊 Загрузка 🇮🇹 Серия A...
2026-04-24 17:16:09 | INFO | ✅ Модель загружена: C:\Users\taran\Training_Main_bot\data\seriaA\model.pkl
2026-04-24 17:16:09 | INFO |    ↳ Модель загружена из кэша
2026-04-24 17:16:09 | INFO | 📥 Загрузка данных из C:\Users\taran\Training_Main_bot\data\seriaA\matches.csv
2026-04-24 17:16:09 | INFO | ✅ Файл прочитан (кодировка: utf-8)
2026-04-24 17:16:11 | INFO | ✅ Дни отдыха рассчитаны
2026-04-24 17:16:11 | INFO | ✅ Загружено 1520 матчей
2026-04-24 17:16:11 | INFO | ✅ 🇮🇹 Серия A загружена (1520 матчей, 27 команд)
2026-04-24 17:16:11 | INFO | 📊 Загрузка 🇪🇸 Ла Лига...
2026-04-24 17:16:11 | INFO | ✅ Модель загружена: C:\Users\taran\Training_Main_bot\data\laLiga\model.pkl
2026-04-24 17:16:11 | INFO |    ↳ Модель загружена из кэша
2026-04-24 17:16:11 | INFO | 📥 Загрузка данных из C:\Users\taran\Training_Main_bot\data\laLiga\matches.csv
2026-04-24 17:16:11 | INFO | ✅ Файл прочитан (кодировка: utf-8)
2026-04-24 17:16:13 | INFO | ✅ Дни отдыха рассчитаны
2026-04-24 17:16:13 | INFO | ✅ Загружено 1520 матчей
2026-04-24 17:16:13 | INFO | ✅ 🇪🇸 Ла Лига загружена (1520 матчей, 26 команд)
2026-04-24 17:16:13 | INFO | 📊 Загрузка 🇫🇷 Лига 1...
2026-04-24 17:16:13 | INFO | ✅ Модель загружена: C:\Users\taran\Training_Main_bot\data\ligue1\model.pkl
2026-04-24 17:16:13 | INFO |    ↳ Модель загружена из кэша
2026-04-24 17:16:13 | INFO | 📥 Загрузка данных из C:\Users\taran\Training_Main_bot\data\ligue1\matches.csv
2026-04-24 17:16:13 | INFO | ✅ Файл прочитан (кодировка: utf-8)
2026-04-24 17:16:15 | INFO | ✅ Дни отдыха рассчитаны
2026-04-24 17:16:15 | INFO | ✅ Загружено 1446 матчей
2026-04-24 17:16:15 | INFO | ✅ 🇫🇷 Лига 1 загружена (1446 матчей, 26 команд)
2026-04-24 17:16:15 | INFO | 📊 Загрузка Лига чемпионов 🏆...
2026-04-24 17:16:15 | INFO | ✅ Модель загружена: C:\Users\taran\Training_Main_bot\data\champions_league\model.pkl
2026-04-24 17:16:15 | INFO |    ↳ Модель загружена из кэша
2026-04-24 17:16:15 | INFO | 📥 Загрузка данных из C:\Users\taran\Training_Main_bot\data\champions_league\matches.csv
2026-04-24 17:16:15 | INFO | ✅ Файл прочитан (кодировка: utf-8)
2026-04-24 17:16:15 | INFO | ✅ Дни отдыха рассчитаны
2026-04-24 17:16:15 | INFO | ✅ Загружено 135 матчей
2026-04-24 17:16:15 | INFO | ✅ Лига чемпионов 🏆 загружена (135 матчей, 36 команд)
2026-04-24 17:16:15 | INFO | 📊 Загрузка 🇳🇱 Эредивизи...
2026-04-24 17:16:15 | INFO | ✅ Модель загружена: C:\Users\taran\Training_Main_bot\data\eredivisise\model.pkl
2026-04-24 17:16:15 | INFO |    ↳ Модель загружена из кэша
2026-04-24 17:16:15 | INFO | 📥 Загрузка данных из C:\Users\taran\Training_Main_bot\data\eredivisise\matches.csv
2026-04-24 17:16:16 | INFO | ✅ Файл прочитан (кодировка: utf-8)
2026-04-24 17:16:17 | INFO | ✅ Дни отдыха рассчитаны
2026-04-24 17:16:17 | INFO | ✅ Загружено 1224 матчей
2026-04-24 17:16:17 | INFO | ✅ 🇳🇱 Эредивизи загружена (1224 матчей, 24 команд)
2026-04-24 17:16:17 | INFO | 📊 Загрузка 🇵🇹 Португальская Лига...
2026-04-24 17:16:17 | INFO | ✅ Модель загружена: C:\Users\taran\Training_Main_bot\data\portugueseLiga\model.pkl
2026-04-24 17:16:17 | INFO |    ↳ Модель загружена из кэша
2026-04-24 17:16:17 | INFO | 📥 Загрузка данных из C:\Users\taran\Training_Main_bot\data\portugueseLiga\matches.csv
2026-04-24 17:16:17 | INFO | ✅ Файл прочитан (кодировка: utf-8)
2026-04-24 17:16:19 | INFO | ✅ Дни отдыха рассчитаны
2026-04-24 17:16:19 | INFO | ✅ Загружено 1224 матчей
2026-04-24 17:16:19 | INFO | ✅ 🇵🇹 Португальская Лига загружена (1224 матчей, 24 команд)
2026-04-24 17:16:19 | INFO | 📊 Загрузка 🇦🇷 Аргентина: Примера Дивисьон...
2026-04-24 17:16:19 | INFO | ✅ Модель загружена: C:\Users\taran\Training_Main_bot\data\argentina\model.pkl
2026-04-24 17:16:19 | INFO |    ↳ Модель загружена из кэша
2026-04-24 17:16:19 | INFO | 📥 Загрузка данных из C:\Users\taran\Training_Main_bot\data\argentina\matches.csv
2026-04-24 17:16:19 | INFO | ✅ Файл прочитан (кодировка: utf-8)
2026-04-24 17:16:27 | INFO | ✅ Дни отдыха рассчитаны
2026-04-24 17:16:27 | INFO | ✅ Загружено 6160 матчей
2026-04-24 17:16:27 | INFO | ✅ 🇦🇷 Аргентина: Примера Дивисьон загружена (6160 матчей, 45 команд)
2026-04-24 17:16:27 | INFO | 📊 Загрузка 🇦🇹 Австрия: Бундеслига...
2026-04-24 17:16:27 | INFO | ✅ Модель загружена: C:\Users\taran\Training_Main_bot\data\austria\model.pkl
2026-04-24 17:16:27 | INFO |    ↳ Модель загружена из кэша
2026-04-24 17:16:27 | INFO | 📥 Загрузка данных из C:\Users\taran\Training_Main_bot\data\austria\matches.csv
2026-04-24 17:16:27 | INFO | ✅ Файл прочитан (кодировка: utf-8)
2026-04-24 17:16:30 | INFO | ✅ Дни отдыха рассчитаны
2026-04-24 17:16:30 | INFO | ✅ Загружено 2596 матчей
2026-04-24 17:16:30 | INFO | ✅ 🇦🇹 Австрия: Бундеслига загружена (2596 матчей, 20 команд)
2026-04-24 17:16:30 | INFO | 📊 Загрузка 🇧🇷 Бразилия: Серия А...
2026-04-24 17:16:30 | INFO | ✅ Модель загружена: C:\Users\taran\Training_Main_bot\data\brazil\model.pkl
2026-04-24 17:16:30 | INFO |    ↳ Модель загружена из кэша
2026-04-24 17:16:30 | INFO | 📥 Загрузка данных из C:\Users\taran\Training_Main_bot\data\brazil\matches.csv
2026-04-24 17:16:30 | INFO | ✅ Файл прочитан (кодировка: utf-8)
2026-04-24 17:16:37 | INFO | ✅ Дни отдыха рассчитаны
2026-04-24 17:16:37 | INFO | ✅ Загружено 5417 матчей
2026-04-24 17:16:37 | INFO | ✅ 🇧🇷 Бразилия: Серия А загружена (5417 матчей, 38 команд)
2026-04-24 17:16:37 | INFO | 📊 Загрузка 🇨🇳 Китай: Суперлига...
2026-04-24 17:16:37 | INFO | ✅ Модель загружена: C:\Users\taran\Training_Main_bot\data\china\model.pkl
2026-04-24 17:16:37 | INFO |    ↳ Модель загружена из кэша
2026-04-24 17:16:37 | INFO | 📥 Загрузка данных из C:\Users\taran\Training_Main_bot\data\china\matches.csv
2026-04-24 17:16:37 | INFO | ✅ Файл прочитан (кодировка: utf-8)
2026-04-24 17:16:41 | INFO | ✅ Дни отдыха рассчитаны
2026-04-24 17:16:41 | INFO | ✅ Загружено 2840 матчей
2026-04-24 17:16:41 | INFO | ✅ 🇨🇳 Китай: Суперлига загружена (2840 матчей, 45 команд)
2026-04-24 17:16:41 | INFO | 📊 Загрузка 🇩🇰 Дания: Суперлига...
2026-04-24 17:16:41 | INFO | ✅ Модель загружена: C:\Users\taran\Training_Main_bot\data\dania\model.pkl
2026-04-24 17:16:41 | INFO |    ↳ Модель загружена из кэша
2026-04-24 17:16:41 | INFO | 📥 Загрузка данных из C:\Users\taran\Training_Main_bot\data\dania\matches.csv
2026-04-24 17:16:41 | INFO | ✅ Файл прочитан (кодировка: utf-8)
2026-04-24 17:16:44 | INFO | ✅ Дни отдыха рассчитаны
2026-04-24 17:16:44 | INFO | ✅ Загружено 2910 матчей
2026-04-24 17:16:44 | INFO | ✅ 🇩🇰 Дания: Суперлига загружена (2910 матчей, 21 команд)
2026-04-24 17:16:44 | INFO | 📊 Загрузка 🇫🇮 Финляндия: Вейккауслига...
2026-04-24 17:16:44 | INFO | ✅ Модель загружена: C:\Users\taran\Training_Main_bot\data\finland\model.pkl
2026-04-24 17:16:44 | INFO |    ↳ Модель загружена из кэша
2026-04-24 17:16:44 | INFO | 📥 Загрузка данных из C:\Users\taran\Training_Main_bot\data\finland\matches.csv
2026-04-24 17:16:44 | INFO | ✅ Файл прочитан (кодировка: utf-8)
2026-04-24 17:16:47 | INFO | ✅ Дни отдыха рассчитаны
2026-04-24 17:16:47 | INFO | ✅ Загружено 2550 матчей
2026-04-24 17:16:47 | INFO | ✅ 🇫🇮 Финляндия: Вейккауслига загружена (2550 матчей, 23 команд)
2026-04-24 17:16:47 | INFO | 📊 Загрузка 🇬🇷 Греция: Суперлига...
2026-04-24 17:16:48 | INFO | ✅ Модель загружена: C:\Users\taran\Training_Main_bot\data\greece\model.pkl
2026-04-24 17:16:48 | INFO |    ↳ Модель загружена из кэша
2026-04-24 17:16:48 | INFO | 📥 Загрузка данных из C:\Users\taran\Training_Main_bot\data\greece\matches.csv
2026-04-24 17:16:48 | INFO | ✅ Файл прочитан (кодировка: utf-8)
2026-04-24 17:16:49 | INFO | ✅ Дни отдыха рассчитаны
2026-04-24 17:16:49 | INFO | ✅ Загружено 1200 матчей
2026-04-24 17:16:49 | INFO | ✅ 🇬🇷 Греция: Суперлига загружена (1200 матчей, 20 команд)
2026-04-24 17:16:49 | INFO | 📊 Загрузка 🇯🇵 Япония: Джей-лига...
2026-04-24 17:16:49 | INFO | ✅ Модель загружена: C:\Users\taran\Training_Main_bot\data\japan\model.pkl
2026-04-24 17:16:49 | INFO |    ↳ Модель загружена из кэша
2026-04-24 17:16:49 | INFO | 📥 Загрузка данных из C:\Users\taran\Training_Main_bot\data\japan\matches.csv
2026-04-24 17:16:49 | INFO | ✅ Файл прочитан (кодировка: utf-8)
2026-04-24 17:16:55 | INFO | ✅ Дни отдыха рассчитаны
2026-04-24 17:16:55 | INFO | ✅ Загружено 4523 матчей
2026-04-24 17:16:55 | INFO | ✅ 🇯🇵 Япония: Джей-лига загружена (4523 матчей, 32 команд)
2026-04-24 17:16:55 | INFO | 📊 Загрузка 🇲🇽 Мексика: Лига МХ...
2026-04-24 17:16:55 | INFO | ✅ Модель загружена: C:\Users\taran\Training_Main_bot\data\mexico\model.pkl
2026-04-24 17:16:55 | INFO |    ↳ Модель загружена из кэша
2026-04-24 17:16:55 | INFO | 📥 Загрузка данных из C:\Users\taran\Training_Main_bot\data\mexico\matches.csv
2026-04-24 17:16:55 | INFO | ✅ Файл прочитан (кодировка: utf-8)
2026-04-24 17:17:01 | INFO | ✅ Дни отдыха рассчитаны
2026-04-24 17:17:01 | INFO | ✅ Загружено 4605 матчей
2026-04-24 17:17:01 | INFO | ✅ 🇲🇽 Мексика: Лига МХ загружена (4605 матчей, 25 команд)
2026-04-24 17:17:01 | INFO | 📊 Загрузка 🇳🇴 Норвегия: Элитсерия...
2026-04-24 17:17:01 | INFO | ✅ Модель загружена: C:\Users\taran\Training_Main_bot\data\norway\model.pkl
2026-04-24 17:17:01 | INFO |    ↳ Модель загружена из кэша
2026-04-24 17:17:01 | INFO | 📥 Загрузка данных из C:\Users\taran\Training_Main_bot\data\norway\matches.csv
2026-04-24 17:17:01 | INFO | ✅ Файл прочитан (кодировка: utf-8)
2026-04-24 17:17:05 | INFO | ✅ Дни отдыха рассчитаны
2026-04-24 17:17:05 | INFO | ✅ Загружено 3403 матчей
2026-04-24 17:17:05 | INFO | ✅ 🇳🇴 Норвегия: Элитсерия загружена (3403 матчей, 31 команд)
2026-04-24 17:17:05 | INFO | 📊 Загрузка 🇵🇱 Польша: Экстракласа...
2026-04-24 17:17:05 | INFO | ✅ Модель загружена: C:\Users\taran\Training_Main_bot\data\poland\model.pkl
2026-04-24 17:17:05 | INFO |    ↳ Модель загружена из кэша
2026-04-24 17:17:05 | INFO | 📥 Загрузка данных из C:\Users\taran\Training_Main_bot\data\poland\matches.csv
2026-04-24 17:17:05 | INFO | ✅ Файл прочитан (кодировка: utf-8)
2026-04-24 17:17:10 | INFO | ✅ Дни отдыха рассчитаны
2026-04-24 17:17:10 | INFO | ✅ Загружено 4019 матчей
2026-04-24 17:17:10 | INFO | ✅ 🇵🇱 Польша: Экстракласа загружена (4019 матчей, 35 команд)
2026-04-24 17:17:10 | INFO | 📊 Загрузка 🇷🇴 Румыния: Лига I...
2026-04-24 17:17:10 | INFO | ✅ Модель загружена: C:\Users\taran\Training_Main_bot\data\romania\model.pkl
2026-04-24 17:17:10 | INFO |    ↳ Модель загружена из кэша
2026-04-24 17:17:10 | INFO | 📥 Загрузка данных из C:\Users\taran\Training_Main_bot\data\romania\matches.csv
2026-04-24 17:17:10 | INFO | ✅ Файл прочитан (кодировка: utf-8)
2026-04-24 17:17:15 | INFO | ✅ Дни отдыха рассчитаны
2026-04-24 17:17:15 | INFO | ✅ Загружено 4125 матчей
2026-04-24 17:17:15 | INFO | ✅ 🇷🇴 Румыния: Лига I загружена (4125 матчей, 42 команд)
2026-04-24 17:17:15 | INFO | 📊 Загрузка 🏴󠁧󠁢󠁳󠁣󠁴󠁿 Шотландия: Премьершип...
2026-04-24 17:17:15 | INFO | ✅ Модель загружена: C:\Users\taran\Training_Main_bot\data\scotland\model.pkl
2026-04-24 17:17:15 | INFO |    ↳ Модель загружена из кэша
2026-04-24 17:17:15 | INFO | 📥 Загрузка данных из C:\Users\taran\Training_Main_bot\data\scotland\matches.csv
2026-04-24 17:17:16 | INFO | ✅ Файл прочитан (кодировка: utf-8)
2026-04-24 17:17:17 | INFO | ✅ Дни отдыха рассчитаны
2026-04-24 17:17:17 | INFO | ✅ Загружено 1091 матчей
2026-04-24 17:17:17 | INFO | ✅ 🏴󠁧󠁢󠁳󠁣󠁴󠁿 Шотландия: Премьершип загружена (1091 матчей, 14 команд)
2026-04-24 17:17:17 | INFO | 📊 Загрузка 🇹🇷 Турция: Суперлига...
2026-04-24 17:17:17 | INFO | ✅ Модель загружена: C:\Users\taran\Training_Main_bot\data\turkey\model.pkl
2026-04-24 17:17:17 | INFO |    ↳ Модель загружена из кэша
2026-04-24 17:17:17 | INFO | 📥 Загрузка данных из C:\Users\taran\Training_Main_bot\data\turkey\matches.csv
2026-04-24 17:17:17 | INFO | ✅ Файл прочитан (кодировка: utf-8)
2026-04-24 17:17:20 | INFO | ✅ Дни отдыха рассчитаны
2026-04-24 17:17:20 | INFO | ✅ Загружено 1828 матчей
2026-04-24 17:17:20 | INFO | ✅ 🇹🇷 Турция: Суперлига загружена (1828 матчей, 28 команд)
2026-04-24 17:17:20 | INFO | 📊 Загрузка 🇺🇸 США: МЛС...
2026-04-24 17:17:20 | INFO | ✅ Модель загружена: C:\Users\taran\Training_Main_bot\data\usa\model.pkl
2026-04-24 17:17:20 | INFO |    ↳ Модель загружена из кэша
2026-04-24 17:17:20 | INFO | 📥 Загрузка данных из C:\Users\taran\Training_Main_bot\data\usa\matches.csv
2026-04-24 17:17:20 | INFO | ✅ Файл прочитан (кодировка: utf-8)
2026-04-24 17:17:27 | INFO | ✅ Дни отдыха рассчитаны
2026-04-24 17:17:27 | INFO | ✅ Загружено 5905 матчей
2026-04-24 17:17:27 | INFO | ✅ 🇺🇸 США: МЛС загружена (5905 матчей, 31 команд)
2026-04-24 17:17:27 | INFO | ✅ Загружено 24 моделей, 699 уникальных команд
2026-04-24 17:17:27 | INFO | ✅ Загружена история из 6 прогнозов
2026-04-24 17:17:27 | INFO | Adding job tentatively -- it will be properly scheduled when the scheduler starts
2026-04-24 17:17:27 | INFO | Added job "ModelScheduler.update_model_task" to job store "default"
2026-04-24 17:17:27 | INFO | Scheduler started
2026-04-24 17:17:27 | INFO | ⏰ Планировщик запущен
2026-04-24 17:17:27 | INFO | Start polling
2026-04-24 17:17:27 | INFO | Run polling for bot @FootPrognosticBot id=8224983369 - 'my_football_bot'
2026-04-24 17:17:51 | INFO | Update id=354056071 is not handled. Duration 2043 ms by bot id=8224983369
2026-04-24 17:17:51 | ERROR | Cause exception while process update id=354056071 by bot id=8224983369
ConnectionError: Error Multiple exceptions: [WinError 5] Отказано в доступе, [WinError 1225] Удаленный компьютер отклонил это сетевое подключение connecting to localhost:6379.
Traceback (most recent call last):
  File "C:\Users\taran\AppData\Local\Programs\Python\Python313\Lib\site-packages\redis\asyncio\connection.py", line 371, in connect_check_health
    await self._connect()
  File "C:\Users\taran\AppData\Local\Programs\Python\Python313\Lib\site-packages\redis\asyncio\connection.py", line 895, in _connect
    reader, writer = await asyncio.open_connection(
                     ^^^^^^^^^^^^^^^^^^^^^^^^^^^^^^
        **self._connection_arguments()
        ^^^^^^^^^^^^^^^^^^^^^^^^^^^^^^
    )
    ^
  File "C:\Users\taran\AppData\Local\Programs\Python\Python313\Lib\asyncio\streams.py", line 48, in open_connection
    transport, _ = await loop.create_connection(
                   ^^^^^^^^^^^^^^^^^^^^^^^^^^^^^
        lambda: protocol, host, port, **kwds)
        ^^^^^^^^^^^^^^^^^^^^^^^^^^^^^^^^^^^^^
  File "C:\Users\taran\AppData\Local\Programs\Python\Python313\Lib\asyncio\base_events.py", line 1174, in create_connection
    raise OSError('Multiple exceptions: {}'.format(
        ', '.join(str(exc) for exc in exceptions)))
OSError: Multiple exceptions: [WinError 5] Отказано в доступе, [WinError 1225] Удаленный компьютер отклонил это сетевое подключение

During handling of the above exception, another exception occurred:

Traceback (most recent call last):
  File "C:\Users\taran\AppData\Local\Programs\Python\Python313\Lib\site-packages\aiogram\dispatcher\dispatcher.py", line 309, in _process_update
    response = await self.feed_update(bot, update, **kwargs)
               ^^^^^^^^^^^^^^^^^^^^^^^^^^^^^^^^^^^^^^^^^^^^^
  File "C:\Users\taran\AppData\Local\Programs\Python\Python313\Lib\site-packages\aiogram\dispatcher\dispatcher.py", line 158, in feed_update
    response = await self.update.wrap_outer_middleware(
               ^^^^^^^^^^^^^^^^^^^^^^^^^^^^^^^^^^^^^^^^
    ...<7 lines>...
    )
    ^
  File "C:\Users\taran\AppData\Local\Programs\Python\Python313\Lib\site-packages\aiogram\dispatcher\middlewares\error.py", line 25, in __call__
    return await handler(event, data)
           ^^^^^^^^^^^^^^^^^^^^^^^^^^
  File "C:\Users\taran\AppData\Local\Programs\Python\Python313\Lib\site-packages\aiogram\dispatcher\middlewares\user_context.py", line 49, in __call__
    return await handler(event, data)
           ^^^^^^^^^^^^^^^^^^^^^^^^^^
  File "C:\Users\taran\AppData\Local\Programs\Python\Python313\Lib\site-packages\aiogram\fsm\middleware.py", line 41, in __call__
    data.update({"state": context, "raw_state": await context.get_state()})
                                                ^^^^^^^^^^^^^^^^^^^^^^^^^
  File "C:\Users\taran\AppData\Local\Programs\Python\Python313\Lib\site-packages\aiogram\fsm\context.py", line 15, in get_state
    return await self.storage.get_state(key=self.key)
           ^^^^^^^^^^^^^^^^^^^^^^^^^^^^^^^^^^^^^^^^^^
  File "C:\Users\taran\AppData\Local\Programs\Python\Python313\Lib\site-packages\aiogram\fsm\storage\redis.py", line 98, in get_state
    value = await self.redis.get(redis_key)
            ^^^^^^^^^^^^^^^^^^^^^^^^^^^^^^^
  File "C:\Users\taran\AppData\Local\Programs\Python\Python313\Lib\site-packages\redis\asyncio\client.py", line 764, in execute_command
    conn = self.connection or await pool.get_connection()
                              ^^^^^^^^^^^^^^^^^^^^^^^^^^^
  File "C:\Users\taran\AppData\Local\Programs\Python\Python313\Lib\site-packages\redis\utils.py", line 227, in async_wrapper
    return await func(*args, **kwargs)
           ^^^^^^^^^^^^^^^^^^^^^^^^^^^
  File "C:\Users\taran\AppData\Local\Programs\Python\Python313\Lib\site-packages\redis\asyncio\connection.py", line 1448, in get_connection
    await self.ensure_connection(connection)
  File "C:\Users\taran\AppData\Local\Programs\Python\Python313\Lib\site-packages\redis\asyncio\connection.py", line 1489, in ensure_connection
    await connection.connect()
  File "C:\Users\taran\AppData\Local\Programs\Python\Python313\Lib\site-packages\redis\asyncio\connection.py", line 340, in connect
    await self.retry.call_with_retry(
    ...<7 lines>...
    )
  File "C:\Users\taran\AppData\Local\Programs\Python\Python313\Lib\site-packages\redis\asyncio\retry.py", line 81, in call_with_retry
    raise error
  File "C:\Users\taran\AppData\Local\Programs\Python\Python313\Lib\site-packages\redis\asyncio\retry.py", line 69, in call_with_retry
    return await do()
           ^^^^^^^^^^
  File "C:\Users\taran\AppData\Local\Programs\Python\Python313\Lib\site-packages\redis\asyncio\connection.py", line 397, in connect_check_health
    raise e
redis.exceptions.ConnectionError: Error Multiple exceptions: [WinError 5] Отказано в доступе, [WinError 1225] Удаленный компьютер отклонил это сетевое подключение connecting to localhost:6379.
2026-04-27 14:29:16 | INFO | ✅ База данных инициализирована
2026-04-27 14:29:16 | INFO | 🔄 Загрузка моделей и команд...
2026-04-27 14:29:16 | INFO | 📊 Загрузка 🇷🇺 РПЛ...
2026-04-27 14:29:16 | INFO | ✅ Модель загружена: C:\Users\taran\Training_Main_bot\data\rpl\model.pkl
2026-04-27 14:29:16 | INFO |    ↳ Модель загружена из кэша
2026-04-27 14:29:16 | INFO | 📥 Загрузка данных из C:\Users\taran\Training_Main_bot\data\rpl\matches.csv
2026-04-27 14:29:16 | INFO | ✅ Файл прочитан (кодировка: utf-8)
2026-04-27 14:29:20 | INFO | ✅ Дни отдыха рассчитаны
2026-04-27 14:29:20 | INFO | ✅ Загружено 3344 матчей
2026-04-27 14:29:20 | INFO | ✅ 🇷🇺 РПЛ загружена (3344 матчей, 38 команд)
2026-04-27 14:29:20 | INFO | 📊 Загрузка 🇬🇧 Англия: Премьер-лига...
2026-04-27 14:29:20 | INFO | ✅ Модель загружена: C:\Users\taran\Training_Main_bot\data\epl\model.pkl
2026-04-27 14:29:20 | INFO |    ↳ Модель загружена из кэша
2026-04-27 14:29:20 | INFO | 📥 Загрузка данных из C:\Users\taran\Training_Main_bot\data\epl\matches.csv
2026-04-27 14:29:20 | INFO | ✅ Файл прочитан (кодировка: utf-8)
2026-04-27 14:29:21 | INFO | ✅ Дни отдыха рассчитаны
2026-04-27 14:29:21 | INFO | ✅ Загружено 1520 матчей
2026-04-27 14:29:21 | INFO | ✅ 🇬🇧 Англия: Премьер-лига загружена (1520 матчей, 26 команд)
2026-04-27 14:29:21 | INFO | 📊 Загрузка 🇩🇪 Бундеслига...
2026-04-27 14:29:21 | INFO | ✅ Модель загружена: C:\Users\taran\Training_Main_bot\data\bundesliga\model.pkl
2026-04-27 14:29:21 | INFO |    ↳ Модель загружена из кэша
2026-04-27 14:29:21 | INFO | 📥 Загрузка данных из C:\Users\taran\Training_Main_bot\data\bundesliga\matches.csv
2026-04-27 14:29:21 | INFO | ✅ Файл прочитан (кодировка: utf-8)
2026-04-27 14:29:22 | INFO | ✅ Дни отдыха рассчитаны
2026-04-27 14:29:22 | INFO | ✅ Загружено 1224 матчей
2026-04-27 14:29:22 | INFO | ✅ 🇩🇪 Бундеслига загружена (1224 матчей, 22 команд)
2026-04-27 14:29:22 | INFO | 📊 Загрузка 🇮🇹 Серия A...
2026-04-27 14:29:22 | INFO | ✅ Модель загружена: C:\Users\taran\Training_Main_bot\data\seriaA\model.pkl
2026-04-27 14:29:22 | INFO |    ↳ Модель загружена из кэша
2026-04-27 14:29:22 | INFO | 📥 Загрузка данных из C:\Users\taran\Training_Main_bot\data\seriaA\matches.csv
2026-04-27 14:29:22 | INFO | ✅ Файл прочитан (кодировка: utf-8)
2026-04-27 14:29:23 | INFO | ✅ Дни отдыха рассчитаны
2026-04-27 14:29:23 | INFO | ✅ Загружено 1520 матчей
2026-04-27 14:29:23 | INFO | ✅ 🇮🇹 Серия A загружена (1520 матчей, 27 команд)
2026-04-27 14:29:23 | INFO | 📊 Загрузка 🇪🇸 Ла Лига...
2026-04-27 14:29:23 | INFO | ✅ Модель загружена: C:\Users\taran\Training_Main_bot\data\laLiga\model.pkl
2026-04-27 14:29:23 | INFO |    ↳ Модель загружена из кэша
2026-04-27 14:29:23 | INFO | 📥 Загрузка данных из C:\Users\taran\Training_Main_bot\data\laLiga\matches.csv
2026-04-27 14:29:23 | INFO | ✅ Файл прочитан (кодировка: utf-8)
2026-04-27 14:29:24 | INFO | ✅ Дни отдыха рассчитаны
2026-04-27 14:29:24 | INFO | ✅ Загружено 1520 матчей
2026-04-27 14:29:24 | INFO | ✅ 🇪🇸 Ла Лига загружена (1520 матчей, 26 команд)
2026-04-27 14:29:25 | INFO | 📊 Загрузка 🇫🇷 Лига 1...
2026-04-27 14:29:25 | INFO | ✅ Модель загружена: C:\Users\taran\Training_Main_bot\data\ligue1\model.pkl
2026-04-27 14:29:25 | INFO |    ↳ Модель загружена из кэша
2026-04-27 14:29:25 | INFO | 📥 Загрузка данных из C:\Users\taran\Training_Main_bot\data\ligue1\matches.csv
2026-04-27 14:29:25 | INFO | ✅ Файл прочитан (кодировка: utf-8)
2026-04-27 14:29:26 | INFO | ✅ Дни отдыха рассчитаны
2026-04-27 14:29:26 | INFO | ✅ Загружено 1446 матчей
2026-04-27 14:29:26 | INFO | ✅ 🇫🇷 Лига 1 загружена (1446 матчей, 26 команд)
2026-04-27 14:29:26 | INFO | 📊 Загрузка Лига чемпионов 🏆...
2026-04-27 14:29:26 | INFO | ✅ Модель загружена: C:\Users\taran\Training_Main_bot\data\champions_league\model.pkl
2026-04-27 14:29:26 | INFO |    ↳ Модель загружена из кэша
2026-04-27 14:29:26 | INFO | 📥 Загрузка данных из C:\Users\taran\Training_Main_bot\data\champions_league\matches.csv
2026-04-27 14:29:26 | INFO | ✅ Файл прочитан (кодировка: utf-8)
2026-04-27 14:29:26 | INFO | ✅ Дни отдыха рассчитаны
2026-04-27 14:29:26 | INFO | ✅ Загружено 135 матчей
2026-04-27 14:29:26 | INFO | ✅ Лига чемпионов 🏆 загружена (135 матчей, 36 команд)
2026-04-27 14:29:26 | INFO | 📊 Загрузка 🇳🇱 Эредивизи...
2026-04-27 14:29:26 | INFO | ✅ Модель загружена: C:\Users\taran\Training_Main_bot\data\eredivisise\model.pkl
2026-04-27 14:29:26 | INFO |    ↳ Модель загружена из кэша
2026-04-27 14:29:26 | INFO | 📥 Загрузка данных из C:\Users\taran\Training_Main_bot\data\eredivisise\matches.csv
2026-04-27 14:29:26 | INFO | ✅ Файл прочитан (кодировка: utf-8)
2026-04-27 14:29:27 | INFO | ✅ Дни отдыха рассчитаны
2026-04-27 14:29:27 | INFO | ✅ Загружено 1224 матчей
2026-04-27 14:29:27 | INFO | ✅ 🇳🇱 Эредивизи загружена (1224 матчей, 24 команд)
2026-04-27 14:29:27 | INFO | 📊 Загрузка 🇵🇹 Португальская Лига...
2026-04-27 14:29:27 | INFO | ✅ Модель загружена: C:\Users\taran\Training_Main_bot\data\portugueseLiga\model.pkl
2026-04-27 14:29:27 | INFO |    ↳ Модель загружена из кэша
2026-04-27 14:29:27 | INFO | 📥 Загрузка данных из C:\Users\taran\Training_Main_bot\data\portugueseLiga\matches.csv
2026-04-27 14:29:27 | INFO | ✅ Файл прочитан (кодировка: utf-8)
2026-04-27 14:29:28 | INFO | ✅ Дни отдыха рассчитаны
2026-04-27 14:29:28 | INFO | ✅ Загружено 1224 матчей
2026-04-27 14:29:28 | INFO | ✅ 🇵🇹 Португальская Лига загружена (1224 матчей, 24 команд)
2026-04-27 14:29:28 | INFO | 📊 Загрузка 🇦🇷 Аргентина: Примера Дивисьон...
2026-04-27 14:29:28 | INFO | ✅ Модель загружена: C:\Users\taran\Training_Main_bot\data\argentina\model.pkl
2026-04-27 14:29:28 | INFO |    ↳ Модель загружена из кэша
2026-04-27 14:29:28 | INFO | 📥 Загрузка данных из C:\Users\taran\Training_Main_bot\data\argentina\matches.csv
2026-04-27 14:29:28 | INFO | ✅ Файл прочитан (кодировка: utf-8)
2026-04-27 14:29:32 | INFO | ✅ Дни отдыха рассчитаны
2026-04-27 14:29:32 | INFO | ✅ Загружено 6160 матчей
2026-04-27 14:29:32 | INFO | ✅ 🇦🇷 Аргентина: Примера Дивисьон загружена (6160 матчей, 45 команд)
2026-04-27 14:29:32 | INFO | 📊 Загрузка 🇦🇹 Австрия: Бундеслига...
2026-04-27 14:29:32 | INFO | ✅ Модель загружена: C:\Users\taran\Training_Main_bot\data\austria\model.pkl
2026-04-27 14:29:32 | INFO |    ↳ Модель загружена из кэша
2026-04-27 14:29:32 | INFO | 📥 Загрузка данных из C:\Users\taran\Training_Main_bot\data\austria\matches.csv
2026-04-27 14:29:32 | INFO | ✅ Файл прочитан (кодировка: utf-8)
2026-04-27 14:29:34 | INFO | ✅ Дни отдыха рассчитаны
2026-04-27 14:29:34 | INFO | ✅ Загружено 2596 матчей
2026-04-27 14:29:34 | INFO | ✅ 🇦🇹 Австрия: Бундеслига загружена (2596 матчей, 20 команд)
2026-04-27 14:29:34 | INFO | 📊 Загрузка 🇧🇷 Бразилия: Серия А...
2026-04-27 14:29:34 | INFO | ✅ Модель загружена: C:\Users\taran\Training_Main_bot\data\brazil\model.pkl
2026-04-27 14:29:34 | INFO |    ↳ Модель загружена из кэша
2026-04-27 14:29:34 | INFO | 📥 Загрузка данных из C:\Users\taran\Training_Main_bot\data\brazil\matches.csv
2026-04-27 14:29:34 | INFO | ✅ Файл прочитан (кодировка: utf-8)
2026-04-27 14:29:38 | INFO | ✅ Дни отдыха рассчитаны
2026-04-27 14:29:38 | INFO | ✅ Загружено 5417 матчей
2026-04-27 14:29:38 | INFO | ✅ 🇧🇷 Бразилия: Серия А загружена (5417 матчей, 38 команд)
2026-04-27 14:29:38 | INFO | 📊 Загрузка 🇨🇳 Китай: Суперлига...
2026-04-27 14:29:38 | INFO | ✅ Модель загружена: C:\Users\taran\Training_Main_bot\data\china\model.pkl
2026-04-27 14:29:38 | INFO |    ↳ Модель загружена из кэша
2026-04-27 14:29:38 | INFO | 📥 Загрузка данных из C:\Users\taran\Training_Main_bot\data\china\matches.csv
2026-04-27 14:29:38 | INFO | ✅ Файл прочитан (кодировка: utf-8)
2026-04-27 14:29:40 | INFO | ✅ Дни отдыха рассчитаны
2026-04-27 14:29:40 | INFO | ✅ Загружено 2840 матчей
2026-04-27 14:29:40 | INFO | ✅ 🇨🇳 Китай: Суперлига загружена (2840 матчей, 45 команд)
2026-04-27 14:29:40 | INFO | 📊 Загрузка 🇩🇰 Дания: Суперлига...
2026-04-27 14:29:40 | INFO | ✅ Модель загружена: C:\Users\taran\Training_Main_bot\data\dania\model.pkl
2026-04-27 14:29:40 | INFO |    ↳ Модель загружена из кэша
2026-04-27 14:29:40 | INFO | 📥 Загрузка данных из C:\Users\taran\Training_Main_bot\data\dania\matches.csv
2026-04-27 14:29:40 | INFO | ✅ Файл прочитан (кодировка: utf-8)
2026-04-27 14:29:42 | INFO | ✅ Дни отдыха рассчитаны
2026-04-27 14:29:42 | INFO | ✅ Загружено 2910 матчей
2026-04-27 14:29:42 | INFO | ✅ 🇩🇰 Дания: Суперлига загружена (2910 матчей, 21 команд)
2026-04-27 14:29:42 | INFO | 📊 Загрузка 🇫🇮 Финляндия: Вейккауслига...
2026-04-27 14:29:42 | INFO | ✅ Модель загружена: C:\Users\taran\Training_Main_bot\data\finland\model.pkl
2026-04-27 14:29:42 | INFO |    ↳ Модель загружена из кэша
2026-04-27 14:29:42 | INFO | 📥 Загрузка данных из C:\Users\taran\Training_Main_bot\data\finland\matches.csv
2026-04-27 14:29:42 | INFO | ✅ Файл прочитан (кодировка: utf-8)
2026-04-27 14:29:44 | INFO | ✅ Дни отдыха рассчитаны
2026-04-27 14:29:44 | INFO | ✅ Загружено 2550 матчей
2026-04-27 14:29:44 | INFO | ✅ 🇫🇮 Финляндия: Вейккауслига загружена (2550 матчей, 23 команд)
2026-04-27 14:29:44 | INFO | 📊 Загрузка 🇬🇷 Греция: Суперлига...
2026-04-27 14:29:44 | INFO | ✅ Модель загружена: C:\Users\taran\Training_Main_bot\data\greece\model.pkl
2026-04-27 14:29:44 | INFO |    ↳ Модель загружена из кэша
2026-04-27 14:29:44 | INFO | 📥 Загрузка данных из C:\Users\taran\Training_Main_bot\data\greece\matches.csv
2026-04-27 14:29:44 | INFO | ✅ Файл прочитан (кодировка: utf-8)
2026-04-27 14:29:45 | INFO | ✅ Дни отдыха рассчитаны
2026-04-27 14:29:45 | INFO | ✅ Загружено 1200 матчей
2026-04-27 14:29:45 | INFO | ✅ 🇬🇷 Греция: Суперлига загружена (1200 матчей, 20 команд)
2026-04-27 14:29:45 | INFO | 📊 Загрузка 🇯🇵 Япония: Джей-лига...
2026-04-27 14:29:45 | INFO | ✅ Модель загружена: C:\Users\taran\Training_Main_bot\data\japan\model.pkl
2026-04-27 14:29:45 | INFO |    ↳ Модель загружена из кэша
2026-04-27 14:29:45 | INFO | 📥 Загрузка данных из C:\Users\taran\Training_Main_bot\data\japan\matches.csv
2026-04-27 14:29:45 | INFO | ✅ Файл прочитан (кодировка: utf-8)
2026-04-27 14:29:49 | INFO | ✅ Дни отдыха рассчитаны
2026-04-27 14:29:49 | INFO | ✅ Загружено 4523 матчей
2026-04-27 14:29:49 | INFO | ✅ 🇯🇵 Япония: Джей-лига загружена (4523 матчей, 32 команд)
2026-04-27 14:29:49 | INFO | 📊 Загрузка 🇲🇽 Мексика: Лига МХ...
2026-04-27 14:29:49 | INFO | ✅ Модель загружена: C:\Users\taran\Training_Main_bot\data\mexico\model.pkl
2026-04-27 14:29:49 | INFO |    ↳ Модель загружена из кэша
2026-04-27 14:29:49 | INFO | 📥 Загрузка данных из C:\Users\taran\Training_Main_bot\data\mexico\matches.csv
2026-04-27 14:29:49 | INFO | ✅ Файл прочитан (кодировка: utf-8)
2026-04-27 14:29:52 | INFO | ✅ Дни отдыха рассчитаны
2026-04-27 14:29:52 | INFO | ✅ Загружено 4605 матчей
2026-04-27 14:29:52 | INFO | ✅ 🇲🇽 Мексика: Лига МХ загружена (4605 матчей, 25 команд)
2026-04-27 14:29:52 | INFO | 📊 Загрузка 🇳🇴 Норвегия: Элитсерия...
2026-04-27 14:29:52 | INFO | ✅ Модель загружена: C:\Users\taran\Training_Main_bot\data\norway\model.pkl
2026-04-27 14:29:52 | INFO |    ↳ Модель загружена из кэша
2026-04-27 14:29:52 | INFO | 📥 Загрузка данных из C:\Users\taran\Training_Main_bot\data\norway\matches.csv
2026-04-27 14:29:52 | INFO | ✅ Файл прочитан (кодировка: utf-8)
2026-04-27 14:29:54 | INFO | ✅ Дни отдыха рассчитаны
2026-04-27 14:29:54 | INFO | ✅ Загружено 3403 матчей
2026-04-27 14:29:54 | INFO | ✅ 🇳🇴 Норвегия: Элитсерия загружена (3403 матчей, 31 команд)
2026-04-27 14:29:54 | INFO | 📊 Загрузка 🇵🇱 Польша: Экстракласа...
2026-04-27 14:29:55 | INFO | ✅ Модель загружена: C:\Users\taran\Training_Main_bot\data\poland\model.pkl
2026-04-27 14:29:55 | INFO |    ↳ Модель загружена из кэша
2026-04-27 14:29:55 | INFO | 📥 Загрузка данных из C:\Users\taran\Training_Main_bot\data\poland\matches.csv
2026-04-27 14:29:55 | INFO | ✅ Файл прочитан (кодировка: utf-8)
2026-04-27 14:29:58 | INFO | ✅ Дни отдыха рассчитаны
2026-04-27 14:29:58 | INFO | ✅ Загружено 4019 матчей
2026-04-27 14:29:58 | INFO | ✅ 🇵🇱 Польша: Экстракласа загружена (4019 матчей, 35 команд)
2026-04-27 14:29:58 | INFO | 📊 Загрузка 🇷🇴 Румыния: Лига I...
2026-04-27 14:29:58 | INFO | ✅ Модель загружена: C:\Users\taran\Training_Main_bot\data\romania\model.pkl
2026-04-27 14:29:58 | INFO |    ↳ Модель загружена из кэша
2026-04-27 14:29:58 | INFO | 📥 Загрузка данных из C:\Users\taran\Training_Main_bot\data\romania\matches.csv
2026-04-27 14:29:58 | INFO | ✅ Файл прочитан (кодировка: utf-8)
2026-04-27 14:30:01 | INFO | ✅ Дни отдыха рассчитаны
2026-04-27 14:30:01 | INFO | ✅ Загружено 4125 матчей
2026-04-27 14:30:01 | INFO | ✅ 🇷🇴 Румыния: Лига I загружена (4125 матчей, 42 команд)
2026-04-27 14:30:01 | INFO | 📊 Загрузка 🏴󠁧󠁢󠁳󠁣󠁴󠁿 Шотландия: Премьершип...
2026-04-27 14:30:01 | INFO | ✅ Модель загружена: C:\Users\taran\Training_Main_bot\data\scotland\model.pkl
2026-04-27 14:30:01 | INFO |    ↳ Модель загружена из кэша
2026-04-27 14:30:01 | INFO | 📥 Загрузка данных из C:\Users\taran\Training_Main_bot\data\scotland\matches.csv
2026-04-27 14:30:01 | INFO | ✅ Файл прочитан (кодировка: utf-8)
2026-04-27 14:30:02 | INFO | ✅ Дни отдыха рассчитаны
2026-04-27 14:30:02 | INFO | ✅ Загружено 1091 матчей
2026-04-27 14:30:02 | INFO | ✅ 🏴󠁧󠁢󠁳󠁣󠁴󠁿 Шотландия: Премьершип загружена (1091 матчей, 14 команд)
2026-04-27 14:30:02 | INFO | 📊 Загрузка 🇹🇷 Турция: Суперлига...
2026-04-27 14:30:02 | INFO | ✅ Модель загружена: C:\Users\taran\Training_Main_bot\data\turkey\model.pkl
2026-04-27 14:30:02 | INFO |    ↳ Модель загружена из кэша
2026-04-27 14:30:02 | INFO | 📥 Загрузка данных из C:\Users\taran\Training_Main_bot\data\turkey\matches.csv
2026-04-27 14:30:02 | INFO | ✅ Файл прочитан (кодировка: utf-8)
2026-04-27 14:30:04 | INFO | ✅ Дни отдыха рассчитаны
2026-04-27 14:30:04 | INFO | ✅ Загружено 1828 матчей
2026-04-27 14:30:04 | INFO | ✅ 🇹🇷 Турция: Суперлига загружена (1828 матчей, 28 команд)
2026-04-27 14:30:04 | INFO | 📊 Загрузка 🇺🇸 США: МЛС...
2026-04-27 14:30:04 | INFO | ✅ Модель загружена: C:\Users\taran\Training_Main_bot\data\usa\model.pkl
2026-04-27 14:30:04 | INFO |    ↳ Модель загружена из кэша
2026-04-27 14:30:04 | INFO | 📥 Загрузка данных из C:\Users\taran\Training_Main_bot\data\usa\matches.csv
2026-04-27 14:30:04 | INFO | ✅ Файл прочитан (кодировка: utf-8)
2026-04-27 14:30:08 | INFO | ✅ Дни отдыха рассчитаны
2026-04-27 14:30:08 | INFO | ✅ Загружено 5905 матчей
2026-04-27 14:30:08 | INFO | ✅ 🇺🇸 США: МЛС загружена (5905 матчей, 31 команд)
2026-04-27 14:30:08 | INFO | ✅ Загружено 24 моделей, 699 уникальных команд
2026-04-27 14:30:08 | INFO | ✅ Загружена история из 6 прогнозов
2026-04-27 14:30:08 | INFO | Adding job tentatively -- it will be properly scheduled when the scheduler starts
2026-04-27 14:30:08 | INFO | Added job "ModelScheduler.update_model_task" to job store "default"
2026-04-27 14:30:08 | INFO | Scheduler started
2026-04-27 14:30:08 | INFO | ⏰ Планировщик запущен
2026-04-27 14:30:08 | INFO | Start polling
2026-04-27 14:30:29 | INFO | Polling stopped
2026-04-27 14:30:29 | INFO | ⏹️ Планировщик остановлен
2026-04-27 14:30:29 | INFO | Scheduler has been shut down
2026-04-27 14:33:22 | INFO | ✅ База данных инициализирована
2026-04-27 14:33:22 | INFO | 🔄 Загрузка моделей и команд...
2026-04-27 14:33:22 | INFO | 📊 Загрузка 🇷🇺 РПЛ...
2026-04-27 14:33:22 | INFO | ✅ Модель загружена: C:\Users\taran\Training_Main_bot\data\rpl\model.pkl
2026-04-27 14:33:22 | INFO |    ↳ Модель загружена из кэша
2026-04-27 14:33:22 | INFO | 📥 Загрузка данных из C:\Users\taran\Training_Main_bot\data\rpl\matches.csv
2026-04-27 14:33:22 | INFO | ✅ Файл прочитан (кодировка: utf-8)
2026-04-27 14:33:24 | INFO | ✅ Дни отдыха рассчитаны
2026-04-27 14:33:24 | INFO | ✅ Загружено 3344 матчей
2026-04-27 14:33:24 | INFO | ✅ 🇷🇺 РПЛ загружена (3344 матчей, 38 команд)
2026-04-27 14:33:24 | INFO | 📊 Загрузка 🇬🇧 Англия: Премьер-лига...
2026-04-27 14:33:24 | INFO | ✅ Модель загружена: C:\Users\taran\Training_Main_bot\data\epl\model.pkl
2026-04-27 14:33:24 | INFO |    ↳ Модель загружена из кэша
2026-04-27 14:33:24 | INFO | 📥 Загрузка данных из C:\Users\taran\Training_Main_bot\data\epl\matches.csv
2026-04-27 14:33:24 | INFO | ✅ Файл прочитан (кодировка: utf-8)
2026-04-27 14:33:26 | INFO | ✅ Дни отдыха рассчитаны
2026-04-27 14:33:26 | INFO | ✅ Загружено 1520 матчей
2026-04-27 14:33:26 | INFO | ✅ 🇬🇧 Англия: Премьер-лига загружена (1520 матчей, 26 команд)
2026-04-27 14:33:26 | INFO | 📊 Загрузка 🇩🇪 Бундеслига...
2026-04-27 14:33:26 | INFO | ✅ Модель загружена: C:\Users\taran\Training_Main_bot\data\bundesliga\model.pkl
2026-04-27 14:33:26 | INFO |    ↳ Модель загружена из кэша
2026-04-27 14:33:26 | INFO | 📥 Загрузка данных из C:\Users\taran\Training_Main_bot\data\bundesliga\matches.csv
2026-04-27 14:33:26 | INFO | ✅ Файл прочитан (кодировка: utf-8)
2026-04-27 14:33:27 | INFO | ✅ Дни отдыха рассчитаны
2026-04-27 14:33:27 | INFO | ✅ Загружено 1224 матчей
2026-04-27 14:33:27 | INFO | ✅ 🇩🇪 Бундеслига загружена (1224 матчей, 22 команд)
2026-04-27 14:33:27 | INFO | 📊 Загрузка 🇮🇹 Серия A...
2026-04-27 14:33:27 | INFO | ✅ Модель загружена: C:\Users\taran\Training_Main_bot\data\seriaA\model.pkl
2026-04-27 14:33:27 | INFO |    ↳ Модель загружена из кэша
2026-04-27 14:33:27 | INFO | 📥 Загрузка данных из C:\Users\taran\Training_Main_bot\data\seriaA\matches.csv
2026-04-27 14:33:27 | INFO | ✅ Файл прочитан (кодировка: utf-8)
2026-04-27 14:33:28 | INFO | ✅ Дни отдыха рассчитаны
2026-04-27 14:33:28 | INFO | ✅ Загружено 1520 матчей
2026-04-27 14:33:28 | INFO | ✅ 🇮🇹 Серия A загружена (1520 матчей, 27 команд)
2026-04-27 14:33:28 | INFO | 📊 Загрузка 🇪🇸 Ла Лига...
2026-04-27 14:33:28 | INFO | ✅ Модель загружена: C:\Users\taran\Training_Main_bot\data\laLiga\model.pkl
2026-04-27 14:33:28 | INFO |    ↳ Модель загружена из кэша
2026-04-27 14:33:28 | INFO | 📥 Загрузка данных из C:\Users\taran\Training_Main_bot\data\laLiga\matches.csv
2026-04-27 14:33:28 | INFO | ✅ Файл прочитан (кодировка: utf-8)
2026-04-27 14:33:30 | INFO | ✅ Дни отдыха рассчитаны
2026-04-27 14:33:30 | INFO | ✅ Загружено 1520 матчей
2026-04-27 14:33:30 | INFO | ✅ 🇪🇸 Ла Лига загружена (1520 матчей, 26 команд)
2026-04-27 14:33:30 | INFO | 📊 Загрузка 🇫🇷 Лига 1...
2026-04-27 14:33:30 | INFO | ✅ Модель загружена: C:\Users\taran\Training_Main_bot\data\ligue1\model.pkl
2026-04-27 14:33:30 | INFO |    ↳ Модель загружена из кэша
2026-04-27 14:33:30 | INFO | 📥 Загрузка данных из C:\Users\taran\Training_Main_bot\data\ligue1\matches.csv
2026-04-27 14:33:30 | INFO | ✅ Файл прочитан (кодировка: utf-8)
2026-04-27 14:33:31 | INFO | ✅ Дни отдыха рассчитаны
2026-04-27 14:33:31 | INFO | ✅ Загружено 1446 матчей
2026-04-27 14:33:31 | INFO | ✅ 🇫🇷 Лига 1 загружена (1446 матчей, 26 команд)
2026-04-27 14:33:31 | INFO | 📊 Загрузка Лига чемпионов 🏆...
2026-04-27 14:33:31 | INFO | ✅ Модель загружена: C:\Users\taran\Training_Main_bot\data\champions_league\model.pkl
2026-04-27 14:33:31 | INFO |    ↳ Модель загружена из кэша
2026-04-27 14:33:31 | INFO | 📥 Загрузка данных из C:\Users\taran\Training_Main_bot\data\champions_league\matches.csv
2026-04-27 14:33:31 | INFO | ✅ Файл прочитан (кодировка: utf-8)
2026-04-27 14:33:31 | INFO | ✅ Дни отдыха рассчитаны
2026-04-27 14:33:31 | INFO | ✅ Загружено 135 матчей
2026-04-27 14:33:31 | INFO | ✅ Лига чемпионов 🏆 загружена (135 матчей, 36 команд)
2026-04-27 14:33:31 | INFO | 📊 Загрузка 🇳🇱 Эредивизи...
2026-04-27 14:33:31 | INFO | ✅ Модель загружена: C:\Users\taran\Training_Main_bot\data\eredivisise\model.pkl
2026-04-27 14:33:31 | INFO |    ↳ Модель загружена из кэша
2026-04-27 14:33:31 | INFO | 📥 Загрузка данных из C:\Users\taran\Training_Main_bot\data\eredivisise\matches.csv
2026-04-27 14:33:31 | INFO | ✅ Файл прочитан (кодировка: utf-8)
2026-04-27 14:33:32 | INFO | ✅ Дни отдыха рассчитаны
2026-04-27 14:33:32 | INFO | ✅ Загружено 1224 матчей
2026-04-27 14:33:32 | INFO | ✅ 🇳🇱 Эредивизи загружена (1224 матчей, 24 команд)
2026-04-27 14:33:32 | INFO | 📊 Загрузка 🇵🇹 Португальская Лига...
2026-04-27 14:33:32 | INFO | ✅ Модель загружена: C:\Users\taran\Training_Main_bot\data\portugueseLiga\model.pkl
2026-04-27 14:33:32 | INFO |    ↳ Модель загружена из кэша
2026-04-27 14:33:32 | INFO | 📥 Загрузка данных из C:\Users\taran\Training_Main_bot\data\portugueseLiga\matches.csv
2026-04-27 14:33:32 | INFO | ✅ Файл прочитан (кодировка: utf-8)
2026-04-27 14:33:33 | INFO | ✅ Дни отдыха рассчитаны
2026-04-27 14:33:33 | INFO | ✅ Загружено 1224 матчей
2026-04-27 14:33:33 | INFO | ✅ 🇵🇹 Португальская Лига загружена (1224 матчей, 24 команд)
2026-04-27 14:33:33 | INFO | 📊 Загрузка 🇦🇷 Аргентина: Примера Дивисьон...
2026-04-27 14:33:33 | INFO | ✅ Модель загружена: C:\Users\taran\Training_Main_bot\data\argentina\model.pkl
2026-04-27 14:33:33 | INFO |    ↳ Модель загружена из кэша
2026-04-27 14:33:33 | INFO | 📥 Загрузка данных из C:\Users\taran\Training_Main_bot\data\argentina\matches.csv
2026-04-27 14:33:34 | INFO | ✅ Файл прочитан (кодировка: utf-8)
2026-04-27 14:33:38 | INFO | ✅ Дни отдыха рассчитаны
2026-04-27 14:33:38 | INFO | ✅ Загружено 6160 матчей
2026-04-27 14:33:38 | INFO | ✅ 🇦🇷 Аргентина: Примера Дивисьон загружена (6160 матчей, 45 команд)
2026-04-27 14:33:38 | INFO | 📊 Загрузка 🇦🇹 Австрия: Бундеслига...
2026-04-27 14:33:38 | INFO | ✅ Модель загружена: C:\Users\taran\Training_Main_bot\data\austria\model.pkl
2026-04-27 14:33:38 | INFO |    ↳ Модель загружена из кэша
2026-04-27 14:33:38 | INFO | 📥 Загрузка данных из C:\Users\taran\Training_Main_bot\data\austria\matches.csv
2026-04-27 14:33:38 | INFO | ✅ Файл прочитан (кодировка: utf-8)
2026-04-27 14:33:40 | INFO | ✅ Дни отдыха рассчитаны
2026-04-27 14:33:40 | INFO | ✅ Загружено 2596 матчей
2026-04-27 14:33:40 | INFO | ✅ 🇦🇹 Австрия: Бундеслига загружена (2596 матчей, 20 команд)
2026-04-27 14:33:40 | INFO | 📊 Загрузка 🇧🇷 Бразилия: Серия А...
2026-04-27 14:33:40 | INFO | ✅ Модель загружена: C:\Users\taran\Training_Main_bot\data\brazil\model.pkl
2026-04-27 14:33:40 | INFO |    ↳ Модель загружена из кэша
2026-04-27 14:33:40 | INFO | 📥 Загрузка данных из C:\Users\taran\Training_Main_bot\data\brazil\matches.csv
2026-04-27 14:33:41 | INFO | ✅ Файл прочитан (кодировка: utf-8)
2026-04-27 14:33:44 | INFO | ✅ Дни отдыха рассчитаны
2026-04-27 14:33:44 | INFO | ✅ Загружено 5417 матчей
2026-04-27 14:33:44 | INFO | ✅ 🇧🇷 Бразилия: Серия А загружена (5417 матчей, 38 команд)
2026-04-27 14:33:44 | INFO | 📊 Загрузка 🇨🇳 Китай: Суперлига...
2026-04-27 14:33:45 | INFO | ✅ Модель загружена: C:\Users\taran\Training_Main_bot\data\china\model.pkl
2026-04-27 14:33:45 | INFO |    ↳ Модель загружена из кэша
2026-04-27 14:33:45 | INFO | 📥 Загрузка данных из C:\Users\taran\Training_Main_bot\data\china\matches.csv
2026-04-27 14:33:45 | INFO | ✅ Файл прочитан (кодировка: utf-8)
2026-04-27 14:33:47 | INFO | ✅ Дни отдыха рассчитаны
2026-04-27 14:33:47 | INFO | ✅ Загружено 2840 матчей
2026-04-27 14:33:47 | INFO | ✅ 🇨🇳 Китай: Суперлига загружена (2840 матчей, 45 команд)
2026-04-27 14:33:47 | INFO | 📊 Загрузка 🇩🇰 Дания: Суперлига...
2026-04-27 14:33:47 | INFO | ✅ Модель загружена: C:\Users\taran\Training_Main_bot\data\dania\model.pkl
2026-04-27 14:33:47 | INFO |    ↳ Модель загружена из кэша
2026-04-27 14:33:47 | INFO | 📥 Загрузка данных из C:\Users\taran\Training_Main_bot\data\dania\matches.csv
2026-04-27 14:33:47 | INFO | ✅ Файл прочитан (кодировка: utf-8)
2026-04-27 14:33:49 | INFO | ✅ Дни отдыха рассчитаны
2026-04-27 14:33:49 | INFO | ✅ Загружено 2910 матчей
2026-04-27 14:33:49 | INFO | ✅ 🇩🇰 Дания: Суперлига загружена (2910 матчей, 21 команд)
2026-04-27 14:33:49 | INFO | 📊 Загрузка 🇫🇮 Финляндия: Вейккауслига...
2026-04-27 14:33:49 | INFO | ✅ Модель загружена: C:\Users\taran\Training_Main_bot\data\finland\model.pkl
2026-04-27 14:33:49 | INFO |    ↳ Модель загружена из кэша
2026-04-27 14:33:49 | INFO | 📥 Загрузка данных из C:\Users\taran\Training_Main_bot\data\finland\matches.csv
2026-04-27 14:33:49 | INFO | ✅ Файл прочитан (кодировка: utf-8)
2026-04-27 14:33:51 | INFO | ✅ Дни отдыха рассчитаны
2026-04-27 14:33:51 | INFO | ✅ Загружено 2550 матчей
2026-04-27 14:33:51 | INFO | ✅ 🇫🇮 Финляндия: Вейккауслига загружена (2550 матчей, 23 команд)
2026-04-27 14:33:51 | INFO | 📊 Загрузка 🇬🇷 Греция: Суперлига...
2026-04-27 14:33:51 | INFO | ✅ Модель загружена: C:\Users\taran\Training_Main_bot\data\greece\model.pkl
2026-04-27 14:33:51 | INFO |    ↳ Модель загружена из кэша
2026-04-27 14:33:51 | INFO | 📥 Загрузка данных из C:\Users\taran\Training_Main_bot\data\greece\matches.csv
2026-04-27 14:33:51 | INFO | ✅ Файл прочитан (кодировка: utf-8)
2026-04-27 14:33:52 | INFO | ✅ Дни отдыха рассчитаны
2026-04-27 14:33:52 | INFO | ✅ Загружено 1200 матчей
2026-04-27 14:33:52 | INFO | ✅ 🇬🇷 Греция: Суперлига загружена (1200 матчей, 20 команд)
2026-04-27 14:33:52 | INFO | 📊 Загрузка 🇯🇵 Япония: Джей-лига...
2026-04-27 14:33:52 | INFO | ✅ Модель загружена: C:\Users\taran\Training_Main_bot\data\japan\model.pkl
2026-04-27 14:33:52 | INFO |    ↳ Модель загружена из кэша
2026-04-27 14:33:52 | INFO | 📥 Загрузка данных из C:\Users\taran\Training_Main_bot\data\japan\matches.csv
2026-04-27 14:33:52 | INFO | ✅ Файл прочитан (кодировка: utf-8)
2026-04-27 14:33:56 | INFO | ✅ Дни отдыха рассчитаны
2026-04-27 14:33:56 | INFO | ✅ Загружено 4523 матчей
2026-04-27 14:33:56 | INFO | ✅ 🇯🇵 Япония: Джей-лига загружена (4523 матчей, 32 команд)
2026-04-27 14:33:56 | INFO | 📊 Загрузка 🇲🇽 Мексика: Лига МХ...
2026-04-27 14:33:56 | INFO | ✅ Модель загружена: C:\Users\taran\Training_Main_bot\data\mexico\model.pkl
2026-04-27 14:33:56 | INFO |    ↳ Модель загружена из кэша
2026-04-27 14:33:56 | INFO | 📥 Загрузка данных из C:\Users\taran\Training_Main_bot\data\mexico\matches.csv
2026-04-27 14:33:56 | INFO | ✅ Файл прочитан (кодировка: utf-8)
2026-04-27 14:34:00 | INFO | ✅ Дни отдыха рассчитаны
2026-04-27 14:34:00 | INFO | ✅ Загружено 4605 матчей
2026-04-27 14:34:00 | INFO | ✅ 🇲🇽 Мексика: Лига МХ загружена (4605 матчей, 25 команд)
2026-04-27 14:34:00 | INFO | 📊 Загрузка 🇳🇴 Норвегия: Элитсерия...
2026-04-27 14:34:00 | INFO | ✅ Модель загружена: C:\Users\taran\Training_Main_bot\data\norway\model.pkl
2026-04-27 14:34:00 | INFO |    ↳ Модель загружена из кэша
2026-04-27 14:34:00 | INFO | 📥 Загрузка данных из C:\Users\taran\Training_Main_bot\data\norway\matches.csv
2026-04-27 14:34:00 | INFO | ✅ Файл прочитан (кодировка: utf-8)
2026-04-27 14:34:03 | INFO | ✅ Дни отдыха рассчитаны
2026-04-27 14:34:03 | INFO | ✅ Загружено 3403 матчей
2026-04-27 14:34:03 | INFO | ✅ 🇳🇴 Норвегия: Элитсерия загружена (3403 матчей, 31 команд)
2026-04-27 14:34:03 | INFO | 📊 Загрузка 🇵🇱 Польша: Экстракласа...
2026-04-27 14:34:03 | INFO | ✅ Модель загружена: C:\Users\taran\Training_Main_bot\data\poland\model.pkl
2026-04-27 14:34:03 | INFO |    ↳ Модель загружена из кэша
2026-04-27 14:34:03 | INFO | 📥 Загрузка данных из C:\Users\taran\Training_Main_bot\data\poland\matches.csv
2026-04-27 14:34:03 | INFO | ✅ Файл прочитан (кодировка: utf-8)
2026-04-27 14:34:05 | INFO | ✅ Дни отдыха рассчитаны
2026-04-27 14:34:05 | INFO | ✅ Загружено 4019 матчей
2026-04-27 14:34:05 | INFO | ✅ 🇵🇱 Польша: Экстракласа загружена (4019 матчей, 35 команд)
2026-04-27 14:34:05 | INFO | 📊 Загрузка 🇷🇴 Румыния: Лига I...
2026-04-27 14:34:05 | INFO | ✅ Модель загружена: C:\Users\taran\Training_Main_bot\data\romania\model.pkl
2026-04-27 14:34:05 | INFO |    ↳ Модель загружена из кэша
2026-04-27 14:34:05 | INFO | 📥 Загрузка данных из C:\Users\taran\Training_Main_bot\data\romania\matches.csv
2026-04-27 14:34:06 | INFO | ✅ Файл прочитан (кодировка: utf-8)
2026-04-27 14:34:09 | INFO | ✅ Дни отдыха рассчитаны
2026-04-27 14:34:09 | INFO | ✅ Загружено 4125 матчей
2026-04-27 14:34:09 | INFO | ✅ 🇷🇴 Румыния: Лига I загружена (4125 матчей, 42 команд)
2026-04-27 14:34:09 | INFO | 📊 Загрузка 🏴󠁧󠁢󠁳󠁣󠁴󠁿 Шотландия: Премьершип...
2026-04-27 14:34:09 | INFO | ✅ Модель загружена: C:\Users\taran\Training_Main_bot\data\scotland\model.pkl
2026-04-27 14:34:09 | INFO |    ↳ Модель загружена из кэша
2026-04-27 14:34:09 | INFO | 📥 Загрузка данных из C:\Users\taran\Training_Main_bot\data\scotland\matches.csv
2026-04-27 14:34:09 | INFO | ✅ Файл прочитан (кодировка: utf-8)
2026-04-27 14:34:10 | INFO | ✅ Дни отдыха рассчитаны
2026-04-27 14:34:10 | INFO | ✅ Загружено 1091 матчей
2026-04-27 14:34:10 | INFO | ✅ 🏴󠁧󠁢󠁳󠁣󠁴󠁿 Шотландия: Премьершип загружена (1091 матчей, 14 команд)
2026-04-27 14:34:10 | INFO | 📊 Загрузка 🇹🇷 Турция: Суперлига...
2026-04-27 14:34:10 | INFO | ✅ Модель загружена: C:\Users\taran\Training_Main_bot\data\turkey\model.pkl
2026-04-27 14:34:10 | INFO |    ↳ Модель загружена из кэша
2026-04-27 14:34:10 | INFO | 📥 Загрузка данных из C:\Users\taran\Training_Main_bot\data\turkey\matches.csv
2026-04-27 14:34:10 | INFO | ✅ Файл прочитан (кодировка: utf-8)
2026-04-27 14:34:11 | INFO | ✅ Дни отдыха рассчитаны
2026-04-27 14:34:11 | INFO | ✅ Загружено 1828 матчей
2026-04-27 14:34:11 | INFO | ✅ 🇹🇷 Турция: Суперлига загружена (1828 матчей, 28 команд)
2026-04-27 14:34:11 | INFO | 📊 Загрузка 🇺🇸 США: МЛС...
2026-04-27 14:34:11 | INFO | ✅ Модель загружена: C:\Users\taran\Training_Main_bot\data\usa\model.pkl
2026-04-27 14:34:11 | INFO |    ↳ Модель загружена из кэша
2026-04-27 14:34:11 | INFO | 📥 Загрузка данных из C:\Users\taran\Training_Main_bot\data\usa\matches.csv
2026-04-27 14:34:11 | INFO | ✅ Файл прочитан (кодировка: utf-8)
2026-04-27 14:34:16 | INFO | ✅ Дни отдыха рассчитаны
2026-04-27 14:34:16 | INFO | ✅ Загружено 5905 матчей
2026-04-27 14:34:16 | INFO | ✅ 🇺🇸 США: МЛС загружена (5905 матчей, 31 команд)
2026-04-27 14:34:16 | INFO | ✅ Загружено 24 моделей, 699 уникальных команд
2026-04-27 14:34:16 | INFO | ✅ Загружена история из 6 прогнозов
2026-04-27 14:34:16 | INFO | Adding job tentatively -- it will be properly scheduled when the scheduler starts
2026-04-27 14:34:16 | INFO | Added job "ModelScheduler.update_model_task" to job store "default"
2026-04-27 14:34:16 | INFO | Scheduler started
2026-04-27 14:34:16 | INFO | ⏰ Планировщик запущен
2026-04-27 14:34:16 | INFO | Start polling
2026-04-27 14:34:16 | INFO | Run polling for bot @FootPrognosticBot id=8224983369 - 'my_football_bot'
2026-04-27 14:35:27 | INFO | Update id=354056072 is handled. Duration 449 ms by bot id=8224983369
2026-04-27 14:35:38 | INFO | Update id=354056073 is handled. Duration 218 ms by bot id=8224983369
2026-04-27 14:35:38 | INFO | Update id=354056074 is handled. Duration 125 ms by bot id=8224983369
2026-04-27 14:35:42 | INFO | Update id=354056075 is handled. Duration 279 ms by bot id=8224983369
2026-04-27 14:35:45 | INFO | Update id=354056076 is not handled. Duration 227 ms by bot id=8224983369
2026-04-27 14:35:45 | ERROR | Cause exception while process update id=354056076 by bot id=8224983369
ValidationError: 1 validation error for EditMessageText
reply_markup
  Input should be a valid dictionary or instance of InlineKeyboardMarkup [type=model_type, input_value=ReplyKeyboardMarkup(keybo...er=None, selective=None), input_type=ReplyKeyboardMarkup]
    For further information visit https://errors.pydantic.dev/2.8/v/model_type
Traceback (most recent call last):
  File "C:\Users\taran\AppData\Local\Programs\Python\Python313\Lib\site-packages\aiogram\dispatcher\dispatcher.py", line 309, in _process_update
    response = await self.feed_update(bot, update, **kwargs)
               ^^^^^^^^^^^^^^^^^^^^^^^^^^^^^^^^^^^^^^^^^^^^^
  File "C:\Users\taran\AppData\Local\Programs\Python\Python313\Lib\site-packages\aiogram\dispatcher\dispatcher.py", line 158, in feed_update
    response = await self.update.wrap_outer_middleware(
               ^^^^^^^^^^^^^^^^^^^^^^^^^^^^^^^^^^^^^^^^
    ...<7 lines>...
    )
    ^
  File "C:\Users\taran\AppData\Local\Programs\Python\Python313\Lib\site-packages\aiogram\dispatcher\middlewares\error.py", line 25, in __call__
    return await handler(event, data)
           ^^^^^^^^^^^^^^^^^^^^^^^^^^
  File "C:\Users\taran\AppData\Local\Programs\Python\Python313\Lib\site-packages\aiogram\dispatcher\middlewares\user_context.py", line 49, in __call__
    return await handler(event, data)
           ^^^^^^^^^^^^^^^^^^^^^^^^^^
  File "C:\Users\taran\AppData\Local\Programs\Python\Python313\Lib\site-packages\aiogram\fsm\middleware.py", line 42, in __call__
    return await handler(event, data)
           ^^^^^^^^^^^^^^^^^^^^^^^^^^
  File "C:\Users\taran\AppData\Local\Programs\Python\Python313\Lib\site-packages\aiogram\dispatcher\event\telegram.py", line 121, in trigger
    return await wrapped_inner(event, kwargs)
           ^^^^^^^^^^^^^^^^^^^^^^^^^^^^^^^^^^
  File "C:\Users\taran\AppData\Local\Programs\Python\Python313\Lib\site-packages\aiogram\dispatcher\event\handler.py", line 43, in call
    return await wrapped()
           ^^^^^^^^^^^^^^^
  File "C:\Users\taran\AppData\Local\Programs\Python\Python313\Lib\site-packages\aiogram\dispatcher\dispatcher.py", line 276, in _listen_update
    return await self.propagate_event(update_type=update_type, event=event, **kwargs)
           ^^^^^^^^^^^^^^^^^^^^^^^^^^^^^^^^^^^^^^^^^^^^^^^^^^^^^^^^^^^^^^^^^^^^^^^^^^
  File "C:\Users\taran\AppData\Local\Programs\Python\Python313\Lib\site-packages\aiogram\dispatcher\router.py", line 142, in propagate_event
    return await observer.wrap_outer_middleware(_wrapped, event=event, data=kwargs)
           ^^^^^^^^^^^^^^^^^^^^^^^^^^^^^^^^^^^^^^^^^^^^^^^^^^^^^^^^^^^^^^^^^^^^^^^^
  File "C:\Users\taran\AppData\Local\Programs\Python\Python313\Lib\site-packages\aiogram\dispatcher\router.py", line 137, in _wrapped
    return await self._propagate_event(
           ^^^^^^^^^^^^^^^^^^^^^^^^^^^^
        observer=observer, update_type=update_type, event=telegram_event, **data
        ^^^^^^^^^^^^^^^^^^^^^^^^^^^^^^^^^^^^^^^^^^^^^^^^^^^^^^^^^^^^^^^^^^^^^^^^
    )
    ^
  File "C:\Users\taran\AppData\Local\Programs\Python\Python313\Lib\site-packages\aiogram\dispatcher\router.py", line 170, in _propagate_event
    response = await router.propagate_event(update_type=update_type, event=event, **kwargs)
               ^^^^^^^^^^^^^^^^^^^^^^^^^^^^^^^^^^^^^^^^^^^^^^^^^^^^^^^^^^^^^^^^^^^^^^^^^^^^
  File "C:\Users\taran\AppData\Local\Programs\Python\Python313\Lib\site-packages\aiogram\dispatcher\router.py", line 142, in propagate_event
    return await observer.wrap_outer_middleware(_wrapped, event=event, data=kwargs)
           ^^^^^^^^^^^^^^^^^^^^^^^^^^^^^^^^^^^^^^^^^^^^^^^^^^^^^^^^^^^^^^^^^^^^^^^^
  File "C:\Users\taran\AppData\Local\Programs\Python\Python313\Lib\site-packages\aiogram\dispatcher\router.py", line 137, in _wrapped
    return await self._propagate_event(
           ^^^^^^^^^^^^^^^^^^^^^^^^^^^^
        observer=observer, update_type=update_type, event=telegram_event, **data
        ^^^^^^^^^^^^^^^^^^^^^^^^^^^^^^^^^^^^^^^^^^^^^^^^^^^^^^^^^^^^^^^^^^^^^^^^
    )
    ^
  File "C:\Users\taran\AppData\Local\Programs\Python\Python313\Lib\site-packages\aiogram\dispatcher\router.py", line 162, in _propagate_event
    response = await observer.trigger(event, **kwargs)
               ^^^^^^^^^^^^^^^^^^^^^^^^^^^^^^^^^^^^^^^
  File "C:\Users\taran\AppData\Local\Programs\Python\Python313\Lib\site-packages\aiogram\dispatcher\event\telegram.py", line 121, in trigger
    return await wrapped_inner(event, kwargs)
           ^^^^^^^^^^^^^^^^^^^^^^^^^^^^^^^^^^
  File "C:\Users\taran\AppData\Local\Programs\Python\Python313\Lib\site-packages\aiogram\dispatcher\event\handler.py", line 43, in call
    return await wrapped()
           ^^^^^^^^^^^^^^^
  File "C:\Users\taran\Training_Main_bot\bot.py", line 859, in handle_cancel_selection
    await call.message.edit_text("❌ Выбор отменен", reply_markup=get_main_menu())
          ~~~~~~~~~~~~~~~~~~~~~~^^^^^^^^^^^^^^^^^^^^^^^^^^^^^^^^^^^^^^^^^^^^^^^^^^
  File "C:\Users\taran\AppData\Local\Programs\Python\Python313\Lib\site-packages\aiogram\types\message.py", line 3563, in edit_text
    return EditMessageText(
           ~~~~~~~~~~~~~~~^
        chat_id=self.chat.id,
        ^^^^^^^^^^^^^^^^^^^^^
    ...<9 lines>...
        **kwargs,
        ^^^^^^^^^
    ).as_(self._bot)
    ^
  File "C:\Users\taran\AppData\Local\Programs\Python\Python313\Lib\site-packages\pydantic\main.py", line 193, in __init__
    self.__pydantic_validator__.validate_python(data, self_instance=self)
    ~~~~~~~~~~~~~~~~~~~~~~~~~~~~~~~~~~~~~~~~~~~^^^^^^^^^^^^^^^^^^^^^^^^^^
pydantic_core._pydantic_core.ValidationError: 1 validation error for EditMessageText
reply_markup
  Input should be a valid dictionary or instance of InlineKeyboardMarkup [type=model_type, input_value=ReplyKeyboardMarkup(keybo...er=None, selective=None), input_type=ReplyKeyboardMarkup]
    For further information visit https://errors.pydantic.dev/2.8/v/model_type
2026-04-27 14:36:29 | ERROR | Failed to fetch updates - TelegramNetworkError: HTTP Client says - ClientOSError: [WinError 1236] Подключение к сети было разорвано локальной системой
2026-04-27 14:36:29 | WARNING | Sleep for 1.000000 seconds and try again... (tryings = 0, bot id = 8224983369)
2026-04-27 14:36:51 | ERROR | Failed to fetch updates - TelegramNetworkError: HTTP Client says - ClientConnectorError: Cannot connect to host api.telegram.org:443 ssl:default [Превышен таймаут семафора]
2026-04-27 14:36:51 | WARNING | Sleep for 1.310701 seconds and try again... (tryings = 1, bot id = 8224983369)
2026-04-27 14:37:14 | ERROR | Failed to fetch updates - TelegramNetworkError: HTTP Client says - ClientConnectorError: Cannot connect to host api.telegram.org:443 ssl:default [Превышен таймаут семафора]
2026-04-27 14:37:14 | WARNING | Sleep for 1.858271 seconds and try again... (tryings = 2, bot id = 8224983369)
2026-04-27 14:37:37 | ERROR | Failed to fetch updates - TelegramNetworkError: HTTP Client says - ClientConnectorError: Cannot connect to host api.telegram.org:443 ssl:default [Превышен таймаут семафора]
2026-04-27 14:37:37 | WARNING | Sleep for 2.390072 seconds and try again... (tryings = 3, bot id = 8224983369)
2026-04-27 14:38:00 | ERROR | Failed to fetch updates - TelegramNetworkError: HTTP Client says - ClientConnectorError: Cannot connect to host api.telegram.org:443 ssl:default [Превышен таймаут семафора]
2026-04-27 14:38:00 | WARNING | Sleep for 3.015749 seconds and try again... (tryings = 4, bot id = 8224983369)
2026-04-27 14:38:24 | ERROR | Failed to fetch updates - TelegramNetworkError: HTTP Client says - ClientConnectorError: Cannot connect to host api.telegram.org:443 ssl:default [Превышен таймаут семафора]
2026-04-27 14:38:24 | WARNING | Sleep for 4.103861 seconds and try again... (tryings = 5, bot id = 8224983369)
2026-04-27 14:38:49 | ERROR | Failed to fetch updates - TelegramNetworkError: HTTP Client says - ClientConnectorError: Cannot connect to host api.telegram.org:443 ssl:default [Превышен таймаут семафора]
2026-04-27 14:38:49 | WARNING | Sleep for 4.971335 seconds and try again... (tryings = 6, bot id = 8224983369)
2026-04-27 14:39:15 | ERROR | Failed to fetch updates - TelegramNetworkError: HTTP Client says - ClientConnectorError: Cannot connect to host api.telegram.org:443 ssl:default [Превышен таймаут семафора]
2026-04-27 14:39:15 | WARNING | Sleep for 5.002416 seconds and try again... (tryings = 7, bot id = 8224983369)
2026-04-27 14:39:41 | ERROR | Failed to fetch updates - TelegramNetworkError: HTTP Client says - ClientConnectorError: Cannot connect to host api.telegram.org:443 ssl:default [Превышен таймаут семафора]
2026-04-27 14:39:41 | WARNING | Sleep for 4.944422 seconds and try again... (tryings = 8, bot id = 8224983369)
2026-04-27 14:40:07 | ERROR | Failed to fetch updates - TelegramNetworkError: HTTP Client says - ClientConnectorError: Cannot connect to host api.telegram.org:443 ssl:default [Превышен таймаут семафора]
2026-04-27 14:40:07 | WARNING | Sleep for 5.117416 seconds and try again... (tryings = 9, bot id = 8224983369)
2026-04-27 14:40:33 | ERROR | Failed to fetch updates - TelegramNetworkError: HTTP Client says - ClientConnectorError: Cannot connect to host api.telegram.org:443 ssl:default [Превышен таймаут семафора]
2026-04-27 14:40:33 | WARNING | Sleep for 5.093759 seconds and try again... (tryings = 10, bot id = 8224983369)
2026-04-27 14:41:00 | ERROR | Failed to fetch updates - TelegramNetworkError: HTTP Client says - ClientConnectorError: Cannot connect to host api.telegram.org:443 ssl:default [Превышен таймаут семафора]
2026-04-27 14:41:00 | WARNING | Sleep for 4.967069 seconds and try again... (tryings = 11, bot id = 8224983369)
2026-04-27 14:41:26 | ERROR | Failed to fetch updates - TelegramNetworkError: HTTP Client says - ClientConnectorError: Cannot connect to host api.telegram.org:443 ssl:default [Превышен таймаут семафора]
2026-04-27 14:41:26 | WARNING | Sleep for 5.046172 seconds and try again... (tryings = 12, bot id = 8224983369)
2026-04-27 14:41:52 | ERROR | Failed to fetch updates - TelegramNetworkError: HTTP Client says - ClientConnectorError: Cannot connect to host api.telegram.org:443 ssl:default [Превышен таймаут семафора]
2026-04-27 14:41:52 | WARNING | Sleep for 5.030592 seconds and try again... (tryings = 13, bot id = 8224983369)
2026-04-27 14:42:18 | ERROR | Failed to fetch updates - TelegramNetworkError: HTTP Client says - ClientConnectorError: Cannot connect to host api.telegram.org:443 ssl:default [Превышен таймаут семафора]
2026-04-27 14:42:18 | WARNING | Sleep for 5.289675 seconds and try again... (tryings = 14, bot id = 8224983369)
2026-04-27 14:42:44 | ERROR | Failed to fetch updates - TelegramNetworkError: HTTP Client says - ClientConnectorError: Cannot connect to host api.telegram.org:443 ssl:default [Превышен таймаут семафора]
2026-04-27 14:42:44 | WARNING | Sleep for 5.012975 seconds and try again... (tryings = 15, bot id = 8224983369)
2026-04-27 14:43:10 | ERROR | Failed to fetch updates - TelegramNetworkError: HTTP Client says - ClientConnectorError: Cannot connect to host api.telegram.org:443 ssl:default [Превышен таймаут семафора]
2026-04-27 14:43:10 | WARNING | Sleep for 4.910115 seconds and try again... (tryings = 16, bot id = 8224983369)
2026-04-27 14:43:36 | ERROR | Failed to fetch updates - TelegramNetworkError: HTTP Client says - ClientConnectorError: Cannot connect to host api.telegram.org:443 ssl:default [Превышен таймаут семафора]
2026-04-27 14:43:36 | WARNING | Sleep for 4.894208 seconds and try again... (tryings = 17, bot id = 8224983369)
2026-04-27 14:44:02 | ERROR | Failed to fetch updates - TelegramNetworkError: HTTP Client says - ClientConnectorError: Cannot connect to host api.telegram.org:443 ssl:default [Превышен таймаут семафора]
2026-04-27 14:44:02 | WARNING | Sleep for 5.127454 seconds and try again... (tryings = 18, bot id = 8224983369)
2026-04-27 14:44:28 | ERROR | Failed to fetch updates - TelegramNetworkError: HTTP Client says - ClientConnectorError: Cannot connect to host api.telegram.org:443 ssl:default [Превышен таймаут семафора]
2026-04-27 14:44:28 | WARNING | Sleep for 5.111955 seconds and try again... (tryings = 19, bot id = 8224983369)
2026-04-27 14:44:54 | ERROR | Failed to fetch updates - TelegramNetworkError: HTTP Client says - ClientConnectorError: Cannot connect to host api.telegram.org:443 ssl:default [Превышен таймаут семафора]
2026-04-27 14:44:54 | WARNING | Sleep for 5.058827 seconds and try again... (tryings = 20, bot id = 8224983369)
2026-04-27 14:45:21 | ERROR | Failed to fetch updates - TelegramNetworkError: HTTP Client says - ClientConnectorError: Cannot connect to host api.telegram.org:443 ssl:default [Превышен таймаут семафора]
2026-04-27 14:45:21 | WARNING | Sleep for 5.037994 seconds and try again... (tryings = 21, bot id = 8224983369)
2026-04-27 14:45:47 | ERROR | Failed to fetch updates - TelegramNetworkError: HTTP Client says - ClientConnectorError: Cannot connect to host api.telegram.org:443 ssl:default [Превышен таймаут семафора]
2026-04-27 14:45:47 | WARNING | Sleep for 4.895534 seconds and try again... (tryings = 22, bot id = 8224983369)
2026-04-27 14:46:13 | ERROR | Failed to fetch updates - TelegramNetworkError: HTTP Client says - ClientConnectorError: Cannot connect to host api.telegram.org:443 ssl:default [Превышен таймаут семафора]
2026-04-27 14:46:13 | WARNING | Sleep for 5.083872 seconds and try again... (tryings = 23, bot id = 8224983369)
2026-04-27 14:46:39 | ERROR | Failed to fetch updates - TelegramNetworkError: HTTP Client says - ClientConnectorError: Cannot connect to host api.telegram.org:443 ssl:default [Превышен таймаут семафора]
2026-04-27 14:46:39 | WARNING | Sleep for 5.065716 seconds and try again... (tryings = 24, bot id = 8224983369)
2026-04-27 14:47:05 | ERROR | Failed to fetch updates - TelegramNetworkError: HTTP Client says - ClientConnectorError: Cannot connect to host api.telegram.org:443 ssl:default [Превышен таймаут семафора]
2026-04-27 14:47:05 | WARNING | Sleep for 5.091133 seconds and try again... (tryings = 25, bot id = 8224983369)
2026-04-27 14:47:31 | ERROR | Failed to fetch updates - TelegramNetworkError: HTTP Client says - ClientConnectorError: Cannot connect to host api.telegram.org:443 ssl:default [Превышен таймаут семафора]
2026-04-27 14:47:31 | WARNING | Sleep for 5.055276 seconds and try again... (tryings = 26, bot id = 8224983369)
2026-04-27 14:47:57 | ERROR | Failed to fetch updates - TelegramNetworkError: HTTP Client says - ClientConnectorError: Cannot connect to host api.telegram.org:443 ssl:default [Превышен таймаут семафора]
2026-04-27 14:47:57 | WARNING | Sleep for 4.906531 seconds and try again... (tryings = 27, bot id = 8224983369)
2026-04-27 14:48:23 | ERROR | Failed to fetch updates - TelegramNetworkError: HTTP Client says - ClientConnectorError: Cannot connect to host api.telegram.org:443 ssl:default [Превышен таймаут семафора]
2026-04-27 14:48:23 | WARNING | Sleep for 5.109152 seconds and try again... (tryings = 28, bot id = 8224983369)
2026-04-27 14:48:49 | ERROR | Failed to fetch updates - TelegramNetworkError: HTTP Client says - ClientConnectorError: Cannot connect to host api.telegram.org:443 ssl:default [Превышен таймаут семафора]
2026-04-27 14:48:49 | WARNING | Sleep for 4.902509 seconds and try again... (tryings = 29, bot id = 8224983369)
2026-04-27 14:49:15 | ERROR | Failed to fetch updates - TelegramNetworkError: HTTP Client says - ClientConnectorError: Cannot connect to host api.telegram.org:443 ssl:default [Превышен таймаут семафора]
2026-04-27 14:49:15 | WARNING | Sleep for 4.929393 seconds and try again... (tryings = 30, bot id = 8224983369)
2026-04-27 14:49:41 | ERROR | Failed to fetch updates - TelegramNetworkError: HTTP Client says - ClientConnectorError: Cannot connect to host api.telegram.org:443 ssl:default [Превышен таймаут семафора]
2026-04-27 14:49:41 | WARNING | Sleep for 5.085909 seconds and try again... (tryings = 31, bot id = 8224983369)
2026-04-27 14:50:07 | ERROR | Failed to fetch updates - TelegramNetworkError: HTTP Client says - ClientConnectorError: Cannot connect to host api.telegram.org:443 ssl:default [Превышен таймаут семафора]
2026-04-27 14:50:07 | WARNING | Sleep for 4.896512 seconds and try again... (tryings = 32, bot id = 8224983369)
2026-04-27 14:50:33 | ERROR | Failed to fetch updates - TelegramNetworkError: HTTP Client says - ClientConnectorError: Cannot connect to host api.telegram.org:443 ssl:default [Превышен таймаут семафора]
2026-04-27 14:50:33 | WARNING | Sleep for 4.987981 seconds and try again... (tryings = 33, bot id = 8224983369)
2026-04-27 14:50:59 | ERROR | Failed to fetch updates - TelegramNetworkError: HTTP Client says - ClientConnectorError: Cannot connect to host api.telegram.org:443 ssl:default [Превышен таймаут семафора]
2026-04-27 14:50:59 | WARNING | Sleep for 5.059542 seconds and try again... (tryings = 34, bot id = 8224983369)
2026-04-27 14:51:25 | ERROR | Failed to fetch updates - TelegramNetworkError: HTTP Client says - ClientConnectorError: Cannot connect to host api.telegram.org:443 ssl:default [Превышен таймаут семафора]
2026-04-27 14:51:25 | WARNING | Sleep for 5.215782 seconds and try again... (tryings = 35, bot id = 8224983369)
2026-04-27 14:51:52 | ERROR | Failed to fetch updates - TelegramNetworkError: HTTP Client says - ClientConnectorError: Cannot connect to host api.telegram.org:443 ssl:default [Превышен таймаут семафора]
2026-04-27 14:51:52 | WARNING | Sleep for 4.947863 seconds and try again... (tryings = 36, bot id = 8224983369)
2026-04-27 14:52:18 | ERROR | Failed to fetch updates - TelegramNetworkError: HTTP Client says - ClientConnectorError: Cannot connect to host api.telegram.org:443 ssl:default [Превышен таймаут семафора]
2026-04-27 14:52:18 | WARNING | Sleep for 5.014561 seconds and try again... (tryings = 37, bot id = 8224983369)
2026-04-27 14:52:44 | ERROR | Failed to fetch updates - TelegramNetworkError: HTTP Client says - ClientConnectorError: Cannot connect to host api.telegram.org:443 ssl:default [Превышен таймаут семафора]
2026-04-27 14:52:44 | WARNING | Sleep for 5.007193 seconds and try again... (tryings = 38, bot id = 8224983369)
2026-04-27 14:53:10 | ERROR | Failed to fetch updates - TelegramNetworkError: HTTP Client says - ClientConnectorError: Cannot connect to host api.telegram.org:443 ssl:default [Превышен таймаут семафора]
2026-04-27 14:53:10 | WARNING | Sleep for 4.927957 seconds and try again... (tryings = 39, bot id = 8224983369)
2026-04-27 14:53:36 | ERROR | Failed to fetch updates - TelegramNetworkError: HTTP Client says - ClientConnectorError: Cannot connect to host api.telegram.org:443 ssl:default [Превышен таймаут семафора]
2026-04-27 14:53:36 | WARNING | Sleep for 4.956810 seconds and try again... (tryings = 40, bot id = 8224983369)
2026-04-27 14:54:02 | ERROR | Failed to fetch updates - TelegramNetworkError: HTTP Client says - ClientConnectorError: Cannot connect to host api.telegram.org:443 ssl:default [Превышен таймаут семафора]
2026-04-27 14:54:02 | WARNING | Sleep for 4.964767 seconds and try again... (tryings = 41, bot id = 8224983369)
2026-04-27 14:54:28 | ERROR | Failed to fetch updates - TelegramNetworkError: HTTP Client says - ClientConnectorError: Cannot connect to host api.telegram.org:443 ssl:default [Превышен таймаут семафора]
2026-04-27 14:54:28 | WARNING | Sleep for 5.103095 seconds and try again... (tryings = 42, bot id = 8224983369)
2026-04-27 14:54:54 | ERROR | Failed to fetch updates - TelegramNetworkError: HTTP Client says - ClientConnectorError: Cannot connect to host api.telegram.org:443 ssl:default [Превышен таймаут семафора]
2026-04-27 14:54:54 | WARNING | Sleep for 5.017931 seconds and try again... (tryings = 43, bot id = 8224983369)
2026-04-27 14:55:20 | ERROR | Failed to fetch updates - TelegramNetworkError: HTTP Client says - ClientConnectorError: Cannot connect to host api.telegram.org:443 ssl:default [Превышен таймаут семафора]
2026-04-27 14:55:20 | WARNING | Sleep for 4.986253 seconds and try again... (tryings = 44, bot id = 8224983369)
2026-04-27 14:55:46 | ERROR | Failed to fetch updates - TelegramNetworkError: HTTP Client says - ClientConnectorError: Cannot connect to host api.telegram.org:443 ssl:default [Превышен таймаут семафора]
2026-04-27 14:55:46 | WARNING | Sleep for 4.911842 seconds and try again... (tryings = 45, bot id = 8224983369)
2026-04-27 14:56:12 | ERROR | Failed to fetch updates - TelegramNetworkError: HTTP Client says - ClientConnectorError: Cannot connect to host api.telegram.org:443 ssl:default [Превышен таймаут семафора]
2026-04-27 14:56:12 | WARNING | Sleep for 5.100869 seconds and try again... (tryings = 46, bot id = 8224983369)
2026-04-27 14:56:38 | ERROR | Failed to fetch updates - TelegramNetworkError: HTTP Client says - ClientConnectorError: Cannot connect to host api.telegram.org:443 ssl:default [Превышен таймаут семафора]
2026-04-27 14:56:38 | WARNING | Sleep for 4.985324 seconds and try again... (tryings = 47, bot id = 8224983369)
2026-04-27 14:57:04 | ERROR | Failed to fetch updates - TelegramNetworkError: HTTP Client says - ClientConnectorError: Cannot connect to host api.telegram.org:443 ssl:default [Превышен таймаут семафора]
2026-04-27 14:57:04 | WARNING | Sleep for 5.042077 seconds and try again... (tryings = 48, bot id = 8224983369)
2026-04-27 14:57:30 | ERROR | Failed to fetch updates - TelegramNetworkError: HTTP Client says - ClientConnectorError: Cannot connect to host api.telegram.org:443 ssl:default [Превышен таймаут семафора]
2026-04-27 14:57:30 | WARNING | Sleep for 5.016219 seconds and try again... (tryings = 49, bot id = 8224983369)
2026-04-27 14:57:56 | ERROR | Failed to fetch updates - TelegramNetworkError: HTTP Client says - ClientConnectorError: Cannot connect to host api.telegram.org:443 ssl:default [Превышен таймаут семафора]
2026-04-27 14:57:56 | WARNING | Sleep for 5.082476 seconds and try again... (tryings = 50, bot id = 8224983369)
2026-04-27 14:58:22 | ERROR | Failed to fetch updates - TelegramNetworkError: HTTP Client says - ClientConnectorError: Cannot connect to host api.telegram.org:443 ssl:default [Превышен таймаут семафора]
2026-04-27 14:58:22 | WARNING | Sleep for 4.996166 seconds and try again... (tryings = 51, bot id = 8224983369)
2026-04-27 14:58:49 | ERROR | Failed to fetch updates - TelegramNetworkError: HTTP Client says - ClientConnectorError: Cannot connect to host api.telegram.org:443 ssl:default [Превышен таймаут семафора]
2026-04-27 14:58:49 | WARNING | Sleep for 4.985549 seconds and try again... (tryings = 52, bot id = 8224983369)
2026-04-27 14:59:15 | ERROR | Failed to fetch updates - TelegramNetworkError: HTTP Client says - ClientConnectorError: Cannot connect to host api.telegram.org:443 ssl:default [Превышен таймаут семафора]
2026-04-27 14:59:15 | WARNING | Sleep for 5.043734 seconds and try again... (tryings = 53, bot id = 8224983369)
2026-04-27 14:59:41 | ERROR | Failed to fetch updates - TelegramNetworkError: HTTP Client says - ClientConnectorError: Cannot connect to host api.telegram.org:443 ssl:default [Превышен таймаут семафора]
2026-04-27 14:59:41 | WARNING | Sleep for 4.877001 seconds and try again... (tryings = 54, bot id = 8224983369)
2026-04-27 15:00:07 | ERROR | Failed to fetch updates - TelegramNetworkError: HTTP Client says - ClientConnectorError: Cannot connect to host api.telegram.org:443 ssl:default [Превышен таймаут семафора]
2026-04-27 15:00:07 | WARNING | Sleep for 5.081611 seconds and try again... (tryings = 55, bot id = 8224983369)
2026-04-27 15:00:33 | ERROR | Failed to fetch updates - TelegramNetworkError: HTTP Client says - ClientConnectorError: Cannot connect to host api.telegram.org:443 ssl:default [Превышен таймаут семафора]
2026-04-27 15:00:33 | WARNING | Sleep for 4.925572 seconds and try again... (tryings = 56, bot id = 8224983369)
2026-04-27 15:00:59 | ERROR | Failed to fetch updates - TelegramNetworkError: HTTP Client says - ClientConnectorError: Cannot connect to host api.telegram.org:443 ssl:default [Превышен таймаут семафора]
2026-04-27 15:00:59 | WARNING | Sleep for 5.026410 seconds and try again... (tryings = 57, bot id = 8224983369)
2026-04-27 15:01:25 | ERROR | Failed to fetch updates - TelegramNetworkError: HTTP Client says - ClientConnectorError: Cannot connect to host api.telegram.org:443 ssl:default [Превышен таймаут семафора]
2026-04-27 15:01:25 | WARNING | Sleep for 4.900995 seconds and try again... (tryings = 58, bot id = 8224983369)
2026-04-27 15:01:51 | ERROR | Failed to fetch updates - TelegramNetworkError: HTTP Client says - ClientConnectorError: Cannot connect to host api.telegram.org:443 ssl:default [Превышен таймаут семафора]
2026-04-27 15:01:51 | WARNING | Sleep for 5.128306 seconds and try again... (tryings = 59, bot id = 8224983369)
2026-04-27 15:02:17 | ERROR | Failed to fetch updates - TelegramNetworkError: HTTP Client says - ClientConnectorError: Cannot connect to host api.telegram.org:443 ssl:default [Превышен таймаут семафора]
2026-04-27 15:02:17 | WARNING | Sleep for 4.832758 seconds and try again... (tryings = 60, bot id = 8224983369)
2026-04-27 15:02:43 | ERROR | Failed to fetch updates - TelegramNetworkError: HTTP Client says - ClientConnectorError: Cannot connect to host api.telegram.org:443 ssl:default [Превышен таймаут семафора]
2026-04-27 15:02:43 | WARNING | Sleep for 5.113756 seconds and try again... (tryings = 61, bot id = 8224983369)
2026-04-27 15:03:09 | ERROR | Failed to fetch updates - TelegramNetworkError: HTTP Client says - ClientConnectorError: Cannot connect to host api.telegram.org:443 ssl:default [Превышен таймаут семафора]
2026-04-27 15:03:09 | WARNING | Sleep for 5.194899 seconds and try again... (tryings = 62, bot id = 8224983369)
2026-04-27 15:03:35 | ERROR | Failed to fetch updates - TelegramNetworkError: HTTP Client says - ClientConnectorError: Cannot connect to host api.telegram.org:443 ssl:default [Превышен таймаут семафора]
2026-04-27 15:03:35 | WARNING | Sleep for 4.971485 seconds and try again... (tryings = 63, bot id = 8224983369)
2026-04-27 15:04:01 | ERROR | Failed to fetch updates - TelegramNetworkError: HTTP Client says - ClientConnectorError: Cannot connect to host api.telegram.org:443 ssl:default [Превышен таймаут семафора]
2026-04-27 15:04:01 | WARNING | Sleep for 4.867756 seconds and try again... (tryings = 64, bot id = 8224983369)
2026-04-27 15:04:27 | ERROR | Failed to fetch updates - TelegramNetworkError: HTTP Client says - ClientConnectorError: Cannot connect to host api.telegram.org:443 ssl:default [Превышен таймаут семафора]
2026-04-27 15:04:27 | WARNING | Sleep for 5.060230 seconds and try again... (tryings = 65, bot id = 8224983369)
2026-04-27 15:04:53 | ERROR | Failed to fetch updates - TelegramNetworkError: HTTP Client says - ClientConnectorError: Cannot connect to host api.telegram.org:443 ssl:default [Превышен таймаут семафора]
2026-04-27 15:04:53 | WARNING | Sleep for 4.954768 seconds and try again... (tryings = 66, bot id = 8224983369)
2026-04-27 15:05:19 | ERROR | Failed to fetch updates - TelegramNetworkError: HTTP Client says - ClientConnectorError: Cannot connect to host api.telegram.org:443 ssl:default [Превышен таймаут семафора]
2026-04-27 15:05:19 | WARNING | Sleep for 4.841731 seconds and try again... (tryings = 67, bot id = 8224983369)
2026-04-27 15:05:45 | ERROR | Failed to fetch updates - TelegramNetworkError: HTTP Client says - ClientConnectorError: Cannot connect to host api.telegram.org:443 ssl:default [Превышен таймаут семафора]
2026-04-27 15:05:45 | WARNING | Sleep for 5.025774 seconds and try again... (tryings = 68, bot id = 8224983369)
2026-04-27 15:06:11 | ERROR | Failed to fetch updates - TelegramNetworkError: HTTP Client says - ClientConnectorError: Cannot connect to host api.telegram.org:443 ssl:default [Превышен таймаут семафора]
2026-04-27 15:06:11 | WARNING | Sleep for 5.092962 seconds and try again... (tryings = 69, bot id = 8224983369)
2026-04-27 15:06:37 | ERROR | Failed to fetch updates - TelegramNetworkError: HTTP Client says - ClientConnectorError: Cannot connect to host api.telegram.org:443 ssl:default [Превышен таймаут семафора]
2026-04-27 15:06:37 | WARNING | Sleep for 5.152164 seconds and try again... (tryings = 70, bot id = 8224983369)
2026-04-27 15:07:04 | ERROR | Failed to fetch updates - TelegramNetworkError: HTTP Client says - ClientConnectorError: Cannot connect to host api.telegram.org:443 ssl:default [Превышен таймаут семафора]
2026-04-27 15:07:04 | WARNING | Sleep for 5.021967 seconds and try again... (tryings = 71, bot id = 8224983369)
2026-04-27 15:07:30 | ERROR | Failed to fetch updates - TelegramNetworkError: HTTP Client says - ClientConnectorError: Cannot connect to host api.telegram.org:443 ssl:default [Превышен таймаут семафора]
2026-04-27 15:07:30 | WARNING | Sleep for 4.944173 seconds and try again... (tryings = 72, bot id = 8224983369)
2026-04-27 15:07:56 | ERROR | Failed to fetch updates - TelegramNetworkError: HTTP Client says - ClientConnectorError: Cannot connect to host api.telegram.org:443 ssl:default [Превышен таймаут семафора]
2026-04-27 15:07:56 | WARNING | Sleep for 5.069804 seconds and try again... (tryings = 73, bot id = 8224983369)
2026-04-27 15:08:22 | ERROR | Failed to fetch updates - TelegramNetworkError: HTTP Client says - ClientConnectorError: Cannot connect to host api.telegram.org:443 ssl:default [Превышен таймаут семафора]
2026-04-27 15:08:22 | WARNING | Sleep for 5.097965 seconds and try again... (tryings = 74, bot id = 8224983369)
2026-04-27 15:08:48 | ERROR | Failed to fetch updates - TelegramNetworkError: HTTP Client says - ClientConnectorError: Cannot connect to host api.telegram.org:443 ssl:default [Превышен таймаут семафора]
2026-04-27 15:08:48 | WARNING | Sleep for 4.909657 seconds and try again... (tryings = 75, bot id = 8224983369)
2026-04-27 15:09:14 | ERROR | Failed to fetch updates - TelegramNetworkError: HTTP Client says - ClientConnectorError: Cannot connect to host api.telegram.org:443 ssl:default [Превышен таймаут семафора]
2026-04-27 15:09:14 | WARNING | Sleep for 4.872482 seconds and try again... (tryings = 76, bot id = 8224983369)
2026-04-27 15:09:40 | ERROR | Failed to fetch updates - TelegramNetworkError: HTTP Client says - ClientConnectorError: Cannot connect to host api.telegram.org:443 ssl:default [Превышен таймаут семафора]
2026-04-27 15:09:40 | WARNING | Sleep for 4.944113 seconds and try again... (tryings = 77, bot id = 8224983369)
2026-05-07 13:22:14 | INFO | ✅ База данных инициализирована
2026-05-07 13:22:14 | INFO | 🔄 Загрузка моделей и команд...
2026-05-07 13:22:14 | INFO | 📊 Загрузка 🇷🇺 РПЛ...
2026-05-07 13:22:14 | INFO | ✅ Модель загружена: C:\Users\taran\Training_Main_bot\data\rpl\model.pkl
2026-05-07 13:22:14 | INFO |    ↳ Модель загружена из кэша
2026-05-07 13:22:14 | INFO | 📥 Загрузка данных из C:\Users\taran\Training_Main_bot\data\rpl\matches.csv
2026-05-07 13:22:14 | INFO | ✅ Файл прочитан (кодировка: utf-8)
2026-05-07 13:22:16 | INFO | ✅ Дни отдыха рассчитаны
2026-05-07 13:22:16 | INFO | ✅ Загружено 3344 матчей
2026-05-07 13:22:16 | INFO | ✅ 🇷🇺 РПЛ загружена (3344 матчей, 38 команд)
2026-05-07 13:22:16 | INFO | 📊 Загрузка 🇬🇧 Англия: Премьер-лига...
2026-05-07 13:22:17 | INFO | ✅ Модель загружена: C:\Users\taran\Training_Main_bot\data\epl\model.pkl
2026-05-07 13:22:17 | INFO |    ↳ Модель загружена из кэша
2026-05-07 13:22:17 | INFO | 📥 Загрузка данных из C:\Users\taran\Training_Main_bot\data\epl\matches.csv
2026-05-07 13:22:17 | INFO | ✅ Файл прочитан (кодировка: utf-8)
2026-05-07 13:22:18 | INFO | ✅ Дни отдыха рассчитаны
2026-05-07 13:22:18 | INFO | ✅ Загружено 1520 матчей
2026-05-07 13:22:18 | INFO | ✅ 🇬🇧 Англия: Премьер-лига загружена (1520 матчей, 26 команд)
2026-05-07 13:22:18 | INFO | 📊 Загрузка 🇩🇪 Бундеслига...
2026-05-07 13:22:18 | INFO | ✅ Модель загружена: C:\Users\taran\Training_Main_bot\data\bundesliga\model.pkl
2026-05-07 13:22:18 | INFO |    ↳ Модель загружена из кэша
2026-05-07 13:22:18 | INFO | 📥 Загрузка данных из C:\Users\taran\Training_Main_bot\data\bundesliga\matches.csv
2026-05-07 13:22:18 | INFO | ✅ Файл прочитан (кодировка: utf-8)
2026-05-07 13:22:19 | INFO | ✅ Дни отдыха рассчитаны
2026-05-07 13:22:19 | INFO | ✅ Загружено 1224 матчей
2026-05-07 13:22:19 | INFO | ✅ 🇩🇪 Бундеслига загружена (1224 матчей, 22 команд)
2026-05-07 13:22:19 | INFO | 📊 Загрузка 🇮🇹 Серия A...
2026-05-07 13:22:19 | INFO | ✅ Модель загружена: C:\Users\taran\Training_Main_bot\data\seriaA\model.pkl
2026-05-07 13:22:19 | INFO |    ↳ Модель загружена из кэша
2026-05-07 13:22:19 | INFO | 📥 Загрузка данных из C:\Users\taran\Training_Main_bot\data\seriaA\matches.csv
2026-05-07 13:22:20 | INFO | ✅ Файл прочитан (кодировка: utf-8)
2026-05-07 13:22:21 | INFO | ✅ Дни отдыха рассчитаны
2026-05-07 13:22:21 | INFO | ✅ Загружено 1520 матчей
2026-05-07 13:22:21 | INFO | ✅ 🇮🇹 Серия A загружена (1520 матчей, 27 команд)
2026-05-07 13:22:21 | INFO | 📊 Загрузка 🇪🇸 Ла Лига...
2026-05-07 13:22:21 | INFO | ✅ Модель загружена: C:\Users\taran\Training_Main_bot\data\laLiga\model.pkl
2026-05-07 13:22:21 | INFO |    ↳ Модель загружена из кэша
2026-05-07 13:22:21 | INFO | 📥 Загрузка данных из C:\Users\taran\Training_Main_bot\data\laLiga\matches.csv
2026-05-07 13:22:21 | INFO | ✅ Файл прочитан (кодировка: utf-8)
2026-05-07 13:22:22 | INFO | ✅ Дни отдыха рассчитаны
2026-05-07 13:22:22 | INFO | ✅ Загружено 1520 матчей
2026-05-07 13:22:22 | INFO | ✅ 🇪🇸 Ла Лига загружена (1520 матчей, 26 команд)
2026-05-07 13:22:22 | INFO | 📊 Загрузка 🇫🇷 Лига 1...
2026-05-07 13:22:22 | INFO | ✅ Модель загружена: C:\Users\taran\Training_Main_bot\data\ligue1\model.pkl
2026-05-07 13:22:22 | INFO |    ↳ Модель загружена из кэша
2026-05-07 13:22:22 | INFO | 📥 Загрузка данных из C:\Users\taran\Training_Main_bot\data\ligue1\matches.csv
2026-05-07 13:22:22 | INFO | ✅ Файл прочитан (кодировка: utf-8)
2026-05-07 13:22:24 | INFO | ✅ Дни отдыха рассчитаны
2026-05-07 13:22:24 | INFO | ✅ Загружено 1446 матчей
2026-05-07 13:22:24 | INFO | ✅ 🇫🇷 Лига 1 загружена (1446 матчей, 26 команд)
2026-05-07 13:22:24 | INFO | 📊 Загрузка Лига чемпионов 🏆...
2026-05-07 13:22:24 | INFO | ✅ Модель загружена: C:\Users\taran\Training_Main_bot\data\champions_league\model.pkl
2026-05-07 13:22:24 | INFO |    ↳ Модель загружена из кэша
2026-05-07 13:22:24 | INFO | 📥 Загрузка данных из C:\Users\taran\Training_Main_bot\data\champions_league\matches.csv
2026-05-07 13:22:24 | INFO | ✅ Файл прочитан (кодировка: utf-8)
2026-05-07 13:22:24 | INFO | ✅ Дни отдыха рассчитаны
2026-05-07 13:22:24 | INFO | ✅ Загружено 135 матчей
2026-05-07 13:22:24 | INFO | ✅ Лига чемпионов 🏆 загружена (135 матчей, 36 команд)
2026-05-07 13:22:24 | INFO | 📊 Загрузка 🇳🇱 Эредивизи...
2026-05-07 13:22:24 | INFO | ✅ Модель загружена: C:\Users\taran\Training_Main_bot\data\eredivisise\model.pkl
2026-05-07 13:22:24 | INFO |    ↳ Модель загружена из кэша
2026-05-07 13:22:24 | INFO | 📥 Загрузка данных из C:\Users\taran\Training_Main_bot\data\eredivisise\matches.csv
2026-05-07 13:22:24 | INFO | ✅ Файл прочитан (кодировка: utf-8)
2026-05-07 13:22:25 | INFO | ✅ Дни отдыха рассчитаны
2026-05-07 13:22:25 | INFO | ✅ Загружено 1224 матчей
2026-05-07 13:22:25 | INFO | ✅ 🇳🇱 Эредивизи загружена (1224 матчей, 24 команд)
2026-05-07 13:22:25 | INFO | 📊 Загрузка 🇵🇹 Португальская Лига...
2026-05-07 13:22:25 | INFO | ✅ Модель загружена: C:\Users\taran\Training_Main_bot\data\portugueseLiga\model.pkl
2026-05-07 13:22:25 | INFO |    ↳ Модель загружена из кэша
2026-05-07 13:22:25 | INFO | 📥 Загрузка данных из C:\Users\taran\Training_Main_bot\data\portugueseLiga\matches.csv
2026-05-07 13:22:25 | INFO | ✅ Файл прочитан (кодировка: utf-8)
2026-05-07 13:22:26 | INFO | ✅ Дни отдыха рассчитаны
2026-05-07 13:22:26 | INFO | ✅ Загружено 1224 матчей
2026-05-07 13:22:26 | INFO | ✅ 🇵🇹 Португальская Лига загружена (1224 матчей, 24 команд)
2026-05-07 13:22:26 | INFO | 📊 Загрузка 🇦🇷 Аргентина: Примера Дивисьон...
2026-05-07 13:22:27 | INFO | ✅ Модель загружена: C:\Users\taran\Training_Main_bot\data\argentina\model.pkl
2026-05-07 13:22:27 | INFO |    ↳ Модель загружена из кэша
2026-05-07 13:22:27 | INFO | 📥 Загрузка данных из C:\Users\taran\Training_Main_bot\data\argentina\matches.csv
2026-05-07 13:22:27 | INFO | ✅ Файл прочитан (кодировка: utf-8)
2026-05-07 13:22:32 | INFO | ✅ Дни отдыха рассчитаны
2026-05-07 13:22:32 | INFO | ✅ Загружено 6160 матчей
2026-05-07 13:22:32 | INFO | ✅ 🇦🇷 Аргентина: Примера Дивисьон загружена (6160 матчей, 45 команд)
2026-05-07 13:22:32 | INFO | 📊 Загрузка 🇦🇹 Австрия: Бундеслига...
2026-05-07 13:22:32 | INFO | ✅ Модель загружена: C:\Users\taran\Training_Main_bot\data\austria\model.pkl
2026-05-07 13:22:32 | INFO |    ↳ Модель загружена из кэша
2026-05-07 13:22:32 | INFO | 📥 Загрузка данных из C:\Users\taran\Training_Main_bot\data\austria\matches.csv
2026-05-07 13:22:32 | INFO | ✅ Файл прочитан (кодировка: utf-8)
2026-05-07 13:22:34 | INFO | ✅ Дни отдыха рассчитаны
2026-05-07 13:22:34 | INFO | ✅ Загружено 2596 матчей
2026-05-07 13:22:34 | INFO | ✅ 🇦🇹 Австрия: Бундеслига загружена (2596 матчей, 20 команд)
2026-05-07 13:22:35 | INFO | 📊 Загрузка 🇧🇷 Бразилия: Серия А...
2026-05-07 13:22:35 | INFO | ✅ Модель загружена: C:\Users\taran\Training_Main_bot\data\brazil\model.pkl
2026-05-07 13:22:35 | INFO |    ↳ Модель загружена из кэша
2026-05-07 13:22:35 | INFO | 📥 Загрузка данных из C:\Users\taran\Training_Main_bot\data\brazil\matches.csv
2026-05-07 13:22:35 | INFO | ✅ Файл прочитан (кодировка: utf-8)
2026-05-07 13:22:39 | INFO | ✅ Дни отдыха рассчитаны
2026-05-07 13:22:39 | INFO | ✅ Загружено 5417 матчей
2026-05-07 13:22:39 | INFO | ✅ 🇧🇷 Бразилия: Серия А загружена (5417 матчей, 38 команд)
2026-05-07 13:22:39 | INFO | 📊 Загрузка 🇨🇳 Китай: Суперлига...
2026-05-07 13:22:39 | INFO | ✅ Модель загружена: C:\Users\taran\Training_Main_bot\data\china\model.pkl
2026-05-07 13:22:39 | INFO |    ↳ Модель загружена из кэша
2026-05-07 13:22:39 | INFO | 📥 Загрузка данных из C:\Users\taran\Training_Main_bot\data\china\matches.csv
2026-05-07 13:22:39 | INFO | ✅ Файл прочитан (кодировка: utf-8)
2026-05-07 13:22:41 | INFO | ✅ Дни отдыха рассчитаны
2026-05-07 13:22:41 | INFO | ✅ Загружено 2840 матчей
2026-05-07 13:22:41 | INFO | ✅ 🇨🇳 Китай: Суперлига загружена (2840 матчей, 45 команд)
2026-05-07 13:22:41 | INFO | 📊 Загрузка 🇩🇰 Дания: Суперлига...
2026-05-07 13:22:41 | INFO | ✅ Модель загружена: C:\Users\taran\Training_Main_bot\data\dania\model.pkl
2026-05-07 13:22:41 | INFO |    ↳ Модель загружена из кэша
2026-05-07 13:22:41 | INFO | 📥 Загрузка данных из C:\Users\taran\Training_Main_bot\data\dania\matches.csv
2026-05-07 13:22:41 | INFO | ✅ Файл прочитан (кодировка: utf-8)
2026-05-07 13:22:43 | INFO | ✅ Дни отдыха рассчитаны
2026-05-07 13:22:43 | INFO | ✅ Загружено 2910 матчей
2026-05-07 13:22:43 | INFO | ✅ 🇩🇰 Дания: Суперлига загружена (2910 матчей, 21 команд)
2026-05-07 13:22:44 | INFO | 📊 Загрузка 🇫🇮 Финляндия: Вейккауслига...
2026-05-07 13:22:44 | INFO | ✅ Модель загружена: C:\Users\taran\Training_Main_bot\data\finland\model.pkl
2026-05-07 13:22:44 | INFO |    ↳ Модель загружена из кэша
2026-05-07 13:22:44 | INFO | 📥 Загрузка данных из C:\Users\taran\Training_Main_bot\data\finland\matches.csv
2026-05-07 13:22:44 | INFO | ✅ Файл прочитан (кодировка: utf-8)
2026-05-07 13:22:45 | INFO | ✅ Дни отдыха рассчитаны
2026-05-07 13:22:45 | INFO | ✅ Загружено 2550 матчей
2026-05-07 13:22:45 | INFO | ✅ 🇫🇮 Финляндия: Вейккауслига загружена (2550 матчей, 23 команд)
2026-05-07 13:22:45 | INFO | 📊 Загрузка 🇬🇷 Греция: Суперлига...
2026-05-07 13:22:46 | INFO | ✅ Модель загружена: C:\Users\taran\Training_Main_bot\data\greece\model.pkl
2026-05-07 13:22:46 | INFO |    ↳ Модель загружена из кэша
2026-05-07 13:22:46 | INFO | 📥 Загрузка данных из C:\Users\taran\Training_Main_bot\data\greece\matches.csv
2026-05-07 13:22:46 | INFO | ✅ Файл прочитан (кодировка: utf-8)
2026-05-07 13:22:46 | INFO | ✅ Дни отдыха рассчитаны
2026-05-07 13:22:46 | INFO | ✅ Загружено 1200 матчей
2026-05-07 13:22:46 | INFO | ✅ 🇬🇷 Греция: Суперлига загружена (1200 матчей, 20 команд)
2026-05-07 13:22:46 | INFO | 📊 Загрузка 🇯🇵 Япония: Джей-лига...
2026-05-07 13:22:47 | INFO | ✅ Модель загружена: C:\Users\taran\Training_Main_bot\data\japan\model.pkl
2026-05-07 13:22:47 | INFO |    ↳ Модель загружена из кэша
2026-05-07 13:22:47 | INFO | 📥 Загрузка данных из C:\Users\taran\Training_Main_bot\data\japan\matches.csv
2026-05-07 13:22:47 | INFO | ✅ Файл прочитан (кодировка: utf-8)
2026-05-07 13:22:50 | INFO | ✅ Дни отдыха рассчитаны
2026-05-07 13:22:50 | INFO | ✅ Загружено 4523 матчей
2026-05-07 13:22:50 | INFO | ✅ 🇯🇵 Япония: Джей-лига загружена (4523 матчей, 32 команд)
2026-05-07 13:22:50 | INFO | 📊 Загрузка 🇲🇽 Мексика: Лига МХ...
2026-05-07 13:22:50 | INFO | ✅ Модель загружена: C:\Users\taran\Training_Main_bot\data\mexico\model.pkl
2026-05-07 13:22:50 | INFO |    ↳ Модель загружена из кэша
2026-05-07 13:22:50 | INFO | 📥 Загрузка данных из C:\Users\taran\Training_Main_bot\data\mexico\matches.csv
2026-05-07 13:22:50 | INFO | ✅ Файл прочитан (кодировка: utf-8)
2026-05-07 13:22:53 | INFO | ✅ Дни отдыха рассчитаны
2026-05-07 13:22:53 | INFO | ✅ Загружено 4605 матчей
2026-05-07 13:22:53 | INFO | ✅ 🇲🇽 Мексика: Лига МХ загружена (4605 матчей, 25 команд)
2026-05-07 13:22:53 | INFO | 📊 Загрузка 🇳🇴 Норвегия: Элитсерия...
2026-05-07 13:22:53 | INFO | ✅ Модель загружена: C:\Users\taran\Training_Main_bot\data\norway\model.pkl
2026-05-07 13:22:53 | INFO |    ↳ Модель загружена из кэша
2026-05-07 13:22:53 | INFO | 📥 Загрузка данных из C:\Users\taran\Training_Main_bot\data\norway\matches.csv
2026-05-07 13:22:53 | INFO | ✅ Файл прочитан (кодировка: utf-8)
2026-05-07 13:22:56 | INFO | ✅ Дни отдыха рассчитаны
2026-05-07 13:22:56 | INFO | ✅ Загружено 3403 матчей
2026-05-07 13:22:56 | INFO | ✅ 🇳🇴 Норвегия: Элитсерия загружена (3403 матчей, 31 команд)
2026-05-07 13:22:56 | INFO | 📊 Загрузка 🇵🇱 Польша: Экстракласа...
2026-05-07 13:22:56 | INFO | ✅ Модель загружена: C:\Users\taran\Training_Main_bot\data\poland\model.pkl
2026-05-07 13:22:56 | INFO |    ↳ Модель загружена из кэша
2026-05-07 13:22:56 | INFO | 📥 Загрузка данных из C:\Users\taran\Training_Main_bot\data\poland\matches.csv
2026-05-07 13:22:56 | INFO | ✅ Файл прочитан (кодировка: utf-8)
2026-05-07 13:22:59 | INFO | ✅ Дни отдыха рассчитаны
2026-05-07 13:22:59 | INFO | ✅ Загружено 4019 матчей
2026-05-07 13:22:59 | INFO | ✅ 🇵🇱 Польша: Экстракласа загружена (4019 матчей, 35 команд)
2026-05-07 13:22:59 | INFO | 📊 Загрузка 🇷🇴 Румыния: Лига I...
2026-05-07 13:22:59 | INFO | ✅ Модель загружена: C:\Users\taran\Training_Main_bot\data\romania\model.pkl
2026-05-07 13:22:59 | INFO |    ↳ Модель загружена из кэша
2026-05-07 13:22:59 | INFO | 📥 Загрузка данных из C:\Users\taran\Training_Main_bot\data\romania\matches.csv
2026-05-07 13:22:59 | INFO | ✅ Файл прочитан (кодировка: utf-8)
2026-05-07 13:23:02 | INFO | ✅ Дни отдыха рассчитаны
2026-05-07 13:23:02 | INFO | ✅ Загружено 4125 матчей
2026-05-07 13:23:02 | INFO | ✅ 🇷🇴 Румыния: Лига I загружена (4125 матчей, 42 команд)
2026-05-07 13:23:02 | INFO | 📊 Загрузка 🏴󠁧󠁢󠁳󠁣󠁴󠁿 Шотландия: Премьершип...
2026-05-07 13:23:02 | INFO | ✅ Модель загружена: C:\Users\taran\Training_Main_bot\data\scotland\model.pkl
2026-05-07 13:23:02 | INFO |    ↳ Модель загружена из кэша
2026-05-07 13:23:02 | INFO | 📥 Загрузка данных из C:\Users\taran\Training_Main_bot\data\scotland\matches.csv
2026-05-07 13:23:02 | INFO | ✅ Файл прочитан (кодировка: utf-8)
2026-05-07 13:23:03 | INFO | ✅ Дни отдыха рассчитаны
2026-05-07 13:23:03 | INFO | ✅ Загружено 1091 матчей
2026-05-07 13:23:03 | INFO | ✅ 🏴󠁧󠁢󠁳󠁣󠁴󠁿 Шотландия: Премьершип загружена (1091 матчей, 14 команд)
2026-05-07 13:23:03 | INFO | 📊 Загрузка 🇹🇷 Турция: Суперлига...
2026-05-07 13:23:03 | INFO | ✅ Модель загружена: C:\Users\taran\Training_Main_bot\data\turkey\model.pkl
2026-05-07 13:23:03 | INFO |    ↳ Модель загружена из кэша
2026-05-07 13:23:03 | INFO | 📥 Загрузка данных из C:\Users\taran\Training_Main_bot\data\turkey\matches.csv
2026-05-07 13:23:03 | INFO | ✅ Файл прочитан (кодировка: utf-8)
2026-05-07 13:23:05 | INFO | ✅ Дни отдыха рассчитаны
2026-05-07 13:23:05 | INFO | ✅ Загружено 1828 матчей
2026-05-07 13:23:05 | INFO | ✅ 🇹🇷 Турция: Суперлига загружена (1828 матчей, 28 команд)
2026-05-07 13:23:05 | INFO | 📊 Загрузка 🇺🇸 США: МЛС...
2026-05-07 13:23:05 | INFO | ✅ Модель загружена: C:\Users\taran\Training_Main_bot\data\usa\model.pkl
2026-05-07 13:23:05 | INFO |    ↳ Модель загружена из кэша
2026-05-07 13:23:05 | INFO | 📥 Загрузка данных из C:\Users\taran\Training_Main_bot\data\usa\matches.csv
2026-05-07 13:23:05 | INFO | ✅ Файл прочитан (кодировка: utf-8)
2026-05-07 13:23:09 | INFO | ✅ Дни отдыха рассчитаны
2026-05-07 13:23:09 | INFO | ✅ Загружено 5905 матчей
2026-05-07 13:23:09 | INFO | ✅ 🇺🇸 США: МЛС загружена (5905 матчей, 31 команд)
2026-05-07 13:23:09 | INFO | ✅ Загружено 24 моделей, 699 уникальных команд
2026-05-07 13:23:09 | INFO | ✅ Загружена история из 6 прогнозов
2026-05-07 13:23:09 | INFO | Adding job tentatively -- it will be properly scheduled when the scheduler starts
2026-05-07 13:23:09 | INFO | Added job "ModelScheduler.update_model_task" to job store "default"
2026-05-07 13:23:09 | INFO | Scheduler started
2026-05-07 13:23:09 | INFO | ⏰ Планировщик запущен
2026-05-07 13:23:09 | INFO | Start polling
2026-05-07 13:23:09 | INFO | Run polling for bot @FootPrognosticBot id=8224983369 - 'my_football_bot'
2026-05-07 13:23:34 | INFO | Update id=354056077 is handled. Duration 434 ms by bot id=8224983369
2026-05-07 13:23:56 | INFO | Update id=354056078 is handled. Duration 267 ms by bot id=8224983369
2026-05-07 13:24:39 | ERROR | Failed to fetch updates - TelegramNetworkError: HTTP Client says - ServerDisconnectedError: Server disconnected
2026-05-07 13:24:39 | WARNING | Sleep for 1.000000 seconds and try again... (tryings = 0, bot id = 8224983369)
2026-05-07 13:24:47 | INFO | Connection established (tryings = 1, bot id = 8224983369)
2026-05-07 13:24:48 | INFO | Update id=354056079 is handled. Duration 277 ms by bot id=8224983369
2026-05-07 13:24:58 | INFO | Update id=354056080 is handled. Duration 246 ms by bot id=8224983369
2026-05-07 13:25:06 | INFO | Update id=354056081 is handled. Duration 230 ms by bot id=8224983369
2026-05-07 13:25:13 | INFO | Update id=354056082 is handled. Duration 622 ms by bot id=8224983369
2026-05-07 13:25:41 | INFO | Update id=354056083 is handled. Duration 294 ms by bot id=8224983369
2026-05-07 13:29:05 | INFO | Update id=354056084 is handled. Duration 268 ms by bot id=8224983369
2026-05-07 13:29:15 | INFO | Update id=354056085 is handled. Duration 362 ms by bot id=8224983369
2026-05-07 13:29:17 | INFO | Update id=354056086 is handled. Duration 168 ms by bot id=8224983369
2026-05-07 13:29:18 | INFO | Update id=354056087 is handled. Duration 132 ms by bot id=8224983369
2026-05-07 13:29:43 | ERROR | Failed to fetch updates - TelegramNetworkError: HTTP Client says - ServerDisconnectedError: Server disconnected
2026-05-07 13:29:43 | WARNING | Sleep for 1.000000 seconds and try again... (tryings = 0, bot id = 8224983369)
2026-05-07 13:29:44 | INFO | Connection established (tryings = 1, bot id = 8224983369)
2026-05-07 13:29:44 | INFO | Update id=354056088 is not handled. Duration 290 ms by bot id=8224983369
2026-05-07 13:29:44 | ERROR | Cause exception while process update id=354056088 by bot id=8224983369
ValidationError: 1 validation error for EditMessageText
reply_markup
  Input should be a valid dictionary or instance of InlineKeyboardMarkup [type=model_type, input_value=ReplyKeyboardMarkup(keybo...er=None, selective=None), input_type=ReplyKeyboardMarkup]
    For further information visit https://errors.pydantic.dev/2.8/v/model_type
Traceback (most recent call last):
  File "C:\Users\taran\AppData\Local\Programs\Python\Python313\Lib\site-packages\aiogram\dispatcher\dispatcher.py", line 309, in _process_update
    response = await self.feed_update(bot, update, **kwargs)
               ^^^^^^^^^^^^^^^^^^^^^^^^^^^^^^^^^^^^^^^^^^^^^
  File "C:\Users\taran\AppData\Local\Programs\Python\Python313\Lib\site-packages\aiogram\dispatcher\dispatcher.py", line 158, in feed_update
    response = await self.update.wrap_outer_middleware(
               ^^^^^^^^^^^^^^^^^^^^^^^^^^^^^^^^^^^^^^^^
    ...<7 lines>...
    )
    ^
  File "C:\Users\taran\AppData\Local\Programs\Python\Python313\Lib\site-packages\aiogram\dispatcher\middlewares\error.py", line 25, in __call__
    return await handler(event, data)
           ^^^^^^^^^^^^^^^^^^^^^^^^^^
  File "C:\Users\taran\AppData\Local\Programs\Python\Python313\Lib\site-packages\aiogram\dispatcher\middlewares\user_context.py", line 49, in __call__
    return await handler(event, data)
           ^^^^^^^^^^^^^^^^^^^^^^^^^^
  File "C:\Users\taran\AppData\Local\Programs\Python\Python313\Lib\site-packages\aiogram\fsm\middleware.py", line 42, in __call__
    return await handler(event, data)
           ^^^^^^^^^^^^^^^^^^^^^^^^^^
  File "C:\Users\taran\AppData\Local\Programs\Python\Python313\Lib\site-packages\aiogram\dispatcher\event\telegram.py", line 121, in trigger
    return await wrapped_inner(event, kwargs)
           ^^^^^^^^^^^^^^^^^^^^^^^^^^^^^^^^^^
  File "C:\Users\taran\AppData\Local\Programs\Python\Python313\Lib\site-packages\aiogram\dispatcher\event\handler.py", line 43, in call
    return await wrapped()
           ^^^^^^^^^^^^^^^
  File "C:\Users\taran\AppData\Local\Programs\Python\Python313\Lib\site-packages\aiogram\dispatcher\dispatcher.py", line 276, in _listen_update
    return await self.propagate_event(update_type=update_type, event=event, **kwargs)
           ^^^^^^^^^^^^^^^^^^^^^^^^^^^^^^^^^^^^^^^^^^^^^^^^^^^^^^^^^^^^^^^^^^^^^^^^^^
  File "C:\Users\taran\AppData\Local\Programs\Python\Python313\Lib\site-packages\aiogram\dispatcher\router.py", line 142, in propagate_event
    return await observer.wrap_outer_middleware(_wrapped, event=event, data=kwargs)
           ^^^^^^^^^^^^^^^^^^^^^^^^^^^^^^^^^^^^^^^^^^^^^^^^^^^^^^^^^^^^^^^^^^^^^^^^
  File "C:\Users\taran\AppData\Local\Programs\Python\Python313\Lib\site-packages\aiogram\dispatcher\router.py", line 137, in _wrapped
    return await self._propagate_event(
           ^^^^^^^^^^^^^^^^^^^^^^^^^^^^
        observer=observer, update_type=update_type, event=telegram_event, **data
        ^^^^^^^^^^^^^^^^^^^^^^^^^^^^^^^^^^^^^^^^^^^^^^^^^^^^^^^^^^^^^^^^^^^^^^^^
    )
    ^
  File "C:\Users\taran\AppData\Local\Programs\Python\Python313\Lib\site-packages\aiogram\dispatcher\router.py", line 170, in _propagate_event
    response = await router.propagate_event(update_type=update_type, event=event, **kwargs)
               ^^^^^^^^^^^^^^^^^^^^^^^^^^^^^^^^^^^^^^^^^^^^^^^^^^^^^^^^^^^^^^^^^^^^^^^^^^^^
  File "C:\Users\taran\AppData\Local\Programs\Python\Python313\Lib\site-packages\aiogram\dispatcher\router.py", line 142, in propagate_event
    return await observer.wrap_outer_middleware(_wrapped, event=event, data=kwargs)
           ^^^^^^^^^^^^^^^^^^^^^^^^^^^^^^^^^^^^^^^^^^^^^^^^^^^^^^^^^^^^^^^^^^^^^^^^
  File "C:\Users\taran\AppData\Local\Programs\Python\Python313\Lib\site-packages\aiogram\dispatcher\router.py", line 137, in _wrapped
    return await self._propagate_event(
           ^^^^^^^^^^^^^^^^^^^^^^^^^^^^
        observer=observer, update_type=update_type, event=telegram_event, **data
        ^^^^^^^^^^^^^^^^^^^^^^^^^^^^^^^^^^^^^^^^^^^^^^^^^^^^^^^^^^^^^^^^^^^^^^^^
    )
    ^
  File "C:\Users\taran\AppData\Local\Programs\Python\Python313\Lib\site-packages\aiogram\dispatcher\router.py", line 162, in _propagate_event
    response = await observer.trigger(event, **kwargs)
               ^^^^^^^^^^^^^^^^^^^^^^^^^^^^^^^^^^^^^^^
  File "C:\Users\taran\AppData\Local\Programs\Python\Python313\Lib\site-packages\aiogram\dispatcher\event\telegram.py", line 121, in trigger
    return await wrapped_inner(event, kwargs)
           ^^^^^^^^^^^^^^^^^^^^^^^^^^^^^^^^^^
  File "C:\Users\taran\AppData\Local\Programs\Python\Python313\Lib\site-packages\aiogram\dispatcher\event\handler.py", line 43, in call
    return await wrapped()
           ^^^^^^^^^^^^^^^
  File "C:\Users\taran\Training_Main_bot\bot.py", line 859, in handle_cancel_selection
    await call.message.edit_text("❌ Выбор отменен", reply_markup=get_main_menu())
          ~~~~~~~~~~~~~~~~~~~~~~^^^^^^^^^^^^^^^^^^^^^^^^^^^^^^^^^^^^^^^^^^^^^^^^^^
  File "C:\Users\taran\AppData\Local\Programs\Python\Python313\Lib\site-packages\aiogram\types\message.py", line 3563, in edit_text
    return EditMessageText(
           ~~~~~~~~~~~~~~~^
        chat_id=self.chat.id,
        ^^^^^^^^^^^^^^^^^^^^^
    ...<9 lines>...
        **kwargs,
        ^^^^^^^^^
    ).as_(self._bot)
    ^
  File "C:\Users\taran\AppData\Local\Programs\Python\Python313\Lib\site-packages\pydantic\main.py", line 193, in __init__
    self.__pydantic_validator__.validate_python(data, self_instance=self)
    ~~~~~~~~~~~~~~~~~~~~~~~~~~~~~~~~~~~~~~~~~~~^^^^^^^^^^^^^^^^^^^^^^^^^^
pydantic_core._pydantic_core.ValidationError: 1 validation error for EditMessageText
reply_markup
  Input should be a valid dictionary or instance of InlineKeyboardMarkup [type=model_type, input_value=ReplyKeyboardMarkup(keybo...er=None, selective=None), input_type=ReplyKeyboardMarkup]
    For further information visit https://errors.pydantic.dev/2.8/v/model_type
2026-05-07 13:29:58 | INFO | Update id=354056089 is handled. Duration 218 ms by bot id=8224983369
2026-05-07 13:37:08 | ERROR | Failed to fetch updates - TelegramNetworkError: HTTP Client says - ServerDisconnectedError: Server disconnected
2026-05-07 13:37:08 | WARNING | Sleep for 1.000000 seconds and try again... (tryings = 0, bot id = 8224983369)
2026-05-07 13:37:19 | INFO | Connection established (tryings = 1, bot id = 8224983369)
2026-05-07 13:42:26 | ERROR | Failed to fetch updates - TelegramNetworkError: HTTP Client says - ServerDisconnectedError: Server disconnected
2026-05-07 13:42:26 | WARNING | Sleep for 1.000000 seconds and try again... (tryings = 0, bot id = 8224983369)
2026-05-07 13:42:37 | INFO | Connection established (tryings = 1, bot id = 8224983369)
2026-05-07 13:43:18 | ERROR | Failed to fetch updates - TelegramNetworkError: HTTP Client says - ClientOSError: [WinError 1236] Подключение к сети было разорвано локальной системой
2026-05-07 13:43:18 | WARNING | Sleep for 1.000000 seconds and try again... (tryings = 0, bot id = 8224983369)
2026-05-07 13:43:40 | ERROR | Failed to fetch updates - TelegramNetworkError: HTTP Client says - ClientConnectorError: Cannot connect to host api.telegram.org:443 ssl:default [Превышен таймаут семафора]
2026-05-07 13:43:40 | WARNING | Sleep for 1.180725 seconds and try again... (tryings = 1, bot id = 8224983369)
2026-05-07 13:44:02 | ERROR | Failed to fetch updates - TelegramNetworkError: HTTP Client says - ClientConnectorError: Cannot connect to host api.telegram.org:443 ssl:default [Превышен таймаут семафора]
2026-05-07 13:44:02 | WARNING | Sleep for 1.314935 seconds and try again... (tryings = 2, bot id = 8224983369)
2026-05-07 13:44:25 | ERROR | Failed to fetch updates - TelegramNetworkError: HTTP Client says - ClientConnectorError: Cannot connect to host api.telegram.org:443 ssl:default [Превышен таймаут семафора]
2026-05-07 13:44:25 | WARNING | Sleep for 1.600661 seconds and try again... (tryings = 3, bot id = 8224983369)
2026-05-07 13:44:47 | ERROR | Failed to fetch updates - TelegramNetworkError: HTTP Client says - ClientConnectorError: Cannot connect to host api.telegram.org:443 ssl:default [Превышен таймаут семафора]
2026-05-07 13:44:47 | WARNING | Sleep for 2.225442 seconds and try again... (tryings = 4, bot id = 8224983369)
2026-05-07 13:45:10 | ERROR | Failed to fetch updates - TelegramNetworkError: HTTP Client says - ClientConnectorError: Cannot connect to host api.telegram.org:443 ssl:default [Превышен таймаут семафора]
2026-05-07 13:45:10 | WARNING | Sleep for 2.784093 seconds and try again... (tryings = 5, bot id = 8224983369)
2026-05-07 13:45:34 | ERROR | Failed to fetch updates - TelegramNetworkError: HTTP Client says - ClientConnectorError: Cannot connect to host api.telegram.org:443 ssl:default [Превышен таймаут семафора]
2026-05-07 13:45:34 | WARNING | Sleep for 3.563528 seconds and try again... (tryings = 6, bot id = 8224983369)
2026-05-07 13:45:59 | ERROR | Failed to fetch updates - TelegramNetworkError: HTTP Client says - ClientConnectorError: Cannot connect to host api.telegram.org:443 ssl:default [Превышен таймаут семафора]
2026-05-07 13:45:59 | WARNING | Sleep for 4.872251 seconds and try again... (tryings = 7, bot id = 8224983369)
2026-05-07 13:46:25 | ERROR | Failed to fetch updates - TelegramNetworkError: HTTP Client says - ClientConnectorError: Cannot connect to host api.telegram.org:443 ssl:default [Превышен таймаут семафора]
2026-05-07 13:46:25 | WARNING | Sleep for 4.857308 seconds and try again... (tryings = 8, bot id = 8224983369)
2026-05-07 13:46:51 | ERROR | Failed to fetch updates - TelegramNetworkError: HTTP Client says - ClientConnectorError: Cannot connect to host api.telegram.org:443 ssl:default [Превышен таймаут семафора]
2026-05-07 13:46:51 | WARNING | Sleep for 4.917533 seconds and try again... (tryings = 9, bot id = 8224983369)
2026-05-07 13:47:17 | ERROR | Failed to fetch updates - TelegramNetworkError: HTTP Client says - ClientConnectorError: Cannot connect to host api.telegram.org:443 ssl:default [Превышен таймаут семафора]
2026-05-07 13:47:17 | WARNING | Sleep for 5.008269 seconds and try again... (tryings = 10, bot id = 8224983369)
2026-05-07 13:47:43 | ERROR | Failed to fetch updates - TelegramNetworkError: HTTP Client says - ClientConnectorError: Cannot connect to host api.telegram.org:443 ssl:default [Превышен таймаут семафора]
2026-05-07 13:47:43 | WARNING | Sleep for 5.134986 seconds and try again... (tryings = 11, bot id = 8224983369)
2026-05-07 13:48:09 | ERROR | Failed to fetch updates - TelegramNetworkError: HTTP Client says - ClientConnectorError: Cannot connect to host api.telegram.org:443 ssl:default [Превышен таймаут семафора]
2026-05-07 13:48:09 | WARNING | Sleep for 5.037501 seconds and try again... (tryings = 12, bot id = 8224983369)
2026-05-07 13:48:35 | ERROR | Failed to fetch updates - TelegramNetworkError: HTTP Client says - ClientConnectorError: Cannot connect to host api.telegram.org:443 ssl:default [Превышен таймаут семафора]
2026-05-07 13:48:35 | WARNING | Sleep for 5.041981 seconds and try again... (tryings = 13, bot id = 8224983369)
2026-05-07 13:49:01 | ERROR | Failed to fetch updates - TelegramNetworkError: HTTP Client says - ClientConnectorError: Cannot connect to host api.telegram.org:443 ssl:default [Превышен таймаут семафора]
2026-05-07 13:49:01 | WARNING | Sleep for 5.061999 seconds and try again... (tryings = 14, bot id = 8224983369)
2026-05-07 13:49:27 | ERROR | Failed to fetch updates - TelegramNetworkError: HTTP Client says - ClientConnectorError: Cannot connect to host api.telegram.org:443 ssl:default [Превышен таймаут семафора]
2026-05-07 13:49:27 | WARNING | Sleep for 4.961264 seconds and try again... (tryings = 15, bot id = 8224983369)
2026-05-07 13:49:53 | ERROR | Failed to fetch updates - TelegramNetworkError: HTTP Client says - ClientConnectorError: Cannot connect to host api.telegram.org:443 ssl:default [Превышен таймаут семафора]
2026-05-07 13:49:53 | WARNING | Sleep for 4.947814 seconds and try again... (tryings = 16, bot id = 8224983369)
2026-05-07 13:50:19 | ERROR | Failed to fetch updates - TelegramNetworkError: HTTP Client says - ClientConnectorError: Cannot connect to host api.telegram.org:443 ssl:default [Превышен таймаут семафора]
2026-05-07 13:50:19 | WARNING | Sleep for 4.846329 seconds and try again... (tryings = 17, bot id = 8224983369)
2026-05-07 13:50:45 | ERROR | Failed to fetch updates - TelegramNetworkError: HTTP Client says - ClientConnectorError: Cannot connect to host api.telegram.org:443 ssl:default [Превышен таймаут семафора]
2026-05-07 13:50:45 | WARNING | Sleep for 5.059210 seconds and try again... (tryings = 18, bot id = 8224983369)
2026-05-07 13:51:11 | ERROR | Failed to fetch updates - TelegramNetworkError: HTTP Client says - ClientConnectorError: Cannot connect to host api.telegram.org:443 ssl:default [Превышен таймаут семафора]
2026-05-07 13:51:11 | WARNING | Sleep for 5.078294 seconds and try again... (tryings = 19, bot id = 8224983369)
2026-05-07 13:51:37 | INFO | Polling stopped
2026-05-07 13:51:37 | INFO | ⏹️ Планировщик остановлен
2026-05-07 13:51:37 | INFO | Scheduler has been shut down
2026-05-07 13:51:37 | INFO | Polling stopped for bot @FootPrognosticBot id=8224983369 - 'my_football_bot'
2026-05-07 13:51:55 | INFO | ✅ База данных инициализирована
2026-05-07 13:51:55 | INFO | 🔄 Загрузка моделей и команд...
2026-05-07 13:51:55 | INFO | 📊 Загрузка 🇷🇺 РПЛ...
2026-05-07 13:51:55 | INFO | ✅ Модель загружена: C:\Users\taran\Training_Main_bot\data\rpl\model.pkl
2026-05-07 13:51:55 | INFO |    ↳ Модель загружена из кэша
2026-05-07 13:51:55 | INFO | 📥 Загрузка данных из C:\Users\taran\Training_Main_bot\data\rpl\matches.csv
2026-05-07 13:51:55 | INFO | ✅ Файл прочитан (кодировка: utf-8)
2026-05-07 13:51:59 | INFO | ✅ Дни отдыха рассчитаны
2026-05-07 13:51:59 | INFO | ✅ Загружено 3344 матчей
2026-05-07 13:51:59 | INFO | ✅ 🇷🇺 РПЛ загружена (3344 матчей, 38 команд)
2026-05-07 13:51:59 | INFO | 📊 Загрузка 🇬🇧 Англия: Премьер-лига...
2026-05-07 13:51:59 | INFO | ✅ Модель загружена: C:\Users\taran\Training_Main_bot\data\epl\model.pkl
2026-05-07 13:51:59 | INFO |    ↳ Модель загружена из кэша
2026-05-07 13:51:59 | INFO | 📥 Загрузка данных из C:\Users\taran\Training_Main_bot\data\epl\matches.csv
2026-05-07 13:51:59 | INFO | ✅ Файл прочитан (кодировка: utf-8)
2026-05-07 13:52:00 | INFO | ✅ Дни отдыха рассчитаны
2026-05-07 13:52:00 | INFO | ✅ Загружено 1520 матчей
2026-05-07 13:52:00 | INFO | ✅ 🇬🇧 Англия: Премьер-лига загружена (1520 матчей, 26 команд)
2026-05-07 13:52:00 | INFO | 📊 Загрузка 🇩🇪 Бундеслига...
2026-05-07 13:52:00 | INFO | ✅ Модель загружена: C:\Users\taran\Training_Main_bot\data\bundesliga\model.pkl
2026-05-07 13:52:00 | INFO |    ↳ Модель загружена из кэша
2026-05-07 13:52:00 | INFO | 📥 Загрузка данных из C:\Users\taran\Training_Main_bot\data\bundesliga\matches.csv
2026-05-07 13:52:00 | INFO | ✅ Файл прочитан (кодировка: utf-8)
2026-05-07 13:52:01 | INFO | ✅ Дни отдыха рассчитаны
2026-05-07 13:52:01 | INFO | ✅ Загружено 1224 матчей
2026-05-07 13:52:01 | INFO | ✅ 🇩🇪 Бундеслига загружена (1224 матчей, 22 команд)
2026-05-07 13:52:01 | INFO | 📊 Загрузка 🇮🇹 Серия A...
2026-05-07 13:52:01 | INFO | ✅ Модель загружена: C:\Users\taran\Training_Main_bot\data\seriaA\model.pkl
2026-05-07 13:52:01 | INFO |    ↳ Модель загружена из кэша
2026-05-07 13:52:01 | INFO | 📥 Загрузка данных из C:\Users\taran\Training_Main_bot\data\seriaA\matches.csv
2026-05-07 13:52:01 | INFO | ✅ Файл прочитан (кодировка: utf-8)
2026-05-07 13:52:02 | INFO | ✅ Дни отдыха рассчитаны
2026-05-07 13:52:02 | INFO | ✅ Загружено 1520 матчей
2026-05-07 13:52:02 | INFO | ✅ 🇮🇹 Серия A загружена (1520 матчей, 27 команд)
2026-05-07 13:52:02 | INFO | 📊 Загрузка 🇪🇸 Ла Лига...
2026-05-07 13:52:02 | INFO | ✅ Модель загружена: C:\Users\taran\Training_Main_bot\data\laLiga\model.pkl
2026-05-07 13:52:02 | INFO |    ↳ Модель загружена из кэша
2026-05-07 13:52:02 | INFO | 📥 Загрузка данных из C:\Users\taran\Training_Main_bot\data\laLiga\matches.csv
2026-05-07 13:52:02 | INFO | ✅ Файл прочитан (кодировка: utf-8)
2026-05-07 13:52:03 | INFO | ✅ Дни отдыха рассчитаны
2026-05-07 13:52:03 | INFO | ✅ Загружено 1520 матчей
2026-05-07 13:52:03 | INFO | ✅ 🇪🇸 Ла Лига загружена (1520 матчей, 26 команд)
2026-05-07 13:52:03 | INFO | 📊 Загрузка 🇫🇷 Лига 1...
2026-05-07 13:52:03 | INFO | ✅ Модель загружена: C:\Users\taran\Training_Main_bot\data\ligue1\model.pkl
2026-05-07 13:52:03 | INFO |    ↳ Модель загружена из кэша
2026-05-07 13:52:03 | INFO | 📥 Загрузка данных из C:\Users\taran\Training_Main_bot\data\ligue1\matches.csv
2026-05-07 13:52:03 | INFO | ✅ Файл прочитан (кодировка: utf-8)
2026-05-07 13:52:04 | INFO | ✅ Дни отдыха рассчитаны
2026-05-07 13:52:04 | INFO | ✅ Загружено 1446 матчей
2026-05-07 13:52:04 | INFO | ✅ 🇫🇷 Лига 1 загружена (1446 матчей, 26 команд)
2026-05-07 13:52:04 | INFO | 📊 Загрузка Лига чемпионов 🏆...
2026-05-07 13:52:05 | INFO | ✅ Модель загружена: C:\Users\taran\Training_Main_bot\data\champions_league\model.pkl
2026-05-07 13:52:05 | INFO |    ↳ Модель загружена из кэша
2026-05-07 13:52:05 | INFO | 📥 Загрузка данных из C:\Users\taran\Training_Main_bot\data\champions_league\matches.csv
2026-05-07 13:52:05 | INFO | ✅ Файл прочитан (кодировка: utf-8)
2026-05-07 13:52:05 | INFO | ✅ Дни отдыха рассчитаны
2026-05-07 13:52:05 | INFO | ✅ Загружено 135 матчей
2026-05-07 13:52:05 | INFO | ✅ Лига чемпионов 🏆 загружена (135 матчей, 36 команд)
2026-05-07 13:52:05 | INFO | 📊 Загрузка 🇳🇱 Эредивизи...
2026-05-07 13:52:05 | INFO | ✅ Модель загружена: C:\Users\taran\Training_Main_bot\data\eredivisise\model.pkl
2026-05-07 13:52:05 | INFO |    ↳ Модель загружена из кэша
2026-05-07 13:52:05 | INFO | 📥 Загрузка данных из C:\Users\taran\Training_Main_bot\data\eredivisise\matches.csv
2026-05-07 13:52:05 | INFO | ✅ Файл прочитан (кодировка: utf-8)
2026-05-07 13:52:06 | INFO | ✅ Дни отдыха рассчитаны
2026-05-07 13:52:06 | INFO | ✅ Загружено 1224 матчей
2026-05-07 13:52:06 | INFO | ✅ 🇳🇱 Эредивизи загружена (1224 матчей, 24 команд)
2026-05-07 13:52:06 | INFO | 📊 Загрузка 🇵🇹 Португальская Лига...
2026-05-07 13:52:06 | INFO | ✅ Модель загружена: C:\Users\taran\Training_Main_bot\data\portugueseLiga\model.pkl
2026-05-07 13:52:06 | INFO |    ↳ Модель загружена из кэша
2026-05-07 13:52:06 | INFO | 📥 Загрузка данных из C:\Users\taran\Training_Main_bot\data\portugueseLiga\matches.csv
2026-05-07 13:52:06 | INFO | ✅ Файл прочитан (кодировка: utf-8)
2026-05-07 13:52:07 | INFO | ✅ Дни отдыха рассчитаны
2026-05-07 13:52:07 | INFO | ✅ Загружено 1224 матчей
2026-05-07 13:52:07 | INFO | ✅ 🇵🇹 Португальская Лига загружена (1224 матчей, 24 команд)
2026-05-07 13:52:07 | INFO | 📊 Загрузка 🇦🇷 Аргентина: Примера Дивисьон...
2026-05-07 13:52:07 | INFO | ✅ Модель загружена: C:\Users\taran\Training_Main_bot\data\argentina\model.pkl
2026-05-07 13:52:07 | INFO |    ↳ Модель загружена из кэша
2026-05-07 13:52:07 | INFO | 📥 Загрузка данных из C:\Users\taran\Training_Main_bot\data\argentina\matches.csv
2026-05-07 13:52:07 | INFO | ✅ Файл прочитан (кодировка: utf-8)
2026-05-07 13:52:11 | INFO | ✅ Дни отдыха рассчитаны
2026-05-07 13:52:11 | INFO | ✅ Загружено 6160 матчей
2026-05-07 13:52:11 | INFO | ✅ 🇦🇷 Аргентина: Примера Дивисьон загружена (6160 матчей, 45 команд)
2026-05-07 13:52:11 | INFO | 📊 Загрузка 🇦🇹 Австрия: Бундеслига...
2026-05-07 13:52:11 | INFO | ✅ Модель загружена: C:\Users\taran\Training_Main_bot\data\austria\model.pkl
2026-05-07 13:52:11 | INFO |    ↳ Модель загружена из кэша
2026-05-07 13:52:11 | INFO | 📥 Загрузка данных из C:\Users\taran\Training_Main_bot\data\austria\matches.csv
2026-05-07 13:52:11 | INFO | ✅ Файл прочитан (кодировка: utf-8)
2026-05-07 13:52:13 | INFO | ✅ Дни отдыха рассчитаны
2026-05-07 13:52:13 | INFO | ✅ Загружено 2596 матчей
2026-05-07 13:52:13 | INFO | ✅ 🇦🇹 Австрия: Бундеслига загружена (2596 матчей, 20 команд)
2026-05-07 13:52:13 | INFO | 📊 Загрузка 🇧🇷 Бразилия: Серия А...
2026-05-07 13:52:13 | INFO | ✅ Модель загружена: C:\Users\taran\Training_Main_bot\data\brazil\model.pkl
2026-05-07 13:52:13 | INFO |    ↳ Модель загружена из кэша
2026-05-07 13:52:13 | INFO | 📥 Загрузка данных из C:\Users\taran\Training_Main_bot\data\brazil\matches.csv
2026-05-07 13:52:13 | INFO | ✅ Файл прочитан (кодировка: utf-8)
2026-05-07 13:52:16 | INFO | ✅ Дни отдыха рассчитаны
2026-05-07 13:52:16 | INFO | ✅ Загружено 5417 матчей
2026-05-07 13:52:16 | INFO | ✅ 🇧🇷 Бразилия: Серия А загружена (5417 матчей, 38 команд)
2026-05-07 13:52:16 | INFO | 📊 Загрузка 🇨🇳 Китай: Суперлига...
2026-05-07 13:52:17 | INFO | ✅ Модель загружена: C:\Users\taran\Training_Main_bot\data\china\model.pkl
2026-05-07 13:52:17 | INFO |    ↳ Модель загружена из кэша
2026-05-07 13:52:17 | INFO | 📥 Загрузка данных из C:\Users\taran\Training_Main_bot\data\china\matches.csv
2026-05-07 13:52:17 | INFO | ✅ Файл прочитан (кодировка: utf-8)
2026-05-07 13:52:19 | INFO | ✅ Дни отдыха рассчитаны
2026-05-07 13:52:19 | INFO | ✅ Загружено 2840 матчей
2026-05-07 13:52:19 | INFO | ✅ 🇨🇳 Китай: Суперлига загружена (2840 матчей, 45 команд)
2026-05-07 13:52:19 | INFO | 📊 Загрузка 🇩🇰 Дания: Суперлига...
2026-05-07 13:52:19 | INFO | ✅ Модель загружена: C:\Users\taran\Training_Main_bot\data\dania\model.pkl
2026-05-07 13:52:19 | INFO |    ↳ Модель загружена из кэша
2026-05-07 13:52:19 | INFO | 📥 Загрузка данных из C:\Users\taran\Training_Main_bot\data\dania\matches.csv
2026-05-07 13:52:19 | INFO | ✅ Файл прочитан (кодировка: utf-8)
2026-05-07 13:52:21 | INFO | ✅ Дни отдыха рассчитаны
2026-05-07 13:52:21 | INFO | ✅ Загружено 2910 матчей
2026-05-07 13:52:21 | INFO | ✅ 🇩🇰 Дания: Суперлига загружена (2910 матчей, 21 команд)
2026-05-07 13:52:21 | INFO | 📊 Загрузка 🇫🇮 Финляндия: Вейккауслига...
2026-05-07 13:52:21 | INFO | ✅ Модель загружена: C:\Users\taran\Training_Main_bot\data\finland\model.pkl
2026-05-07 13:52:21 | INFO |    ↳ Модель загружена из кэша
2026-05-07 13:52:21 | INFO | 📥 Загрузка данных из C:\Users\taran\Training_Main_bot\data\finland\matches.csv
2026-05-07 13:52:21 | INFO | ✅ Файл прочитан (кодировка: utf-8)
2026-05-07 13:52:22 | INFO | ✅ Дни отдыха рассчитаны
2026-05-07 13:52:22 | INFO | ✅ Загружено 2550 матчей
2026-05-07 13:52:22 | INFO | ✅ 🇫🇮 Финляндия: Вейккауслига загружена (2550 матчей, 23 команд)
2026-05-07 13:52:22 | INFO | 📊 Загрузка 🇬🇷 Греция: Суперлига...
2026-05-07 13:52:23 | INFO | ✅ Модель загружена: C:\Users\taran\Training_Main_bot\data\greece\model.pkl
2026-05-07 13:52:23 | INFO |    ↳ Модель загружена из кэша
2026-05-07 13:52:23 | INFO | 📥 Загрузка данных из C:\Users\taran\Training_Main_bot\data\greece\matches.csv
2026-05-07 13:52:23 | INFO | ✅ Файл прочитан (кодировка: utf-8)
2026-05-07 13:52:23 | INFO | ✅ Дни отдыха рассчитаны
2026-05-07 13:52:23 | INFO | ✅ Загружено 1200 матчей
2026-05-07 13:52:23 | INFO | ✅ 🇬🇷 Греция: Суперлига загружена (1200 матчей, 20 команд)
2026-05-07 13:52:23 | INFO | 📊 Загрузка 🇯🇵 Япония: Джей-лига...
2026-05-07 13:52:24 | INFO | ✅ Модель загружена: C:\Users\taran\Training_Main_bot\data\japan\model.pkl
2026-05-07 13:52:24 | INFO |    ↳ Модель загружена из кэша
2026-05-07 13:52:24 | INFO | 📥 Загрузка данных из C:\Users\taran\Training_Main_bot\data\japan\matches.csv
2026-05-07 13:52:24 | INFO | ✅ Файл прочитан (кодировка: utf-8)
2026-05-07 13:52:27 | INFO | ✅ Дни отдыха рассчитаны
2026-05-07 13:52:27 | INFO | ✅ Загружено 4523 матчей
2026-05-07 13:52:27 | INFO | ✅ 🇯🇵 Япония: Джей-лига загружена (4523 матчей, 32 команд)
2026-05-07 13:52:27 | INFO | 📊 Загрузка 🇲🇽 Мексика: Лига МХ...
2026-05-07 13:52:27 | INFO | ✅ Модель загружена: C:\Users\taran\Training_Main_bot\data\mexico\model.pkl
2026-05-07 13:52:27 | INFO |    ↳ Модель загружена из кэша
2026-05-07 13:52:27 | INFO | 📥 Загрузка данных из C:\Users\taran\Training_Main_bot\data\mexico\matches.csv
2026-05-07 13:52:27 | INFO | ✅ Файл прочитан (кодировка: utf-8)
2026-05-07 13:52:30 | INFO | ✅ Дни отдыха рассчитаны
2026-05-07 13:52:30 | INFO | ✅ Загружено 4605 матчей
2026-05-07 13:52:30 | INFO | ✅ 🇲🇽 Мексика: Лига МХ загружена (4605 матчей, 25 команд)
2026-05-07 13:52:30 | INFO | 📊 Загрузка 🇳🇴 Норвегия: Элитсерия...
2026-05-07 13:52:30 | INFO | ✅ Модель загружена: C:\Users\taran\Training_Main_bot\data\norway\model.pkl
2026-05-07 13:52:30 | INFO |    ↳ Модель загружена из кэша
2026-05-07 13:52:30 | INFO | 📥 Загрузка данных из C:\Users\taran\Training_Main_bot\data\norway\matches.csv
2026-05-07 13:52:30 | INFO | ✅ Файл прочитан (кодировка: utf-8)
2026-05-07 13:52:32 | INFO | ✅ Дни отдыха рассчитаны
2026-05-07 13:52:32 | INFO | ✅ Загружено 3403 матчей
2026-05-07 13:52:32 | INFO | ✅ 🇳🇴 Норвегия: Элитсерия загружена (3403 матчей, 31 команд)
2026-05-07 13:52:32 | INFO | 📊 Загрузка 🇵🇱 Польша: Экстракласа...
2026-05-07 13:52:32 | INFO | ✅ Модель загружена: C:\Users\taran\Training_Main_bot\data\poland\model.pkl
2026-05-07 13:52:32 | INFO |    ↳ Модель загружена из кэша
2026-05-07 13:52:32 | INFO | 📥 Загрузка данных из C:\Users\taran\Training_Main_bot\data\poland\matches.csv
2026-05-07 13:52:32 | INFO | ✅ Файл прочитан (кодировка: utf-8)
2026-05-07 13:52:35 | INFO | ✅ Дни отдыха рассчитаны
2026-05-07 13:52:35 | INFO | ✅ Загружено 4019 матчей
2026-05-07 13:52:35 | INFO | ✅ 🇵🇱 Польша: Экстракласа загружена (4019 матчей, 35 команд)
2026-05-07 13:52:35 | INFO | 📊 Загрузка 🇷🇴 Румыния: Лига I...
2026-05-07 13:52:35 | INFO | ✅ Модель загружена: C:\Users\taran\Training_Main_bot\data\romania\model.pkl
2026-05-07 13:52:35 | INFO |    ↳ Модель загружена из кэша
2026-05-07 13:52:35 | INFO | 📥 Загрузка данных из C:\Users\taran\Training_Main_bot\data\romania\matches.csv
2026-05-07 13:52:35 | INFO | ✅ Файл прочитан (кодировка: utf-8)
2026-05-07 13:52:38 | INFO | ✅ Дни отдыха рассчитаны
2026-05-07 13:52:38 | INFO | ✅ Загружено 4125 матчей
2026-05-07 13:52:38 | INFO | ✅ 🇷🇴 Румыния: Лига I загружена (4125 матчей, 42 команд)
2026-05-07 13:52:38 | INFO | 📊 Загрузка 🏴󠁧󠁢󠁳󠁣󠁴󠁿 Шотландия: Премьершип...
2026-05-07 13:52:38 | INFO | ✅ Модель загружена: C:\Users\taran\Training_Main_bot\data\scotland\model.pkl
2026-05-07 13:52:38 | INFO |    ↳ Модель загружена из кэша
2026-05-07 13:52:38 | INFO | 📥 Загрузка данных из C:\Users\taran\Training_Main_bot\data\scotland\matches.csv
2026-05-07 13:52:38 | INFO | ✅ Файл прочитан (кодировка: utf-8)
2026-05-07 13:52:39 | INFO | ✅ Дни отдыха рассчитаны
2026-05-07 13:52:39 | INFO | ✅ Загружено 1091 матчей
2026-05-07 13:52:39 | INFO | ✅ 🏴󠁧󠁢󠁳󠁣󠁴󠁿 Шотландия: Премьершип загружена (1091 матчей, 14 команд)
2026-05-07 13:52:39 | INFO | 📊 Загрузка 🇹🇷 Турция: Суперлига...
2026-05-07 13:52:39 | INFO | ✅ Модель загружена: C:\Users\taran\Training_Main_bot\data\turkey\model.pkl
2026-05-07 13:52:39 | INFO |    ↳ Модель загружена из кэша
2026-05-07 13:52:39 | INFO | 📥 Загрузка данных из C:\Users\taran\Training_Main_bot\data\turkey\matches.csv
2026-05-07 13:52:39 | INFO | ✅ Файл прочитан (кодировка: utf-8)
2026-05-07 13:52:40 | INFO | ✅ Дни отдыха рассчитаны
2026-05-07 13:52:40 | INFO | ✅ Загружено 1828 матчей
2026-05-07 13:52:40 | INFO | ✅ 🇹🇷 Турция: Суперлига загружена (1828 матчей, 28 команд)
2026-05-07 13:52:40 | INFO | 📊 Загрузка 🇺🇸 США: МЛС...
2026-05-07 13:52:40 | INFO | ✅ Модель загружена: C:\Users\taran\Training_Main_bot\data\usa\model.pkl
2026-05-07 13:52:40 | INFO |    ↳ Модель загружена из кэша
2026-05-07 13:52:40 | INFO | 📥 Загрузка данных из C:\Users\taran\Training_Main_bot\data\usa\matches.csv
2026-05-07 13:52:41 | INFO | ✅ Файл прочитан (кодировка: utf-8)
2026-05-07 13:52:44 | INFO | ✅ Дни отдыха рассчитаны
2026-05-07 13:52:44 | INFO | ✅ Загружено 5905 матчей
2026-05-07 13:52:44 | INFO | ✅ 🇺🇸 США: МЛС загружена (5905 матчей, 31 команд)
2026-05-07 13:52:44 | INFO | ✅ Загружено 24 моделей, 699 уникальных команд
2026-05-07 13:52:44 | INFO | ✅ Загружена история из 7 прогнозов
2026-05-07 13:52:44 | INFO | Adding job tentatively -- it will be properly scheduled when the scheduler starts
2026-05-07 13:52:44 | INFO | Added job "ModelScheduler.update_model_task" to job store "default"
2026-05-07 13:52:44 | INFO | Scheduler started
2026-05-07 13:52:44 | INFO | ⏰ Планировщик запущен
2026-05-07 13:52:44 | INFO | Start polling
2026-05-07 13:52:46 | INFO | Polling stopped
2026-05-07 13:52:47 | INFO | ⏹️ Планировщик остановлен
2026-05-07 13:52:47 | INFO | Scheduler has been shut down
2026-05-07 13:53:24 | INFO | ✅ База данных инициализирована
2026-05-07 13:53:24 | INFO | 🔄 Загрузка моделей и команд...
2026-05-07 13:53:24 | INFO | 📊 Загрузка 🇷🇺 РПЛ...
2026-05-07 13:53:24 | INFO | ✅ Модель загружена: C:\Users\taran\Training_Main_bot\data\rpl\model.pkl
2026-05-07 13:53:24 | INFO |    ↳ Модель загружена из кэша
2026-05-07 13:53:24 | INFO | 📥 Загрузка данных из C:\Users\taran\Training_Main_bot\data\rpl\matches.csv
2026-05-07 13:53:24 | INFO | ✅ Файл прочитан (кодировка: utf-8)
2026-05-07 13:53:27 | INFO | ✅ Дни отдыха рассчитаны
2026-05-07 13:53:27 | INFO | ✅ Загружено 3344 матчей
2026-05-07 13:53:27 | INFO | ✅ 🇷🇺 РПЛ загружена (3344 матчей, 38 команд)
2026-05-07 13:53:27 | INFO | 📊 Загрузка 🇬🇧 Англия: Премьер-лига...
2026-05-07 13:53:27 | INFO | ✅ Модель загружена: C:\Users\taran\Training_Main_bot\data\epl\model.pkl
2026-05-07 13:53:27 | INFO |    ↳ Модель загружена из кэша
2026-05-07 13:53:27 | INFO | 📥 Загрузка данных из C:\Users\taran\Training_Main_bot\data\epl\matches.csv
2026-05-07 13:53:28 | INFO | ✅ Файл прочитан (кодировка: utf-8)
2026-05-07 13:53:29 | INFO | ✅ Дни отдыха рассчитаны
2026-05-07 13:53:29 | INFO | ✅ Загружено 1520 матчей
2026-05-07 13:53:29 | INFO | ✅ 🇬🇧 Англия: Премьер-лига загружена (1520 матчей, 26 команд)
2026-05-07 13:53:29 | INFO | 📊 Загрузка 🇩🇪 Бундеслига...
2026-05-07 13:53:29 | INFO | ✅ Модель загружена: C:\Users\taran\Training_Main_bot\data\bundesliga\model.pkl
2026-05-07 13:53:29 | INFO |    ↳ Модель загружена из кэша
2026-05-07 13:53:29 | INFO | 📥 Загрузка данных из C:\Users\taran\Training_Main_bot\data\bundesliga\matches.csv
2026-05-07 13:53:29 | INFO | ✅ Файл прочитан (кодировка: utf-8)
2026-05-07 13:53:30 | INFO | ✅ Дни отдыха рассчитаны
2026-05-07 13:53:30 | INFO | ✅ Загружено 1224 матчей
2026-05-07 13:53:30 | INFO | ✅ 🇩🇪 Бундеслига загружена (1224 матчей, 22 команд)
2026-05-07 13:53:30 | INFO | 📊 Загрузка 🇮🇹 Серия A...
2026-05-07 13:53:30 | INFO | ✅ Модель загружена: C:\Users\taran\Training_Main_bot\data\seriaA\model.pkl
2026-05-07 13:53:30 | INFO |    ↳ Модель загружена из кэша
2026-05-07 13:53:30 | INFO | 📥 Загрузка данных из C:\Users\taran\Training_Main_bot\data\seriaA\matches.csv
2026-05-07 13:53:30 | INFO | ✅ Файл прочитан (кодировка: utf-8)
2026-05-07 13:53:31 | INFO | ✅ Дни отдыха рассчитаны
2026-05-07 13:53:31 | INFO | ✅ Загружено 1520 матчей
2026-05-07 13:53:31 | INFO | ✅ 🇮🇹 Серия A загружена (1520 матчей, 27 команд)
2026-05-07 13:53:31 | INFO | 📊 Загрузка 🇪🇸 Ла Лига...
2026-05-07 13:53:31 | INFO | ✅ Модель загружена: C:\Users\taran\Training_Main_bot\data\laLiga\model.pkl
2026-05-07 13:53:31 | INFO |    ↳ Модель загружена из кэша
2026-05-07 13:53:31 | INFO | 📥 Загрузка данных из C:\Users\taran\Training_Main_bot\data\laLiga\matches.csv
2026-05-07 13:53:31 | INFO | ✅ Файл прочитан (кодировка: utf-8)
2026-05-07 13:53:32 | INFO | ✅ Дни отдыха рассчитаны
2026-05-07 13:53:32 | INFO | ✅ Загружено 1520 матчей
2026-05-07 13:53:32 | INFO | ✅ 🇪🇸 Ла Лига загружена (1520 матчей, 26 команд)
2026-05-07 13:53:32 | INFO | 📊 Загрузка 🇫🇷 Лига 1...
2026-05-07 13:53:32 | INFO | ✅ Модель загружена: C:\Users\taran\Training_Main_bot\data\ligue1\model.pkl
2026-05-07 13:53:32 | INFO |    ↳ Модель загружена из кэша
2026-05-07 13:53:32 | INFO | 📥 Загрузка данных из C:\Users\taran\Training_Main_bot\data\ligue1\matches.csv
2026-05-07 13:53:32 | INFO | ✅ Файл прочитан (кодировка: utf-8)
2026-05-07 13:53:33 | INFO | ✅ Дни отдыха рассчитаны
2026-05-07 13:53:33 | INFO | ✅ Загружено 1446 матчей
2026-05-07 13:53:33 | INFO | ✅ 🇫🇷 Лига 1 загружена (1446 матчей, 26 команд)
2026-05-07 13:53:33 | INFO | 📊 Загрузка Лига чемпионов 🏆...
2026-05-07 13:53:33 | INFO | ✅ Модель загружена: C:\Users\taran\Training_Main_bot\data\champions_league\model.pkl
2026-05-07 13:53:33 | INFO |    ↳ Модель загружена из кэша
2026-05-07 13:53:33 | INFO | 📥 Загрузка данных из C:\Users\taran\Training_Main_bot\data\champions_league\matches.csv
2026-05-07 13:53:33 | INFO | ✅ Файл прочитан (кодировка: utf-8)
2026-05-07 13:53:33 | INFO | ✅ Дни отдыха рассчитаны
2026-05-07 13:53:33 | INFO | ✅ Загружено 135 матчей
2026-05-07 13:53:33 | INFO | ✅ Лига чемпионов 🏆 загружена (135 матчей, 36 команд)
2026-05-07 13:53:33 | INFO | 📊 Загрузка 🇳🇱 Эредивизи...
2026-05-07 13:53:33 | INFO | ✅ Модель загружена: C:\Users\taran\Training_Main_bot\data\eredivisise\model.pkl
2026-05-07 13:53:33 | INFO |    ↳ Модель загружена из кэша
2026-05-07 13:53:33 | INFO | 📥 Загрузка данных из C:\Users\taran\Training_Main_bot\data\eredivisise\matches.csv
2026-05-07 13:53:34 | INFO | ✅ Файл прочитан (кодировка: utf-8)
2026-05-07 13:53:34 | INFO | ✅ Дни отдыха рассчитаны
2026-05-07 13:53:34 | INFO | ✅ Загружено 1224 матчей
2026-05-07 13:53:34 | INFO | ✅ 🇳🇱 Эредивизи загружена (1224 матчей, 24 команд)
2026-05-07 13:53:34 | INFO | 📊 Загрузка 🇵🇹 Португальская Лига...
2026-05-07 13:53:34 | INFO | ✅ Модель загружена: C:\Users\taran\Training_Main_bot\data\portugueseLiga\model.pkl
2026-05-07 13:53:34 | INFO |    ↳ Модель загружена из кэша
2026-05-07 13:53:34 | INFO | 📥 Загрузка данных из C:\Users\taran\Training_Main_bot\data\portugueseLiga\matches.csv
2026-05-07 13:53:35 | INFO | ✅ Файл прочитан (кодировка: utf-8)
2026-05-07 13:53:35 | INFO | ✅ Дни отдыха рассчитаны
2026-05-07 13:53:35 | INFO | ✅ Загружено 1224 матчей
2026-05-07 13:53:35 | INFO | ✅ 🇵🇹 Португальская Лига загружена (1224 матчей, 24 команд)
2026-05-07 13:53:35 | INFO | 📊 Загрузка 🇦🇷 Аргентина: Примера Дивисьон...
2026-05-07 13:53:35 | INFO | ✅ Модель загружена: C:\Users\taran\Training_Main_bot\data\argentina\model.pkl
2026-05-07 13:53:35 | INFO |    ↳ Модель загружена из кэша
2026-05-07 13:53:35 | INFO | 📥 Загрузка данных из C:\Users\taran\Training_Main_bot\data\argentina\matches.csv
2026-05-07 13:53:36 | INFO | ✅ Файл прочитан (кодировка: utf-8)
2026-05-07 13:53:40 | INFO | ✅ Дни отдыха рассчитаны
2026-05-07 13:53:40 | INFO | ✅ Загружено 6160 матчей
2026-05-07 13:53:40 | INFO | ✅ 🇦🇷 Аргентина: Примера Дивисьон загружена (6160 матчей, 45 команд)
2026-05-07 13:53:40 | INFO | 📊 Загрузка 🇦🇹 Австрия: Бундеслига...
2026-05-07 13:53:40 | INFO | ✅ Модель загружена: C:\Users\taran\Training_Main_bot\data\austria\model.pkl
2026-05-07 13:53:40 | INFO |    ↳ Модель загружена из кэша
2026-05-07 13:53:40 | INFO | 📥 Загрузка данных из C:\Users\taran\Training_Main_bot\data\austria\matches.csv
2026-05-07 13:53:40 | INFO | ✅ Файл прочитан (кодировка: utf-8)
2026-05-07 13:53:41 | INFO | ✅ Дни отдыха рассчитаны
2026-05-07 13:53:41 | INFO | ✅ Загружено 2596 матчей
2026-05-07 13:53:41 | INFO | ✅ 🇦🇹 Австрия: Бундеслига загружена (2596 матчей, 20 команд)
2026-05-07 13:53:41 | INFO | 📊 Загрузка 🇧🇷 Бразилия: Серия А...
2026-05-07 13:53:42 | INFO | ✅ Модель загружена: C:\Users\taran\Training_Main_bot\data\brazil\model.pkl
2026-05-07 13:53:42 | INFO |    ↳ Модель загружена из кэша
2026-05-07 13:53:42 | INFO | 📥 Загрузка данных из C:\Users\taran\Training_Main_bot\data\brazil\matches.csv
2026-05-07 13:53:42 | INFO | ✅ Файл прочитан (кодировка: utf-8)
2026-05-07 13:53:45 | INFO | ✅ Дни отдыха рассчитаны
2026-05-07 13:53:45 | INFO | ✅ Загружено 5417 матчей
2026-05-07 13:53:45 | INFO | ✅ 🇧🇷 Бразилия: Серия А загружена (5417 матчей, 38 команд)
2026-05-07 13:53:45 | INFO | 📊 Загрузка 🇨🇳 Китай: Суперлига...
2026-05-07 13:53:45 | INFO | ✅ Модель загружена: C:\Users\taran\Training_Main_bot\data\china\model.pkl
2026-05-07 13:53:45 | INFO |    ↳ Модель загружена из кэша
2026-05-07 13:53:45 | INFO | 📥 Загрузка данных из C:\Users\taran\Training_Main_bot\data\china\matches.csv
2026-05-07 13:53:45 | INFO | ✅ Файл прочитан (кодировка: utf-8)
2026-05-07 13:53:47 | INFO | ✅ Дни отдыха рассчитаны
2026-05-07 13:53:47 | INFO | ✅ Загружено 2840 матчей
2026-05-07 13:53:47 | INFO | ✅ 🇨🇳 Китай: Суперлига загружена (2840 матчей, 45 команд)
2026-05-07 13:53:47 | INFO | 📊 Загрузка 🇩🇰 Дания: Суперлига...
2026-05-07 13:53:47 | INFO | ✅ Модель загружена: C:\Users\taran\Training_Main_bot\data\dania\model.pkl
2026-05-07 13:53:47 | INFO |    ↳ Модель загружена из кэша
2026-05-07 13:53:47 | INFO | 📥 Загрузка данных из C:\Users\taran\Training_Main_bot\data\dania\matches.csv
2026-05-07 13:53:47 | INFO | ✅ Файл прочитан (кодировка: utf-8)
2026-05-07 13:53:49 | INFO | ✅ Дни отдыха рассчитаны
2026-05-07 13:53:49 | INFO | ✅ Загружено 2910 матчей
2026-05-07 13:53:49 | INFO | ✅ 🇩🇰 Дания: Суперлига загружена (2910 матчей, 21 команд)
2026-05-07 13:53:49 | INFO | 📊 Загрузка 🇫🇮 Финляндия: Вейккауслига...
2026-05-07 13:53:49 | INFO | ✅ Модель загружена: C:\Users\taran\Training_Main_bot\data\finland\model.pkl
2026-05-07 13:53:49 | INFO |    ↳ Модель загружена из кэша
2026-05-07 13:53:49 | INFO | 📥 Загрузка данных из C:\Users\taran\Training_Main_bot\data\finland\matches.csv
2026-05-07 13:53:49 | INFO | ✅ Файл прочитан (кодировка: utf-8)
2026-05-07 13:53:51 | INFO | ✅ Дни отдыха рассчитаны
2026-05-07 13:53:51 | INFO | ✅ Загружено 2550 матчей
2026-05-07 13:53:51 | INFO | ✅ 🇫🇮 Финляндия: Вейккауслига загружена (2550 матчей, 23 команд)
2026-05-07 13:53:51 | INFO | 📊 Загрузка 🇬🇷 Греция: Суперлига...
2026-05-07 13:53:51 | INFO | ✅ Модель загружена: C:\Users\taran\Training_Main_bot\data\greece\model.pkl
2026-05-07 13:53:51 | INFO |    ↳ Модель загружена из кэша
2026-05-07 13:53:51 | INFO | 📥 Загрузка данных из C:\Users\taran\Training_Main_bot\data\greece\matches.csv
2026-05-07 13:53:51 | INFO | ✅ Файл прочитан (кодировка: utf-8)
2026-05-07 13:53:52 | INFO | ✅ Дни отдыха рассчитаны
2026-05-07 13:53:52 | INFO | ✅ Загружено 1200 матчей
2026-05-07 13:53:52 | INFO | ✅ 🇬🇷 Греция: Суперлига загружена (1200 матчей, 20 команд)
2026-05-07 13:53:52 | INFO | 📊 Загрузка 🇯🇵 Япония: Джей-лига...
2026-05-07 13:53:52 | INFO | ✅ Модель загружена: C:\Users\taran\Training_Main_bot\data\japan\model.pkl
2026-05-07 13:53:52 | INFO |    ↳ Модель загружена из кэша
2026-05-07 13:53:52 | INFO | 📥 Загрузка данных из C:\Users\taran\Training_Main_bot\data\japan\matches.csv
2026-05-07 13:53:52 | INFO | ✅ Файл прочитан (кодировка: utf-8)
2026-05-07 13:53:55 | INFO | ✅ Дни отдыха рассчитаны
2026-05-07 13:53:55 | INFO | ✅ Загружено 4523 матчей
2026-05-07 13:53:55 | INFO | ✅ 🇯🇵 Япония: Джей-лига загружена (4523 матчей, 32 команд)
2026-05-07 13:53:55 | INFO | 📊 Загрузка 🇲🇽 Мексика: Лига МХ...
2026-05-07 13:53:55 | INFO | ✅ Модель загружена: C:\Users\taran\Training_Main_bot\data\mexico\model.pkl
2026-05-07 13:53:55 | INFO |    ↳ Модель загружена из кэша
2026-05-07 13:53:55 | INFO | 📥 Загрузка данных из C:\Users\taran\Training_Main_bot\data\mexico\matches.csv
2026-05-07 13:53:55 | INFO | ✅ Файл прочитан (кодировка: utf-8)
2026-05-07 13:53:58 | INFO | ✅ Дни отдыха рассчитаны
2026-05-07 13:53:58 | INFO | ✅ Загружено 4605 матчей
2026-05-07 13:53:58 | INFO | ✅ 🇲🇽 Мексика: Лига МХ загружена (4605 матчей, 25 команд)
2026-05-07 13:53:58 | INFO | 📊 Загрузка 🇳🇴 Норвегия: Элитсерия...
2026-05-07 13:53:58 | INFO | ✅ Модель загружена: C:\Users\taran\Training_Main_bot\data\norway\model.pkl
2026-05-07 13:53:58 | INFO |    ↳ Модель загружена из кэша
2026-05-07 13:53:58 | INFO | 📥 Загрузка данных из C:\Users\taran\Training_Main_bot\data\norway\matches.csv
2026-05-07 13:53:58 | INFO | ✅ Файл прочитан (кодировка: utf-8)
2026-05-07 13:54:00 | INFO | ✅ Дни отдыха рассчитаны
2026-05-07 13:54:00 | INFO | ✅ Загружено 3403 матчей
2026-05-07 13:54:00 | INFO | ✅ 🇳🇴 Норвегия: Элитсерия загружена (3403 матчей, 31 команд)
2026-05-07 13:54:00 | INFO | 📊 Загрузка 🇵🇱 Польша: Экстракласа...
2026-05-07 13:54:01 | INFO | ✅ Модель загружена: C:\Users\taran\Training_Main_bot\data\poland\model.pkl
2026-05-07 13:54:01 | INFO |    ↳ Модель загружена из кэша
2026-05-07 13:54:01 | INFO | 📥 Загрузка данных из C:\Users\taran\Training_Main_bot\data\poland\matches.csv
2026-05-07 13:54:01 | INFO | ✅ Файл прочитан (кодировка: utf-8)
2026-05-07 13:54:03 | INFO | ✅ Дни отдыха рассчитаны
2026-05-07 13:54:03 | INFO | ✅ Загружено 4019 матчей
2026-05-07 13:54:03 | INFO | ✅ 🇵🇱 Польша: Экстракласа загружена (4019 матчей, 35 команд)
2026-05-07 13:54:03 | INFO | 📊 Загрузка 🇷🇴 Румыния: Лига I...
2026-05-07 13:54:03 | INFO | ✅ Модель загружена: C:\Users\taran\Training_Main_bot\data\romania\model.pkl
2026-05-07 13:54:03 | INFO |    ↳ Модель загружена из кэша
2026-05-07 13:54:03 | INFO | 📥 Загрузка данных из C:\Users\taran\Training_Main_bot\data\romania\matches.csv
2026-05-07 13:54:03 | INFO | ✅ Файл прочитан (кодировка: utf-8)
2026-05-07 13:54:06 | INFO | ✅ Дни отдыха рассчитаны
2026-05-07 13:54:06 | INFO | ✅ Загружено 4125 матчей
2026-05-07 13:54:06 | INFO | ✅ 🇷🇴 Румыния: Лига I загружена (4125 матчей, 42 команд)
2026-05-07 13:54:06 | INFO | 📊 Загрузка 🏴󠁧󠁢󠁳󠁣󠁴󠁿 Шотландия: Премьершип...
2026-05-07 13:54:06 | INFO | ✅ Модель загружена: C:\Users\taran\Training_Main_bot\data\scotland\model.pkl
2026-05-07 13:54:06 | INFO |    ↳ Модель загружена из кэша
2026-05-07 13:54:06 | INFO | 📥 Загрузка данных из C:\Users\taran\Training_Main_bot\data\scotland\matches.csv
2026-05-07 13:54:06 | INFO | ✅ Файл прочитан (кодировка: utf-8)
2026-05-07 13:54:07 | INFO | ✅ Дни отдыха рассчитаны
2026-05-07 13:54:07 | INFO | ✅ Загружено 1091 матчей
2026-05-07 13:54:07 | INFO | ✅ 🏴󠁧󠁢󠁳󠁣󠁴󠁿 Шотландия: Премьершип загружена (1091 матчей, 14 команд)
2026-05-07 13:54:07 | INFO | 📊 Загрузка 🇹🇷 Турция: Суперлига...
2026-05-07 13:54:07 | INFO | ✅ Модель загружена: C:\Users\taran\Training_Main_bot\data\turkey\model.pkl
2026-05-07 13:54:07 | INFO |    ↳ Модель загружена из кэша
2026-05-07 13:54:07 | INFO | 📥 Загрузка данных из C:\Users\taran\Training_Main_bot\data\turkey\matches.csv
2026-05-07 13:54:07 | INFO | ✅ Файл прочитан (кодировка: utf-8)
2026-05-07 13:54:09 | INFO | ✅ Дни отдыха рассчитаны
2026-05-07 13:54:09 | INFO | ✅ Загружено 1828 матчей
2026-05-07 13:54:09 | INFO | ✅ 🇹🇷 Турция: Суперлига загружена (1828 матчей, 28 команд)
2026-05-07 13:54:09 | INFO | 📊 Загрузка 🇺🇸 США: МЛС...
2026-05-07 13:54:09 | INFO | ✅ Модель загружена: C:\Users\taran\Training_Main_bot\data\usa\model.pkl
2026-05-07 13:54:09 | INFO |    ↳ Модель загружена из кэша
2026-05-07 13:54:09 | INFO | 📥 Загрузка данных из C:\Users\taran\Training_Main_bot\data\usa\matches.csv
2026-05-07 13:54:09 | INFO | ✅ Файл прочитан (кодировка: utf-8)
2026-05-07 13:54:13 | INFO | ✅ Дни отдыха рассчитаны
2026-05-07 13:54:13 | INFO | ✅ Загружено 5905 матчей
2026-05-07 13:54:13 | INFO | ✅ 🇺🇸 США: МЛС загружена (5905 матчей, 31 команд)
2026-05-07 13:54:13 | INFO | ✅ Загружено 24 моделей, 699 уникальных команд
2026-05-07 13:54:13 | INFO | ✅ Загружена история из 7 прогнозов
2026-05-07 13:54:13 | INFO | Adding job tentatively -- it will be properly scheduled when the scheduler starts
2026-05-07 13:54:13 | INFO | Added job "ModelScheduler.update_model_task" to job store "default"
2026-05-07 13:54:13 | INFO | Scheduler started
2026-05-07 13:54:13 | INFO | ⏰ Планировщик запущен
2026-05-07 13:54:13 | INFO | Start polling
2026-05-07 13:54:15 | INFO | Polling stopped
2026-05-07 13:54:15 | INFO | ⏹️ Планировщик остановлен
2026-05-07 13:54:15 | INFO | Scheduler has been shut down
2026-05-07 13:57:37 | INFO | ✅ База данных инициализирована
2026-05-07 13:57:37 | INFO | 🔄 Загрузка моделей и команд...
2026-05-07 13:57:37 | INFO | 📊 Загрузка 🇷🇺 РПЛ...
2026-05-07 13:57:37 | INFO | ✅ Модель загружена: C:\Users\taran\Training_Main_bot\data\rpl\model.pkl
2026-05-07 13:57:37 | INFO |    ↳ Модель загружена из кэша
2026-05-07 13:57:37 | INFO | 📥 Загрузка данных из C:\Users\taran\Training_Main_bot\data\rpl\matches.csv
2026-05-07 13:57:37 | INFO | ✅ Файл прочитан (кодировка: utf-8)
2026-05-07 13:57:39 | INFO | ✅ Дни отдыха рассчитаны
2026-05-07 13:57:39 | INFO | ✅ Загружено 3344 матчей
2026-05-07 13:57:39 | INFO | ✅ 🇷🇺 РПЛ загружена (3344 матчей, 38 команд)
2026-05-07 13:57:39 | INFO | 📊 Загрузка 🇬🇧 Англия: Премьер-лига...
2026-05-07 13:57:39 | INFO | ✅ Модель загружена: C:\Users\taran\Training_Main_bot\data\epl\model.pkl
2026-05-07 13:57:39 | INFO |    ↳ Модель загружена из кэша
2026-05-07 13:57:39 | INFO | 📥 Загрузка данных из C:\Users\taran\Training_Main_bot\data\epl\matches.csv
2026-05-07 13:57:39 | INFO | ✅ Файл прочитан (кодировка: utf-8)
2026-05-07 13:57:40 | INFO | ✅ Дни отдыха рассчитаны
2026-05-07 13:57:40 | INFO | ✅ Загружено 1520 матчей
2026-05-07 13:57:40 | INFO | ✅ 🇬🇧 Англия: Премьер-лига загружена (1520 матчей, 26 команд)
2026-05-07 13:57:40 | INFO | 📊 Загрузка 🇩🇪 Бундеслига...
2026-05-07 13:57:40 | INFO | ✅ Модель загружена: C:\Users\taran\Training_Main_bot\data\bundesliga\model.pkl
2026-05-07 13:57:40 | INFO |    ↳ Модель загружена из кэша
2026-05-07 13:57:40 | INFO | 📥 Загрузка данных из C:\Users\taran\Training_Main_bot\data\bundesliga\matches.csv
2026-05-07 13:57:41 | INFO | ✅ Файл прочитан (кодировка: utf-8)
2026-05-07 13:57:41 | INFO | ✅ Дни отдыха рассчитаны
2026-05-07 13:57:41 | INFO | ✅ Загружено 1224 матчей
2026-05-07 13:57:41 | INFO | ✅ 🇩🇪 Бундеслига загружена (1224 матчей, 22 команд)
2026-05-07 13:57:41 | INFO | 📊 Загрузка 🇮🇹 Серия A...
2026-05-07 13:57:41 | INFO | ✅ Модель загружена: C:\Users\taran\Training_Main_bot\data\seriaA\model.pkl
2026-05-07 13:57:41 | INFO |    ↳ Модель загружена из кэша
2026-05-07 13:57:41 | INFO | 📥 Загрузка данных из C:\Users\taran\Training_Main_bot\data\seriaA\matches.csv
2026-05-07 13:57:42 | INFO | ✅ Файл прочитан (кодировка: utf-8)
2026-05-07 13:57:43 | INFO | ✅ Дни отдыха рассчитаны
2026-05-07 13:57:43 | INFO | ✅ Загружено 1520 матчей
2026-05-07 13:57:43 | INFO | ✅ 🇮🇹 Серия A загружена (1520 матчей, 27 команд)
2026-05-07 13:57:43 | INFO | 📊 Загрузка 🇪🇸 Ла Лига...
2026-05-07 13:57:43 | INFO | ✅ Модель загружена: C:\Users\taran\Training_Main_bot\data\laLiga\model.pkl
2026-05-07 13:57:43 | INFO |    ↳ Модель загружена из кэша
2026-05-07 13:57:43 | INFO | 📥 Загрузка данных из C:\Users\taran\Training_Main_bot\data\laLiga\matches.csv
2026-05-07 13:57:43 | INFO | ✅ Файл прочитан (кодировка: utf-8)
2026-05-07 13:57:44 | INFO | ✅ Дни отдыха рассчитаны
2026-05-07 13:57:44 | INFO | ✅ Загружено 1520 матчей
2026-05-07 13:57:44 | INFO | ✅ 🇪🇸 Ла Лига загружена (1520 матчей, 26 команд)
2026-05-07 13:57:44 | INFO | 📊 Загрузка 🇫🇷 Лига 1...
2026-05-07 13:57:44 | INFO | ✅ Модель загружена: C:\Users\taran\Training_Main_bot\data\ligue1\model.pkl
2026-05-07 13:57:44 | INFO |    ↳ Модель загружена из кэша
2026-05-07 13:57:44 | INFO | 📥 Загрузка данных из C:\Users\taran\Training_Main_bot\data\ligue1\matches.csv
2026-05-07 13:57:44 | INFO | ✅ Файл прочитан (кодировка: utf-8)
2026-05-07 13:57:45 | INFO | ✅ Дни отдыха рассчитаны
2026-05-07 13:57:45 | INFO | ✅ Загружено 1446 матчей
2026-05-07 13:57:45 | INFO | ✅ 🇫🇷 Лига 1 загружена (1446 матчей, 26 команд)
2026-05-07 13:57:45 | INFO | 📊 Загрузка Лига чемпионов 🏆...
2026-05-07 13:57:45 | INFO | ✅ Модель загружена: C:\Users\taran\Training_Main_bot\data\champions_league\model.pkl
2026-05-07 13:57:45 | INFO |    ↳ Модель загружена из кэша
2026-05-07 13:57:45 | INFO | 📥 Загрузка данных из C:\Users\taran\Training_Main_bot\data\champions_league\matches.csv
2026-05-07 13:57:45 | INFO | ✅ Файл прочитан (кодировка: utf-8)
2026-05-07 13:57:45 | INFO | ✅ Дни отдыха рассчитаны
2026-05-07 13:57:45 | INFO | ✅ Загружено 135 матчей
2026-05-07 13:57:45 | INFO | ✅ Лига чемпионов 🏆 загружена (135 матчей, 36 команд)
2026-05-07 13:57:45 | INFO | 📊 Загрузка 🇳🇱 Эредивизи...
2026-05-07 13:57:45 | INFO | ✅ Модель загружена: C:\Users\taran\Training_Main_bot\data\eredivisise\model.pkl
2026-05-07 13:57:45 | INFO |    ↳ Модель загружена из кэша
2026-05-07 13:57:45 | INFO | 📥 Загрузка данных из C:\Users\taran\Training_Main_bot\data\eredivisise\matches.csv
2026-05-07 13:57:45 | INFO | ✅ Файл прочитан (кодировка: utf-8)
2026-05-07 13:57:46 | INFO | ✅ Дни отдыха рассчитаны
2026-05-07 13:57:46 | INFO | ✅ Загружено 1224 матчей
2026-05-07 13:57:46 | INFO | ✅ 🇳🇱 Эредивизи загружена (1224 матчей, 24 команд)
2026-05-07 13:57:46 | INFO | 📊 Загрузка 🇵🇹 Португальская Лига...
2026-05-07 13:57:46 | INFO | ✅ Модель загружена: C:\Users\taran\Training_Main_bot\data\portugueseLiga\model.pkl
2026-05-07 13:57:46 | INFO |    ↳ Модель загружена из кэша
2026-05-07 13:57:46 | INFO | 📥 Загрузка данных из C:\Users\taran\Training_Main_bot\data\portugueseLiga\matches.csv
2026-05-07 13:57:46 | INFO | ✅ Файл прочитан (кодировка: utf-8)
2026-05-07 13:57:47 | INFO | ✅ Дни отдыха рассчитаны
2026-05-07 13:57:47 | INFO | ✅ Загружено 1224 матчей
2026-05-07 13:57:47 | INFO | ✅ 🇵🇹 Португальская Лига загружена (1224 матчей, 24 команд)
2026-05-07 13:57:47 | INFO | 📊 Загрузка 🇦🇷 Аргентина: Примера Дивисьон...
2026-05-07 13:57:47 | INFO | ✅ Модель загружена: C:\Users\taran\Training_Main_bot\data\argentina\model.pkl
2026-05-07 13:57:47 | INFO |    ↳ Модель загружена из кэша
2026-05-07 13:57:47 | INFO | 📥 Загрузка данных из C:\Users\taran\Training_Main_bot\data\argentina\matches.csv
2026-05-07 13:57:47 | INFO | ✅ Файл прочитан (кодировка: utf-8)
2026-05-07 13:57:51 | INFO | ✅ Дни отдыха рассчитаны
2026-05-07 13:57:51 | INFO | ✅ Загружено 6160 матчей
2026-05-07 13:57:51 | INFO | ✅ 🇦🇷 Аргентина: Примера Дивисьон загружена (6160 матчей, 45 команд)
2026-05-07 13:57:51 | INFO | 📊 Загрузка 🇦🇹 Австрия: Бундеслига...
2026-05-07 13:57:51 | INFO | ✅ Модель загружена: C:\Users\taran\Training_Main_bot\data\austria\model.pkl
2026-05-07 13:57:51 | INFO |    ↳ Модель загружена из кэша
2026-05-07 13:57:51 | INFO | 📥 Загрузка данных из C:\Users\taran\Training_Main_bot\data\austria\matches.csv
2026-05-07 13:57:51 | INFO | ✅ Файл прочитан (кодировка: utf-8)
2026-05-07 13:57:53 | INFO | ✅ Дни отдыха рассчитаны
2026-05-07 13:57:53 | INFO | ✅ Загружено 2596 матчей
2026-05-07 13:57:53 | INFO | ✅ 🇦🇹 Австрия: Бундеслига загружена (2596 матчей, 20 команд)
2026-05-07 13:57:53 | INFO | 📊 Загрузка 🇧🇷 Бразилия: Серия А...
2026-05-07 13:57:53 | INFO | ✅ Модель загружена: C:\Users\taran\Training_Main_bot\data\brazil\model.pkl
2026-05-07 13:57:53 | INFO |    ↳ Модель загружена из кэша
2026-05-07 13:57:53 | INFO | 📥 Загрузка данных из C:\Users\taran\Training_Main_bot\data\brazil\matches.csv
2026-05-07 13:57:53 | INFO | ✅ Файл прочитан (кодировка: utf-8)
2026-05-07 13:57:57 | INFO | ✅ Дни отдыха рассчитаны
2026-05-07 13:57:57 | INFO | ✅ Загружено 5417 матчей
2026-05-07 13:57:57 | INFO | ✅ 🇧🇷 Бразилия: Серия А загружена (5417 матчей, 38 команд)
2026-05-07 13:57:57 | INFO | 📊 Загрузка 🇨🇳 Китай: Суперлига...
2026-05-07 13:57:57 | INFO | ✅ Модель загружена: C:\Users\taran\Training_Main_bot\data\china\model.pkl
2026-05-07 13:57:57 | INFO |    ↳ Модель загружена из кэша
2026-05-07 13:57:57 | INFO | 📥 Загрузка данных из C:\Users\taran\Training_Main_bot\data\china\matches.csv
2026-05-07 13:57:57 | INFO | ✅ Файл прочитан (кодировка: utf-8)
2026-05-07 13:57:59 | INFO | ✅ Дни отдыха рассчитаны
2026-05-07 13:57:59 | INFO | ✅ Загружено 2840 матчей
2026-05-07 13:57:59 | INFO | ✅ 🇨🇳 Китай: Суперлига загружена (2840 матчей, 45 команд)
2026-05-07 13:57:59 | INFO | 📊 Загрузка 🇩🇰 Дания: Суперлига...
2026-05-07 13:57:59 | INFO | ✅ Модель загружена: C:\Users\taran\Training_Main_bot\data\dania\model.pkl
2026-05-07 13:57:59 | INFO |    ↳ Модель загружена из кэша
2026-05-07 13:57:59 | INFO | 📥 Загрузка данных из C:\Users\taran\Training_Main_bot\data\dania\matches.csv
2026-05-07 13:57:59 | INFO | ✅ Файл прочитан (кодировка: utf-8)
2026-05-07 13:58:01 | INFO | ✅ Дни отдыха рассчитаны
2026-05-07 13:58:01 | INFO | ✅ Загружено 2910 матчей
2026-05-07 13:58:01 | INFO | ✅ 🇩🇰 Дания: Суперлига загружена (2910 матчей, 21 команд)
2026-05-07 13:58:01 | INFO | 📊 Загрузка 🇫🇮 Финляндия: Вейккауслига...
2026-05-07 13:58:01 | INFO | ✅ Модель загружена: C:\Users\taran\Training_Main_bot\data\finland\model.pkl
2026-05-07 13:58:01 | INFO |    ↳ Модель загружена из кэша
2026-05-07 13:58:01 | INFO | 📥 Загрузка данных из C:\Users\taran\Training_Main_bot\data\finland\matches.csv
2026-05-07 13:58:01 | INFO | ✅ Файл прочитан (кодировка: utf-8)
2026-05-07 13:58:03 | INFO | ✅ Дни отдыха рассчитаны
2026-05-07 13:58:03 | INFO | ✅ Загружено 2550 матчей
2026-05-07 13:58:03 | INFO | ✅ 🇫🇮 Финляндия: Вейккауслига загружена (2550 матчей, 23 команд)
2026-05-07 13:58:03 | INFO | 📊 Загрузка 🇬🇷 Греция: Суперлига...
2026-05-07 13:58:03 | INFO | ✅ Модель загружена: C:\Users\taran\Training_Main_bot\data\greece\model.pkl
2026-05-07 13:58:03 | INFO |    ↳ Модель загружена из кэша
2026-05-07 13:58:03 | INFO | 📥 Загрузка данных из C:\Users\taran\Training_Main_bot\data\greece\matches.csv
2026-05-07 13:58:03 | INFO | ✅ Файл прочитан (кодировка: utf-8)
2026-05-07 13:58:04 | INFO | ✅ Дни отдыха рассчитаны
2026-05-07 13:58:04 | INFO | ✅ Загружено 1200 матчей
2026-05-07 13:58:04 | INFO | ✅ 🇬🇷 Греция: Суперлига загружена (1200 матчей, 20 команд)
2026-05-07 13:58:04 | INFO | 📊 Загрузка 🇯🇵 Япония: Джей-лига...
2026-05-07 13:58:04 | INFO | ✅ Модель загружена: C:\Users\taran\Training_Main_bot\data\japan\model.pkl
2026-05-07 13:58:04 | INFO |    ↳ Модель загружена из кэша
2026-05-07 13:58:04 | INFO | 📥 Загрузка данных из C:\Users\taran\Training_Main_bot\data\japan\matches.csv
2026-05-07 13:58:04 | INFO | ✅ Файл прочитан (кодировка: utf-8)
2026-05-07 13:58:07 | INFO | ✅ Дни отдыха рассчитаны
2026-05-07 13:58:07 | INFO | ✅ Загружено 4523 матчей
2026-05-07 13:58:07 | INFO | ✅ 🇯🇵 Япония: Джей-лига загружена (4523 матчей, 32 команд)
2026-05-07 13:58:07 | INFO | 📊 Загрузка 🇲🇽 Мексика: Лига МХ...
2026-05-07 13:58:07 | INFO | ✅ Модель загружена: C:\Users\taran\Training_Main_bot\data\mexico\model.pkl
2026-05-07 13:58:07 | INFO |    ↳ Модель загружена из кэша
2026-05-07 13:58:07 | INFO | 📥 Загрузка данных из C:\Users\taran\Training_Main_bot\data\mexico\matches.csv
2026-05-07 13:58:07 | INFO | ✅ Файл прочитан (кодировка: utf-8)
2026-05-07 13:58:10 | INFO | ✅ Дни отдыха рассчитаны
2026-05-07 13:58:10 | INFO | ✅ Загружено 4605 матчей
2026-05-07 13:58:10 | INFO | ✅ 🇲🇽 Мексика: Лига МХ загружена (4605 матчей, 25 команд)
2026-05-07 13:58:10 | INFO | 📊 Загрузка 🇳🇴 Норвегия: Элитсерия...
2026-05-07 13:58:10 | INFO | ✅ Модель загружена: C:\Users\taran\Training_Main_bot\data\norway\model.pkl
2026-05-07 13:58:10 | INFO |    ↳ Модель загружена из кэша
2026-05-07 13:58:10 | INFO | 📥 Загрузка данных из C:\Users\taran\Training_Main_bot\data\norway\matches.csv
2026-05-07 13:58:10 | INFO | ✅ Файл прочитан (кодировка: utf-8)
2026-05-07 13:58:12 | INFO | ✅ Дни отдыха рассчитаны
2026-05-07 13:58:12 | INFO | ✅ Загружено 3403 матчей
2026-05-07 13:58:12 | INFO | ✅ 🇳🇴 Норвегия: Элитсерия загружена (3403 матчей, 31 команд)
2026-05-07 13:58:12 | INFO | 📊 Загрузка 🇵🇱 Польша: Экстракласа...
2026-05-07 13:58:12 | INFO | ✅ Модель загружена: C:\Users\taran\Training_Main_bot\data\poland\model.pkl
2026-05-07 13:58:12 | INFO |    ↳ Модель загружена из кэша
2026-05-07 13:58:12 | INFO | 📥 Загрузка данных из C:\Users\taran\Training_Main_bot\data\poland\matches.csv
2026-05-07 13:58:12 | INFO | ✅ Файл прочитан (кодировка: utf-8)
2026-05-07 13:58:15 | INFO | ✅ Дни отдыха рассчитаны
2026-05-07 13:58:15 | INFO | ✅ Загружено 4019 матчей
2026-05-07 13:58:15 | INFO | ✅ 🇵🇱 Польша: Экстракласа загружена (4019 матчей, 35 команд)
2026-05-07 13:58:15 | INFO | 📊 Загрузка 🇷🇴 Румыния: Лига I...
2026-05-07 13:58:15 | INFO | ✅ Модель загружена: C:\Users\taran\Training_Main_bot\data\romania\model.pkl
2026-05-07 13:58:15 | INFO |    ↳ Модель загружена из кэша
2026-05-07 13:58:15 | INFO | 📥 Загрузка данных из C:\Users\taran\Training_Main_bot\data\romania\matches.csv
2026-05-07 13:58:15 | INFO | ✅ Файл прочитан (кодировка: utf-8)
2026-05-07 13:58:18 | INFO | ✅ Дни отдыха рассчитаны
2026-05-07 13:58:18 | INFO | ✅ Загружено 4125 матчей
2026-05-07 13:58:18 | INFO | ✅ 🇷🇴 Румыния: Лига I загружена (4125 матчей, 42 команд)
2026-05-07 13:58:18 | INFO | 📊 Загрузка 🏴󠁧󠁢󠁳󠁣󠁴󠁿 Шотландия: Премьершип...
2026-05-07 13:58:18 | INFO | ✅ Модель загружена: C:\Users\taran\Training_Main_bot\data\scotland\model.pkl
2026-05-07 13:58:18 | INFO |    ↳ Модель загружена из кэша
2026-05-07 13:58:18 | INFO | 📥 Загрузка данных из C:\Users\taran\Training_Main_bot\data\scotland\matches.csv
2026-05-07 13:58:18 | INFO | ✅ Файл прочитан (кодировка: utf-8)
2026-05-07 13:58:19 | INFO | ✅ Дни отдыха рассчитаны
2026-05-07 13:58:19 | INFO | ✅ Загружено 1091 матчей
2026-05-07 13:58:19 | INFO | ✅ 🏴󠁧󠁢󠁳󠁣󠁴󠁿 Шотландия: Премьершип загружена (1091 матчей, 14 команд)
2026-05-07 13:58:19 | INFO | 📊 Загрузка 🇹🇷 Турция: Суперлига...
2026-05-07 13:58:19 | INFO | ✅ Модель загружена: C:\Users\taran\Training_Main_bot\data\turkey\model.pkl
2026-05-07 13:58:19 | INFO |    ↳ Модель загружена из кэша
2026-05-07 13:58:19 | INFO | 📥 Загрузка данных из C:\Users\taran\Training_Main_bot\data\turkey\matches.csv
2026-05-07 13:58:19 | INFO | ✅ Файл прочитан (кодировка: utf-8)
2026-05-07 13:58:20 | INFO | ✅ Дни отдыха рассчитаны
2026-05-07 13:58:20 | INFO | ✅ Загружено 1828 матчей
2026-05-07 13:58:20 | INFO | ✅ 🇹🇷 Турция: Суперлига загружена (1828 матчей, 28 команд)
2026-05-07 13:58:20 | INFO | 📊 Загрузка 🇺🇸 США: МЛС...
2026-05-07 13:58:20 | INFO | ✅ Модель загружена: C:\Users\taran\Training_Main_bot\data\usa\model.pkl
2026-05-07 13:58:20 | INFO |    ↳ Модель загружена из кэша
2026-05-07 13:58:20 | INFO | 📥 Загрузка данных из C:\Users\taran\Training_Main_bot\data\usa\matches.csv
2026-05-07 13:58:20 | INFO | ✅ Файл прочитан (кодировка: utf-8)
2026-05-07 13:58:24 | INFO | ✅ Дни отдыха рассчитаны
2026-05-07 13:58:24 | INFO | ✅ Загружено 5905 матчей
2026-05-07 13:58:24 | INFO | ✅ 🇺🇸 США: МЛС загружена (5905 матчей, 31 команд)
2026-05-07 13:58:24 | INFO | ✅ Загружено 24 моделей, 699 уникальных команд
2026-05-07 13:58:24 | INFO | ✅ Загружена история из 7 прогнозов
2026-05-07 13:58:24 | INFO | Adding job tentatively -- it will be properly scheduled when the scheduler starts
2026-05-07 13:58:24 | INFO | Added job "ModelScheduler.update_model_task" to job store "default"
2026-05-07 13:58:24 | INFO | Scheduler started
2026-05-07 13:58:24 | INFO | ⏰ Планировщик запущен
2026-05-07 13:58:24 | INFO | Start polling
2026-05-07 13:58:24 | INFO | Run polling for bot @FootPrognosticBot id=8224983369 - 'my_football_bot'
2026-05-07 13:59:15 | ERROR | Failed to fetch updates - TelegramNetworkError: HTTP Client says - ClientOSError: [Errno 1] [SSL: DECRYPTION_FAILED_OR_BAD_RECORD_MAC] decryption failed or bad record mac (_ssl.c:2648)
2026-05-07 13:59:15 | WARNING | Sleep for 1.000000 seconds and try again... (tryings = 0, bot id = 8224983369)
2026-05-07 13:59:27 | INFO | Connection established (tryings = 1, bot id = 8224983369)
2026-05-07 14:07:17 | INFO | Update id=354056090 is handled. Duration 696 ms by bot id=8224983369
2026-05-07 14:07:44 | ERROR | Failed to fetch updates - TelegramNetworkError: HTTP Client says - ServerDisconnectedError: Server disconnected
2026-05-07 14:07:44 | WARNING | Sleep for 1.000000 seconds and try again... (tryings = 0, bot id = 8224983369)
2026-05-07 14:07:44 | INFO | Update id=354056091 is not handled. Duration 19198 ms by bot id=8224983369
2026-05-07 14:07:44 | ERROR | Cause exception while process update id=354056091 by bot id=8224983369
TelegramNetworkError: HTTP Client says - ServerDisconnectedError: Server disconnected
Traceback (most recent call last):
  File "C:\Users\taran\AppData\Local\Programs\Python\Python313\Lib\site-packages\aiogram\client\session\aiohttp.py", line 181, in make_request
    async with session.post(
               ~~~~~~~~~~~~^
        url, data=form, timeout=self.timeout if timeout is None else timeout
        ^^^^^^^^^^^^^^^^^^^^^^^^^^^^^^^^^^^^^^^^^^^^^^^^^^^^^^^^^^^^^^^^^^^^
    ) as resp:
    ^
  File "C:\Users\taran\AppData\Local\Programs\Python\Python313\Lib\site-packages\aiohttp\client.py", line 1360, in __aenter__
    self._resp: _RetType = await self._coro
                           ^^^^^^^^^^^^^^^^
  File "C:\Users\taran\AppData\Local\Programs\Python\Python313\Lib\site-packages\aiohttp\client.py", line 690, in _request
    await resp.start(conn)
  File "C:\Users\taran\AppData\Local\Programs\Python\Python313\Lib\site-packages\aiohttp\client_reqrep.py", line 1059, in start
    message, payload = await protocol.read()  # type: ignore[union-attr]
                       ^^^^^^^^^^^^^^^^^^^^^
  File "C:\Users\taran\AppData\Local\Programs\Python\Python313\Lib\site-packages\aiohttp\streams.py", line 644, in read
    await self._waiter
aiohttp.client_exceptions.ServerDisconnectedError: Server disconnected

During handling of the above exception, another exception occurred:

Traceback (most recent call last):
  File "C:\Users\taran\AppData\Local\Programs\Python\Python313\Lib\site-packages\aiogram\dispatcher\dispatcher.py", line 309, in _process_update
    response = await self.feed_update(bot, update, **kwargs)
               ^^^^^^^^^^^^^^^^^^^^^^^^^^^^^^^^^^^^^^^^^^^^^
  File "C:\Users\taran\AppData\Local\Programs\Python\Python313\Lib\site-packages\aiogram\dispatcher\dispatcher.py", line 158, in feed_update
    response = await self.update.wrap_outer_middleware(
               ^^^^^^^^^^^^^^^^^^^^^^^^^^^^^^^^^^^^^^^^
    ...<7 lines>...
    )
    ^
  File "C:\Users\taran\AppData\Local\Programs\Python\Python313\Lib\site-packages\aiogram\dispatcher\middlewares\error.py", line 25, in __call__
    return await handler(event, data)
           ^^^^^^^^^^^^^^^^^^^^^^^^^^
  File "C:\Users\taran\AppData\Local\Programs\Python\Python313\Lib\site-packages\aiogram\dispatcher\middlewares\user_context.py", line 49, in __call__
    return await handler(event, data)
           ^^^^^^^^^^^^^^^^^^^^^^^^^^
  File "C:\Users\taran\AppData\Local\Programs\Python\Python313\Lib\site-packages\aiogram\fsm\middleware.py", line 42, in __call__
    return await handler(event, data)
           ^^^^^^^^^^^^^^^^^^^^^^^^^^
  File "C:\Users\taran\AppData\Local\Programs\Python\Python313\Lib\site-packages\aiogram\dispatcher\event\telegram.py", line 121, in trigger
    return await wrapped_inner(event, kwargs)
           ^^^^^^^^^^^^^^^^^^^^^^^^^^^^^^^^^^
  File "C:\Users\taran\AppData\Local\Programs\Python\Python313\Lib\site-packages\aiogram\dispatcher\event\handler.py", line 43, in call
    return await wrapped()
           ^^^^^^^^^^^^^^^
  File "C:\Users\taran\AppData\Local\Programs\Python\Python313\Lib\site-packages\aiogram\dispatcher\dispatcher.py", line 276, in _listen_update
    return await self.propagate_event(update_type=update_type, event=event, **kwargs)
           ^^^^^^^^^^^^^^^^^^^^^^^^^^^^^^^^^^^^^^^^^^^^^^^^^^^^^^^^^^^^^^^^^^^^^^^^^^
  File "C:\Users\taran\AppData\Local\Programs\Python\Python313\Lib\site-packages\aiogram\dispatcher\router.py", line 142, in propagate_event
    return await observer.wrap_outer_middleware(_wrapped, event=event, data=kwargs)
           ^^^^^^^^^^^^^^^^^^^^^^^^^^^^^^^^^^^^^^^^^^^^^^^^^^^^^^^^^^^^^^^^^^^^^^^^
  File "C:\Users\taran\AppData\Local\Programs\Python\Python313\Lib\site-packages\aiogram\dispatcher\router.py", line 137, in _wrapped
    return await self._propagate_event(
           ^^^^^^^^^^^^^^^^^^^^^^^^^^^^
        observer=observer, update_type=update_type, event=telegram_event, **data
        ^^^^^^^^^^^^^^^^^^^^^^^^^^^^^^^^^^^^^^^^^^^^^^^^^^^^^^^^^^^^^^^^^^^^^^^^
    )
    ^
  File "C:\Users\taran\AppData\Local\Programs\Python\Python313\Lib\site-packages\aiogram\dispatcher\router.py", line 162, in _propagate_event
    response = await observer.trigger(event, **kwargs)
               ^^^^^^^^^^^^^^^^^^^^^^^^^^^^^^^^^^^^^^^
  File "C:\Users\taran\AppData\Local\Programs\Python\Python313\Lib\site-packages\aiogram\dispatcher\event\telegram.py", line 121, in trigger
    return await wrapped_inner(event, kwargs)
           ^^^^^^^^^^^^^^^^^^^^^^^^^^^^^^^^^^
  File "C:\Users\taran\Training_Main_bot\middleware.py", line 105, in __call__
    return await handler(event, data)
           ^^^^^^^^^^^^^^^^^^^^^^^^^^
  File "C:\Users\taran\AppData\Local\Programs\Python\Python313\Lib\site-packages\aiogram\dispatcher\event\handler.py", line 43, in call
    return await wrapped()
           ^^^^^^^^^^^^^^^
  File "C:\Users\taran\Training_Main_bot\bot.py", line 776, in choose_league
    await message.answer("🏆 <b>Выберите лигу:</b>", reply_markup=get_league_keyboard(), parse_mode="HTML")
  File "C:\Users\taran\AppData\Local\Programs\Python\Python313\Lib\site-packages\aiogram\methods\base.py", line 84, in emit
    return await bot(self)
           ^^^^^^^^^^^^^^^
  File "C:\Users\taran\AppData\Local\Programs\Python\Python313\Lib\site-packages\aiogram\client\bot.py", line 485, in __call__
    return await self.session(self, method, timeout=request_timeout)
           ^^^^^^^^^^^^^^^^^^^^^^^^^^^^^^^^^^^^^^^^^^^^^^^^^^^^^^^^^
  File "C:\Users\taran\AppData\Local\Programs\Python\Python313\Lib\site-packages\aiogram\client\session\base.py", line 254, in __call__
    return cast(TelegramType, await middleware(bot, method))
                              ^^^^^^^^^^^^^^^^^^^^^^^^^^^^^
  File "C:\Users\taran\AppData\Local\Programs\Python\Python313\Lib\site-packages\aiogram\client\session\aiohttp.py", line 188, in make_request
    raise TelegramNetworkError(method=method, message=f"{type(e).__name__}: {e}")
aiogram.exceptions.TelegramNetworkError: HTTP Client says - ServerDisconnectedError: Server disconnected
2026-05-07 14:07:56 | INFO | Connection established (tryings = 1, bot id = 8224983369)
2026-05-07 14:10:42 | INFO | Update id=354056092 is handled. Duration 567 ms by bot id=8224983369
2026-05-07 14:10:51 | INFO | Update id=354056093 is handled. Duration 141 ms by bot id=8224983369
2026-05-07 14:11:15 | INFO | Update id=354056094 is handled. Duration 592 ms by bot id=8224983369
2026-05-07 14:11:25 | INFO | Update id=354056095 is handled. Duration 518 ms by bot id=8224983369
2026-05-07 14:11:31 | INFO | Update id=354056096 is handled. Duration 158 ms by bot id=8224983369
2026-05-07 14:11:34 | INFO | Update id=354056097 is handled. Duration 149 ms by bot id=8224983369
2026-05-07 14:11:44 | INFO | Update id=354056098 is handled. Duration 319 ms by bot id=8224983369
2026-05-07 14:11:51 | INFO | Update id=354056099 is handled. Duration 276 ms by bot id=8224983369
2026-05-07 14:11:57 | INFO | Update id=354056100 is handled. Duration 249 ms by bot id=8224983369
2026-05-07 14:12:02 | INFO | Update id=354056101 is handled. Duration 523 ms by bot id=8224983369
2026-05-07 14:12:32 | INFO | Update id=354056102 is handled. Duration 454 ms by bot id=8224983369
2026-05-07 14:12:40 | INFO | Update id=354056103 is handled. Duration 431 ms by bot id=8224983369
2026-05-07 14:12:44 | INFO | Update id=354056104 is handled. Duration 165 ms by bot id=8224983369
2026-05-07 14:12:52 | INFO | Update id=354056105 is handled. Duration 163 ms by bot id=8224983369
2026-05-07 14:13:02 | INFO | Update id=354056106 is handled. Duration 321 ms by bot id=8224983369
2026-05-07 14:13:06 | INFO | Update id=354056107 is handled. Duration 297 ms by bot id=8224983369
2026-05-07 14:13:10 | INFO | Update id=354056108 is handled. Duration 258 ms by bot id=8224983369
2026-05-07 14:13:12 | INFO | Update id=354056109 is handled. Duration 247 ms by bot id=8224983369
2026-05-07 14:13:16 | INFO | Update id=354056110 is handled. Duration 299 ms by bot id=8224983369
2026-05-07 14:13:21 | INFO | Update id=354056111 is handled. Duration 259 ms by bot id=8224983369
2026-05-07 14:13:23 | INFO | Update id=354056112 is handled. Duration 261 ms by bot id=8224983369
2026-05-07 14:13:30 | INFO | Update id=354056113 is handled. Duration 244 ms by bot id=8224983369
2026-05-07 14:13:35 | INFO | Update id=354056114 is handled. Duration 297 ms by bot id=8224983369
2026-05-07 14:13:41 | INFO | Update id=354056115 is handled. Duration 262 ms by bot id=8224983369
2026-05-07 14:13:49 | INFO | Update id=354056116 is handled. Duration 371 ms by bot id=8224983369
2026-05-07 14:13:53 | INFO | Update id=354056117 is handled. Duration 144 ms by bot id=8224983369
2026-05-07 14:13:55 | INFO | Update id=354056118 is handled. Duration 140 ms by bot id=8224983369
2026-05-07 14:14:04 | INFO | Update id=354056119 is handled. Duration 270 ms by bot id=8224983369
2026-05-07 14:14:12 | INFO | Update id=354056120 is handled. Duration 515 ms by bot id=8224983369
2026-05-07 14:14:29 | INFO | Update id=354056121 is handled. Duration 668 ms by bot id=8224983369
2026-05-07 14:14:33 | INFO | Update id=354056122 is handled. Duration 902 ms by bot id=8224983369
2026-05-07 14:15:42 | ERROR | Failed to fetch updates - TelegramNetworkError: HTTP Client says - ServerDisconnectedError: Server disconnected
2026-05-07 14:15:42 | WARNING | Sleep for 1.000000 seconds and try again... (tryings = 0, bot id = 8224983369)
2026-05-07 14:15:54 | INFO | Connection established (tryings = 1, bot id = 8224983369)
2026-05-07 14:17:44 | ERROR | Failed to fetch updates - TelegramNetworkError: HTTP Client says - ServerDisconnectedError: Server disconnected
2026-05-07 14:17:44 | WARNING | Sleep for 1.000000 seconds and try again... (tryings = 0, bot id = 8224983369)
2026-05-07 14:17:55 | INFO | Connection established (tryings = 1, bot id = 8224983369)
2026-05-07 14:19:46 | ERROR | Failed to fetch updates - TelegramNetworkError: HTTP Client says - ServerDisconnectedError: Server disconnected
2026-05-07 14:19:46 | WARNING | Sleep for 1.000000 seconds and try again... (tryings = 0, bot id = 8224983369)
2026-05-07 14:19:57 | INFO | Connection established (tryings = 1, bot id = 8224983369)
2026-05-07 14:23:19 | ERROR | Failed to fetch updates - TelegramNetworkError: HTTP Client says - ServerDisconnectedError: Server disconnected
2026-05-07 14:23:19 | WARNING | Sleep for 1.000000 seconds and try again... (tryings = 0, bot id = 8224983369)
2026-05-07 14:23:30 | INFO | Connection established (tryings = 1, bot id = 8224983369)
2026-05-07 14:28:13 | ERROR | Failed to fetch updates - TelegramNetworkError: HTTP Client says - ServerDisconnectedError: Server disconnected
2026-05-07 14:28:13 | WARNING | Sleep for 1.000000 seconds and try again... (tryings = 0, bot id = 8224983369)
2026-05-07 14:28:25 | INFO | Connection established (tryings = 1, bot id = 8224983369)
2026-05-07 16:55:22 | ERROR | Failed to fetch updates - TelegramNetworkError: HTTP Client says - ServerDisconnectedError: Server disconnected
2026-05-07 16:55:22 | WARNING | Sleep for 1.000000 seconds and try again... (tryings = 0, bot id = 8224983369)
2026-05-07 16:55:33 | INFO | Connection established (tryings = 1, bot id = 8224983369)
2026-05-07 17:02:17 | ERROR | Failed to fetch updates - TelegramNetworkError: HTTP Client says - ServerDisconnectedError: Server disconnected
2026-05-07 17:02:17 | WARNING | Sleep for 1.000000 seconds and try again... (tryings = 0, bot id = 8224983369)
2026-05-07 17:02:28 | INFO | Connection established (tryings = 1, bot id = 8224983369)
2026-05-07 17:34:51 | ERROR | Failed to fetch updates - TelegramNetworkError: HTTP Client says - ServerDisconnectedError: Server disconnected
2026-05-07 17:34:51 | WARNING | Sleep for 1.000000 seconds and try again... (tryings = 0, bot id = 8224983369)
2026-05-07 17:35:03 | INFO | Connection established (tryings = 1, bot id = 8224983369)
2026-05-09 11:31:48 | INFO | ✅ База данных инициализирована
2026-05-09 11:31:48 | INFO | 🔄 Загрузка моделей и команд...
2026-05-09 11:31:48 | INFO | 📊 Загрузка 🇷🇺 РПЛ...
2026-05-09 11:31:48 | INFO | ✅ Модель загружена: C:\Users\taran\Training_Main_bot\data\rpl\model.pkl
2026-05-09 11:31:48 | INFO |    ↳ Модель загружена из кэша
2026-05-09 11:31:48 | INFO | 📥 Загрузка данных из C:\Users\taran\Training_Main_bot\data\rpl\matches.csv
2026-05-09 11:31:48 | INFO | ✅ Файл прочитан (кодировка: utf-8)
2026-05-09 11:31:50 | INFO | ✅ Дни отдыха рассчитаны
2026-05-09 11:31:50 | INFO | ✅ Загружено 3344 матчей
2026-05-09 11:31:50 | INFO | ✅ 🇷🇺 РПЛ загружена (3344 матчей, 38 команд)
2026-05-09 11:31:50 | INFO | 📊 Загрузка 🇬🇧 Англия: Премьер-лига...
2026-05-09 11:31:50 | INFO | ✅ Модель загружена: C:\Users\taran\Training_Main_bot\data\epl\model.pkl
2026-05-09 11:31:50 | INFO |    ↳ Модель загружена из кэша
2026-05-09 11:31:50 | INFO | 📥 Загрузка данных из C:\Users\taran\Training_Main_bot\data\epl\matches.csv
2026-05-09 11:31:50 | INFO | ✅ Файл прочитан (кодировка: utf-8)
2026-05-09 11:31:51 | INFO | ✅ Дни отдыха рассчитаны
2026-05-09 11:31:51 | INFO | ✅ Загружено 1520 матчей
2026-05-09 11:31:51 | INFO | ✅ 🇬🇧 Англия: Премьер-лига загружена (1520 матчей, 26 команд)
2026-05-09 11:31:51 | INFO | 📊 Загрузка 🇩🇪 Бундеслига...
2026-05-09 11:31:51 | INFO | ✅ Модель загружена: C:\Users\taran\Training_Main_bot\data\bundesliga\model.pkl
2026-05-09 11:31:51 | INFO |    ↳ Модель загружена из кэша
2026-05-09 11:31:51 | INFO | 📥 Загрузка данных из C:\Users\taran\Training_Main_bot\data\bundesliga\matches.csv
2026-05-09 11:31:51 | INFO | ✅ Файл прочитан (кодировка: utf-8)
2026-05-09 11:31:51 | INFO | ✅ Дни отдыха рассчитаны
2026-05-09 11:31:51 | INFO | ✅ Загружено 1224 матчей
2026-05-09 11:31:51 | INFO | ✅ 🇩🇪 Бундеслига загружена (1224 матчей, 22 команд)
2026-05-09 11:31:51 | INFO | 📊 Загрузка 🇮🇹 Серия A...
2026-05-09 11:31:51 | INFO | ✅ Модель загружена: C:\Users\taran\Training_Main_bot\data\seriaA\model.pkl
2026-05-09 11:31:51 | INFO |    ↳ Модель загружена из кэша
2026-05-09 11:31:51 | INFO | 📥 Загрузка данных из C:\Users\taran\Training_Main_bot\data\seriaA\matches.csv
2026-05-09 11:31:52 | INFO | ✅ Файл прочитан (кодировка: utf-8)
2026-05-09 11:31:52 | INFO | ✅ Дни отдыха рассчитаны
2026-05-09 11:31:52 | INFO | ✅ Загружено 1520 матчей
2026-05-09 11:31:52 | INFO | ✅ 🇮🇹 Серия A загружена (1520 матчей, 27 команд)
2026-05-09 11:31:52 | INFO | 📊 Загрузка 🇪🇸 Ла Лига...
2026-05-09 11:31:52 | INFO | ✅ Модель загружена: C:\Users\taran\Training_Main_bot\data\laLiga\model.pkl
2026-05-09 11:31:52 | INFO |    ↳ Модель загружена из кэша
2026-05-09 11:31:52 | INFO | 📥 Загрузка данных из C:\Users\taran\Training_Main_bot\data\laLiga\matches.csv
2026-05-09 11:31:53 | INFO | ✅ Файл прочитан (кодировка: utf-8)
2026-05-09 11:31:53 | INFO | ✅ Дни отдыха рассчитаны
2026-05-09 11:31:53 | INFO | ✅ Загружено 1520 матчей
2026-05-09 11:31:53 | INFO | ✅ 🇪🇸 Ла Лига загружена (1520 матчей, 26 команд)
2026-05-09 11:31:53 | INFO | 📊 Загрузка 🇫🇷 Лига 1...
2026-05-09 11:31:53 | INFO | ✅ Модель загружена: C:\Users\taran\Training_Main_bot\data\ligue1\model.pkl
2026-05-09 11:31:53 | INFO |    ↳ Модель загружена из кэша
2026-05-09 11:31:53 | INFO | 📥 Загрузка данных из C:\Users\taran\Training_Main_bot\data\ligue1\matches.csv
2026-05-09 11:31:53 | INFO | ✅ Файл прочитан (кодировка: utf-8)
2026-05-09 11:31:54 | INFO | ✅ Дни отдыха рассчитаны
2026-05-09 11:31:54 | INFO | ✅ Загружено 1446 матчей
2026-05-09 11:31:54 | INFO | ✅ 🇫🇷 Лига 1 загружена (1446 матчей, 26 команд)
2026-05-09 11:31:54 | INFO | 📊 Загрузка Лига чемпионов 🏆...
2026-05-09 11:31:54 | INFO | ✅ Модель загружена: C:\Users\taran\Training_Main_bot\data\champions_league\model.pkl
2026-05-09 11:31:54 | INFO |    ↳ Модель загружена из кэша
2026-05-09 11:31:54 | INFO | 📥 Загрузка данных из C:\Users\taran\Training_Main_bot\data\champions_league\matches.csv
2026-05-09 11:31:54 | INFO | ✅ Файл прочитан (кодировка: utf-8)
2026-05-09 11:31:54 | INFO | ✅ Дни отдыха рассчитаны
2026-05-09 11:31:54 | INFO | ✅ Загружено 135 матчей
2026-05-09 11:31:54 | INFO | ✅ Лига чемпионов 🏆 загружена (135 матчей, 36 команд)
2026-05-09 11:31:54 | INFO | 📊 Загрузка 🇳🇱 Эредивизи...
2026-05-09 11:31:54 | INFO | ✅ Модель загружена: C:\Users\taran\Training_Main_bot\data\eredivisise\model.pkl
2026-05-09 11:31:54 | INFO |    ↳ Модель загружена из кэша
2026-05-09 11:31:54 | INFO | 📥 Загрузка данных из C:\Users\taran\Training_Main_bot\data\eredivisise\matches.csv
2026-05-09 11:31:55 | INFO | ✅ Файл прочитан (кодировка: utf-8)
2026-05-09 11:31:55 | INFO | ✅ Дни отдыха рассчитаны
2026-05-09 11:31:55 | INFO | ✅ Загружено 1224 матчей
2026-05-09 11:31:55 | INFO | ✅ 🇳🇱 Эредивизи загружена (1224 матчей, 24 команд)
2026-05-09 11:31:55 | INFO | 📊 Загрузка 🇵🇹 Португальская Лига...
2026-05-09 11:31:55 | INFO | ✅ Модель загружена: C:\Users\taran\Training_Main_bot\data\portugueseLiga\model.pkl
2026-05-09 11:31:55 | INFO |    ↳ Модель загружена из кэша
2026-05-09 11:31:55 | INFO | 📥 Загрузка данных из C:\Users\taran\Training_Main_bot\data\portugueseLiga\matches.csv
2026-05-09 11:31:55 | INFO | ✅ Файл прочитан (кодировка: utf-8)
2026-05-09 11:31:56 | INFO | ✅ Дни отдыха рассчитаны
2026-05-09 11:31:56 | INFO | ✅ Загружено 1224 матчей
2026-05-09 11:31:56 | INFO | ✅ 🇵🇹 Португальская Лига загружена (1224 матчей, 24 команд)
2026-05-09 11:31:56 | INFO | 📊 Загрузка 🇦🇷 Аргентина: Примера Дивисьон...
2026-05-09 11:31:56 | INFO | ✅ Модель загружена: C:\Users\taran\Training_Main_bot\data\argentina\model.pkl
2026-05-09 11:31:56 | INFO |    ↳ Модель загружена из кэша
2026-05-09 11:31:56 | INFO | 📥 Загрузка данных из C:\Users\taran\Training_Main_bot\data\argentina\matches.csv
2026-05-09 11:31:56 | INFO | ✅ Файл прочитан (кодировка: utf-8)
2026-05-09 11:31:59 | INFO | ✅ Дни отдыха рассчитаны
2026-05-09 11:31:59 | INFO | ✅ Загружено 6160 матчей
2026-05-09 11:31:59 | INFO | ✅ 🇦🇷 Аргентина: Примера Дивисьон загружена (6160 матчей, 45 команд)
2026-05-09 11:31:59 | INFO | 📊 Загрузка 🇦🇹 Австрия: Бундеслига...
2026-05-09 11:31:59 | INFO | ✅ Модель загружена: C:\Users\taran\Training_Main_bot\data\austria\model.pkl
2026-05-09 11:31:59 | INFO |    ↳ Модель загружена из кэша
2026-05-09 11:31:59 | INFO | 📥 Загрузка данных из C:\Users\taran\Training_Main_bot\data\austria\matches.csv
2026-05-09 11:31:59 | INFO | ✅ Файл прочитан (кодировка: utf-8)
2026-05-09 11:32:00 | INFO | ✅ Дни отдыха рассчитаны
2026-05-09 11:32:00 | INFO | ✅ Загружено 2596 матчей
2026-05-09 11:32:00 | INFO | ✅ 🇦🇹 Австрия: Бундеслига загружена (2596 матчей, 20 команд)
2026-05-09 11:32:00 | INFO | 📊 Загрузка 🇧🇷 Бразилия: Серия А...
2026-05-09 11:32:01 | INFO | ✅ Модель загружена: C:\Users\taran\Training_Main_bot\data\brazil\model.pkl
2026-05-09 11:32:01 | INFO |    ↳ Модель загружена из кэша
2026-05-09 11:32:01 | INFO | 📥 Загрузка данных из C:\Users\taran\Training_Main_bot\data\brazil\matches.csv
2026-05-09 11:32:01 | INFO | ✅ Файл прочитан (кодировка: utf-8)
2026-05-09 11:32:03 | INFO | ✅ Дни отдыха рассчитаны
2026-05-09 11:32:03 | INFO | ✅ Загружено 5417 матчей
2026-05-09 11:32:03 | INFO | ✅ 🇧🇷 Бразилия: Серия А загружена (5417 матчей, 38 команд)
2026-05-09 11:32:03 | INFO | 📊 Загрузка 🇨🇳 Китай: Суперлига...
2026-05-09 11:32:03 | INFO | ✅ Модель загружена: C:\Users\taran\Training_Main_bot\data\china\model.pkl
2026-05-09 11:32:03 | INFO |    ↳ Модель загружена из кэша
2026-05-09 11:32:03 | INFO | 📥 Загрузка данных из C:\Users\taran\Training_Main_bot\data\china\matches.csv
2026-05-09 11:32:03 | INFO | ✅ Файл прочитан (кодировка: utf-8)
2026-05-09 11:32:05 | INFO | ✅ Дни отдыха рассчитаны
2026-05-09 11:32:05 | INFO | ✅ Загружено 2840 матчей
2026-05-09 11:32:05 | INFO | ✅ 🇨🇳 Китай: Суперлига загружена (2840 матчей, 45 команд)
2026-05-09 11:32:05 | INFO | 📊 Загрузка 🇩🇰 Дания: Суперлига...
2026-05-09 11:32:05 | INFO | ✅ Модель загружена: C:\Users\taran\Training_Main_bot\data\dania\model.pkl
2026-05-09 11:32:05 | INFO |    ↳ Модель загружена из кэша
2026-05-09 11:32:05 | INFO | 📥 Загрузка данных из C:\Users\taran\Training_Main_bot\data\dania\matches.csv
2026-05-09 11:32:05 | INFO | ✅ Файл прочитан (кодировка: utf-8)
2026-05-09 11:32:06 | INFO | ✅ Дни отдыха рассчитаны
2026-05-09 11:32:06 | INFO | ✅ Загружено 2910 матчей
2026-05-09 11:32:06 | INFO | ✅ 🇩🇰 Дания: Суперлига загружена (2910 матчей, 21 команд)
2026-05-09 11:32:06 | INFO | 📊 Загрузка 🇫🇮 Финляндия: Вейккауслига...
2026-05-09 11:32:06 | INFO | ✅ Модель загружена: C:\Users\taran\Training_Main_bot\data\finland\model.pkl
2026-05-09 11:32:06 | INFO |    ↳ Модель загружена из кэша
2026-05-09 11:32:06 | INFO | 📥 Загрузка данных из C:\Users\taran\Training_Main_bot\data\finland\matches.csv
2026-05-09 11:32:06 | INFO | ✅ Файл прочитан (кодировка: utf-8)
2026-05-09 11:32:08 | INFO | ✅ Дни отдыха рассчитаны
2026-05-09 11:32:08 | INFO | ✅ Загружено 2550 матчей
2026-05-09 11:32:08 | INFO | ✅ 🇫🇮 Финляндия: Вейккауслига загружена (2550 матчей, 23 команд)
2026-05-09 11:32:08 | INFO | 📊 Загрузка 🇬🇷 Греция: Суперлига...
2026-05-09 11:32:08 | INFO | ✅ Модель загружена: C:\Users\taran\Training_Main_bot\data\greece\model.pkl
2026-05-09 11:32:08 | INFO |    ↳ Модель загружена из кэша
2026-05-09 11:32:08 | INFO | 📥 Загрузка данных из C:\Users\taran\Training_Main_bot\data\greece\matches.csv
2026-05-09 11:32:08 | INFO | ✅ Файл прочитан (кодировка: utf-8)
2026-05-09 11:32:08 | INFO | ✅ Дни отдыха рассчитаны
2026-05-09 11:32:08 | INFO | ✅ Загружено 1200 матчей
2026-05-09 11:32:08 | INFO | ✅ 🇬🇷 Греция: Суперлига загружена (1200 матчей, 20 команд)
2026-05-09 11:32:08 | INFO | 📊 Загрузка 🇯🇵 Япония: Джей-лига...
2026-05-09 11:32:09 | INFO | ✅ Модель загружена: C:\Users\taran\Training_Main_bot\data\japan\model.pkl
2026-05-09 11:32:09 | INFO |    ↳ Модель загружена из кэша
2026-05-09 11:32:09 | INFO | 📥 Загрузка данных из C:\Users\taran\Training_Main_bot\data\japan\matches.csv
2026-05-09 11:32:09 | INFO | ✅ Файл прочитан (кодировка: utf-8)
2026-05-09 11:32:11 | INFO | ✅ Дни отдыха рассчитаны
2026-05-09 11:32:11 | INFO | ✅ Загружено 4523 матчей
2026-05-09 11:32:11 | INFO | ✅ 🇯🇵 Япония: Джей-лига загружена (4523 матчей, 32 команд)
2026-05-09 11:32:11 | INFO | 📊 Загрузка 🇲🇽 Мексика: Лига МХ...
2026-05-09 11:32:11 | INFO | ✅ Модель загружена: C:\Users\taran\Training_Main_bot\data\mexico\model.pkl
2026-05-09 11:32:11 | INFO |    ↳ Модель загружена из кэша
2026-05-09 11:32:11 | INFO | 📥 Загрузка данных из C:\Users\taran\Training_Main_bot\data\mexico\matches.csv
2026-05-09 11:32:11 | INFO | ✅ Файл прочитан (кодировка: utf-8)
2026-05-09 11:32:13 | INFO | ✅ Дни отдыха рассчитаны
2026-05-09 11:32:13 | INFO | ✅ Загружено 4605 матчей
2026-05-09 11:32:13 | INFO | ✅ 🇲🇽 Мексика: Лига МХ загружена (4605 матчей, 25 команд)
2026-05-09 11:32:13 | INFO | 📊 Загрузка 🇳🇴 Норвегия: Элитсерия...
2026-05-09 11:32:13 | INFO | ✅ Модель загружена: C:\Users\taran\Training_Main_bot\data\norway\model.pkl
2026-05-09 11:32:13 | INFO |    ↳ Модель загружена из кэша
2026-05-09 11:32:13 | INFO | 📥 Загрузка данных из C:\Users\taran\Training_Main_bot\data\norway\matches.csv
2026-05-09 11:32:13 | INFO | ✅ Файл прочитан (кодировка: utf-8)
2026-05-09 11:32:15 | INFO | ✅ Дни отдыха рассчитаны
2026-05-09 11:32:15 | INFO | ✅ Загружено 3403 матчей
2026-05-09 11:32:15 | INFO | ✅ 🇳🇴 Норвегия: Элитсерия загружена (3403 матчей, 31 команд)
2026-05-09 11:32:15 | INFO | 📊 Загрузка 🇵🇱 Польша: Экстракласа...
2026-05-09 11:32:15 | INFO | ✅ Модель загружена: C:\Users\taran\Training_Main_bot\data\poland\model.pkl
2026-05-09 11:32:15 | INFO |    ↳ Модель загружена из кэша
2026-05-09 11:32:15 | INFO | 📥 Загрузка данных из C:\Users\taran\Training_Main_bot\data\poland\matches.csv
2026-05-09 11:32:15 | INFO | ✅ Файл прочитан (кодировка: utf-8)
2026-05-09 11:32:17 | INFO | ✅ Дни отдыха рассчитаны
2026-05-09 11:32:17 | INFO | ✅ Загружено 4019 матчей
2026-05-09 11:32:17 | INFO | ✅ 🇵🇱 Польша: Экстракласа загружена (4019 матчей, 35 команд)
2026-05-09 11:32:17 | INFO | 📊 Загрузка 🇷🇴 Румыния: Лига I...
2026-05-09 11:32:17 | INFO | ✅ Модель загружена: C:\Users\taran\Training_Main_bot\data\romania\model.pkl
2026-05-09 11:32:17 | INFO |    ↳ Модель загружена из кэша
2026-05-09 11:32:17 | INFO | 📥 Загрузка данных из C:\Users\taran\Training_Main_bot\data\romania\matches.csv
2026-05-09 11:32:17 | INFO | ✅ Файл прочитан (кодировка: utf-8)
2026-05-09 11:32:19 | INFO | ✅ Дни отдыха рассчитаны
2026-05-09 11:32:19 | INFO | ✅ Загружено 4125 матчей
2026-05-09 11:32:19 | INFO | ✅ 🇷🇴 Румыния: Лига I загружена (4125 матчей, 42 команд)
2026-05-09 11:32:19 | INFO | 📊 Загрузка 🏴󠁧󠁢󠁳󠁣󠁴󠁿 Шотландия: Премьершип...
2026-05-09 11:32:19 | INFO | ✅ Модель загружена: C:\Users\taran\Training_Main_bot\data\scotland\model.pkl
2026-05-09 11:32:19 | INFO |    ↳ Модель загружена из кэша
2026-05-09 11:32:19 | INFO | 📥 Загрузка данных из C:\Users\taran\Training_Main_bot\data\scotland\matches.csv
2026-05-09 11:32:19 | INFO | ✅ Файл прочитан (кодировка: utf-8)
2026-05-09 11:32:20 | INFO | ✅ Дни отдыха рассчитаны
2026-05-09 11:32:20 | INFO | ✅ Загружено 1091 матчей
2026-05-09 11:32:20 | INFO | ✅ 🏴󠁧󠁢󠁳󠁣󠁴󠁿 Шотландия: Премьершип загружена (1091 матчей, 14 команд)
2026-05-09 11:32:20 | INFO | 📊 Загрузка 🇹🇷 Турция: Суперлига...
2026-05-09 11:32:20 | INFO | ✅ Модель загружена: C:\Users\taran\Training_Main_bot\data\turkey\model.pkl
2026-05-09 11:32:20 | INFO |    ↳ Модель загружена из кэша
2026-05-09 11:32:20 | INFO | 📥 Загрузка данных из C:\Users\taran\Training_Main_bot\data\turkey\matches.csv
2026-05-09 11:32:20 | INFO | ✅ Файл прочитан (кодировка: utf-8)
2026-05-09 11:32:21 | INFO | ✅ Дни отдыха рассчитаны
2026-05-09 11:32:21 | INFO | ✅ Загружено 1828 матчей
2026-05-09 11:32:21 | INFO | ✅ 🇹🇷 Турция: Суперлига загружена (1828 матчей, 28 команд)
2026-05-09 11:32:21 | INFO | 📊 Загрузка 🇺🇸 США: МЛС...
2026-05-09 11:32:21 | INFO | ✅ Модель загружена: C:\Users\taran\Training_Main_bot\data\usa\model.pkl
2026-05-09 11:32:21 | INFO |    ↳ Модель загружена из кэша
2026-05-09 11:32:21 | INFO | 📥 Загрузка данных из C:\Users\taran\Training_Main_bot\data\usa\matches.csv
2026-05-09 11:32:22 | INFO | ✅ Файл прочитан (кодировка: utf-8)
2026-05-09 11:32:26 | INFO | ✅ Дни отдыха рассчитаны
2026-05-09 11:32:26 | INFO | ✅ Загружено 5905 матчей
2026-05-09 11:32:26 | INFO | ✅ 🇺🇸 США: МЛС загружена (5905 матчей, 31 команд)
2026-05-09 11:32:26 | INFO | ✅ Загружено 24 моделей, 699 уникальных команд
2026-05-09 11:32:26 | INFO | ✅ Загружена история из 9 прогнозов
2026-05-09 11:32:26 | INFO | Adding job tentatively -- it will be properly scheduled when the scheduler starts
2026-05-09 11:32:26 | INFO | Added job "ModelScheduler.update_model_task" to job store "default"
2026-05-09 11:32:26 | INFO | Scheduler started
2026-05-09 11:32:26 | INFO | ⏰ Планировщик запущен
2026-05-09 11:32:26 | INFO | Start polling
2026-05-09 11:32:27 | INFO | Run polling for bot @FootPrognosticBot id=8224983369 - 'my_football_bot'
2026-05-09 11:54:28 | ERROR | Failed to fetch updates - TelegramNetworkError: HTTP Client says - ServerDisconnectedError: Server disconnected
2026-05-09 11:54:28 | WARNING | Sleep for 1.000000 seconds and try again... (tryings = 0, bot id = 8224983369)
2026-05-09 11:54:56 | INFO | Connection established (tryings = 1, bot id = 8224983369)
2026-05-09 11:55:15 | ERROR | Failed to fetch updates - TelegramNetworkError: HTTP Client says - ServerDisconnectedError: Server disconnected
2026-05-09 11:55:15 | WARNING | Sleep for 1.000000 seconds and try again... (tryings = 0, bot id = 8224983369)
2026-05-09 11:55:35 | INFO | Connection established (tryings = 1, bot id = 8224983369)
2026-05-09 12:19:29 | INFO | Update id=354056123 is handled. Duration 1017 ms by bot id=8224983369
2026-05-09 13:22:00 | ERROR | Failed to fetch updates - TelegramNetworkError: HTTP Client says - ServerDisconnectedError: Server disconnected
2026-05-09 13:22:00 | WARNING | Sleep for 1.000000 seconds and try again... (tryings = 0, bot id = 8224983369)
2026-05-09 13:22:22 | ERROR | Failed to fetch updates - TelegramNetworkError: HTTP Client says - ClientConnectorError: Cannot connect to host api.telegram.org:443 ssl:default [Превышен таймаут семафора]
2026-05-09 13:22:22 | WARNING | Sleep for 1.327051 seconds and try again... (tryings = 1, bot id = 8224983369)
2026-05-09 13:22:33 | INFO | Connection established (tryings = 2, bot id = 8224983369)
2026-05-09 14:40:48 | ERROR | Failed to fetch updates - TelegramNetworkError: HTTP Client says - Request timeout error
2026-05-09 14:40:48 | WARNING | Sleep for 1.000000 seconds and try again... (tryings = 0, bot id = 8224983369)
2026-05-09 14:40:49 | ERROR | Failed to fetch updates - TelegramNetworkError: HTTP Client says - ClientConnectorError: Cannot connect to host api.telegram.org:443 ssl:default [Сетевая папка недоступна. За информацией о разрешении проблем в сети обратитесь к справочной системе Windows]
2026-05-09 14:40:49 | WARNING | Sleep for 1.315904 seconds and try again... (tryings = 1, bot id = 8224983369)
2026-05-09 17:03:44 | ERROR | Failed to fetch updates - TelegramNetworkError: HTTP Client says - ClientConnectorError: Cannot connect to host api.telegram.org:443 ssl:default [Превышен таймаут семафора]
2026-05-09 17:03:44 | WARNING | Sleep for 1.664341 seconds and try again... (tryings = 2, bot id = 8224983369)
2026-05-09 17:03:45 | ERROR | Failed to fetch updates - TelegramNetworkError: HTTP Client says - ClientConnectorDNSError: Cannot connect to host api.telegram.org:443 ssl:default [getaddrinfo failed]
2026-05-09 17:03:45 | WARNING | Sleep for 2.141243 seconds and try again... (tryings = 3, bot id = 8224983369)
2026-05-09 17:03:48 | ERROR | Failed to fetch updates - TelegramNetworkError: HTTP Client says - ClientConnectorDNSError: Cannot connect to host api.telegram.org:443 ssl:default [getaddrinfo failed]
2026-05-09 17:03:48 | WARNING | Sleep for 2.808136 seconds and try again... (tryings = 4, bot id = 8224983369)
2026-05-09 21:03:47 | ERROR | Failed to fetch updates - TelegramNetworkError: HTTP Client says - ClientConnectorError: Cannot connect to host api.telegram.org:443 ssl:default [Превышен таймаут семафора]
2026-05-09 21:03:47 | WARNING | Sleep for 3.672891 seconds and try again... (tryings = 5, bot id = 8224983369)
2026-05-09 21:03:51 | ERROR | Failed to fetch updates - TelegramNetworkError: HTTP Client says - ClientConnectorDNSError: Cannot connect to host api.telegram.org:443 ssl:default [getaddrinfo failed]
2026-05-09 21:03:51 | WARNING | Sleep for 4.653143 seconds and try again... (tryings = 6, bot id = 8224983369)
2026-05-10 01:03:54 | ERROR | Failed to fetch updates - TelegramNetworkError: HTTP Client says - ClientConnectorError: Cannot connect to host api.telegram.org:443 ssl:default [Превышен таймаут семафора]
2026-05-10 01:03:54 | WARNING | Sleep for 5.048684 seconds and try again... (tryings = 7, bot id = 8224983369)
2026-05-10 01:04:20 | ERROR | Failed to fetch updates - TelegramNetworkError: HTTP Client says - ClientConnectorError: Cannot connect to host api.telegram.org:443 ssl:default [Превышен таймаут семафора]
2026-05-10 01:04:20 | WARNING | Sleep for 4.856400 seconds and try again... (tryings = 8, bot id = 8224983369)
2026-05-10 01:04:47 | ERROR | Failed to fetch updates - TelegramNetworkError: HTTP Client says - ClientConnectorError: Cannot connect to host api.telegram.org:443 ssl:default [Превышен таймаут семафора]
2026-05-10 01:04:47 | WARNING | Sleep for 5.093797 seconds and try again... (tryings = 9, bot id = 8224983369)
2026-05-10 01:05:16 | ERROR | Failed to fetch updates - TelegramNetworkError: HTTP Client says - ClientConnectorError: Cannot connect to host api.telegram.org:443 ssl:default [Превышен таймаут семафора]
2026-05-10 01:05:16 | WARNING | Sleep for 5.123307 seconds and try again... (tryings = 10, bot id = 8224983369)
2026-05-10 01:05:47 | ERROR | Failed to fetch updates - TelegramNetworkError: HTTP Client says - ClientConnectorError: Cannot connect to host api.telegram.org:443 ssl:default [Превышен таймаут семафора]
2026-05-10 01:05:47 | WARNING | Sleep for 5.095378 seconds and try again... (tryings = 11, bot id = 8224983369)
2026-05-10 01:06:19 | ERROR | Failed to fetch updates - TelegramNetworkError: HTTP Client says - ClientConnectorError: Cannot connect to host api.telegram.org:443 ssl:default [Превышен таймаут семафора]
2026-05-10 01:06:19 | WARNING | Sleep for 5.056934 seconds and try again... (tryings = 12, bot id = 8224983369)
2026-05-10 01:06:50 | ERROR | Failed to fetch updates - TelegramNetworkError: HTTP Client says - ClientConnectorError: Cannot connect to host api.telegram.org:443 ssl:default [Превышен таймаут семафора]
2026-05-10 01:06:50 | WARNING | Sleep for 4.966416 seconds and try again... (tryings = 13, bot id = 8224983369)
2026-05-10 01:07:19 | ERROR | Failed to fetch updates - TelegramNetworkError: HTTP Client says - ClientConnectorError: Cannot connect to host api.telegram.org:443 ssl:default [Превышен таймаут семафора]
2026-05-10 01:07:19 | WARNING | Sleep for 5.079402 seconds and try again... (tryings = 14, bot id = 8224983369)
2026-05-10 01:07:48 | ERROR | Failed to fetch updates - TelegramNetworkError: HTTP Client says - ClientConnectorError: Cannot connect to host api.telegram.org:443 ssl:default [Превышен таймаут семафора]
2026-05-10 01:07:48 | WARNING | Sleep for 5.119932 seconds and try again... (tryings = 15, bot id = 8224983369)
2026-05-10 01:08:18 | ERROR | Failed to fetch updates - TelegramNetworkError: HTTP Client says - ClientConnectorError: Cannot connect to host api.telegram.org:443 ssl:default [Превышен таймаут семафора]
2026-05-10 01:08:18 | WARNING | Sleep for 4.993671 seconds and try again... (tryings = 16, bot id = 8224983369)
2026-05-10 01:08:56 | ERROR | Failed to fetch updates - TelegramNetworkError: HTTP Client says - ClientConnectorError: Cannot connect to host api.telegram.org:443 ssl:default [Превышен таймаут семафора]
2026-05-10 01:08:56 | WARNING | Sleep for 4.924910 seconds and try again... (tryings = 17, bot id = 8224983369)
2026-05-10 01:09:30 | ERROR | Failed to fetch updates - TelegramNetworkError: HTTP Client says - ClientConnectorError: Cannot connect to host api.telegram.org:443 ssl:default [Превышен таймаут семафора]
2026-05-10 01:09:30 | WARNING | Sleep for 4.872227 seconds and try again... (tryings = 18, bot id = 8224983369)
2026-05-10 01:09:59 | ERROR | Failed to fetch updates - TelegramNetworkError: HTTP Client says - ClientConnectorError: Cannot connect to host api.telegram.org:443 ssl:default [Превышен таймаут семафора]
2026-05-10 01:09:59 | WARNING | Sleep for 5.006870 seconds and try again... (tryings = 19, bot id = 8224983369)
2026-05-10 01:10:28 | ERROR | Failed to fetch updates - TelegramNetworkError: HTTP Client says - ClientConnectorError: Cannot connect to host api.telegram.org:443 ssl:default [Превышен таймаут семафора]
2026-05-10 01:10:28 | WARNING | Sleep for 5.031098 seconds and try again... (tryings = 20, bot id = 8224983369)
2026-05-10 01:10:59 | ERROR | Failed to fetch updates - TelegramNetworkError: HTTP Client says - ClientConnectorError: Cannot connect to host api.telegram.org:443 ssl:default [Превышен таймаут семафора]
2026-05-10 01:10:59 | WARNING | Sleep for 4.886430 seconds and try again... (tryings = 21, bot id = 8224983369)
2026-05-10 01:11:28 | ERROR | Failed to fetch updates - TelegramNetworkError: HTTP Client says - ClientConnectorError: Cannot connect to host api.telegram.org:443 ssl:default [Превышен таймаут семафора]
2026-05-10 01:11:28 | WARNING | Sleep for 5.000175 seconds and try again... (tryings = 22, bot id = 8224983369)
2026-05-10 01:11:57 | ERROR | Failed to fetch updates - TelegramNetworkError: HTTP Client says - ClientConnectorError: Cannot connect to host api.telegram.org:443 ssl:default [Превышен таймаут семафора]
2026-05-10 01:11:57 | WARNING | Sleep for 5.028545 seconds and try again... (tryings = 23, bot id = 8224983369)
2026-05-10 01:12:28 | ERROR | Failed to fetch updates - TelegramNetworkError: HTTP Client says - ClientConnectorError: Cannot connect to host api.telegram.org:443 ssl:default [Превышен таймаут семафора]
2026-05-10 01:12:28 | WARNING | Sleep for 5.119199 seconds and try again... (tryings = 24, bot id = 8224983369)
2026-05-10 01:13:00 | ERROR | Failed to fetch updates - TelegramNetworkError: HTTP Client says - ClientConnectorError: Cannot connect to host api.telegram.org:443 ssl:default [Превышен таймаут семафора]
2026-05-10 01:13:00 | WARNING | Sleep for 4.909933 seconds and try again... (tryings = 25, bot id = 8224983369)
2026-05-10 01:13:29 | ERROR | Failed to fetch updates - TelegramNetworkError: HTTP Client says - ClientConnectorError: Cannot connect to host api.telegram.org:443 ssl:default [Превышен таймаут семафора]
2026-05-10 01:13:29 | WARNING | Sleep for 4.958313 seconds and try again... (tryings = 26, bot id = 8224983369)
2026-05-10 01:13:58 | ERROR | Failed to fetch updates - TelegramNetworkError: HTTP Client says - ClientConnectorError: Cannot connect to host api.telegram.org:443 ssl:default [Превышен таймаут семафора]
2026-05-10 01:13:58 | WARNING | Sleep for 5.372732 seconds and try again... (tryings = 27, bot id = 8224983369)
2026-05-10 01:14:27 | ERROR | Failed to fetch updates - TelegramNetworkError: HTTP Client says - ClientConnectorError: Cannot connect to host api.telegram.org:443 ssl:default [Превышен таймаут семафора]
2026-05-10 01:14:27 | WARNING | Sleep for 4.989853 seconds and try again... (tryings = 28, bot id = 8224983369)
2026-05-10 01:14:56 | ERROR | Failed to fetch updates - TelegramNetworkError: HTTP Client says - ClientConnectorError: Cannot connect to host api.telegram.org:443 ssl:default [Превышен таймаут семафора]
2026-05-10 01:14:56 | WARNING | Sleep for 4.978753 seconds and try again... (tryings = 29, bot id = 8224983369)
2026-05-10 01:15:25 | ERROR | Failed to fetch updates - TelegramNetworkError: HTTP Client says - ClientConnectorError: Cannot connect to host api.telegram.org:443 ssl:default [Превышен таймаут семафора]
2026-05-10 01:15:25 | WARNING | Sleep for 5.058813 seconds and try again... (tryings = 30, bot id = 8224983369)
2026-05-10 01:15:56 | ERROR | Failed to fetch updates - TelegramNetworkError: HTTP Client says - ClientConnectorError: Cannot connect to host api.telegram.org:443 ssl:default [Превышен таймаут семафора]
2026-05-10 01:15:56 | WARNING | Sleep for 4.810343 seconds and try again... (tryings = 31, bot id = 8224983369)
2026-05-10 01:16:25 | ERROR | Failed to fetch updates - TelegramNetworkError: HTTP Client says - ClientConnectorError: Cannot connect to host api.telegram.org:443 ssl:default [Превышен таймаут семафора]
2026-05-10 01:16:25 | WARNING | Sleep for 4.847125 seconds and try again... (tryings = 32, bot id = 8224983369)
2026-05-10 01:17:04 | ERROR | Failed to fetch updates - TelegramNetworkError: HTTP Client says - ClientConnectorError: Cannot connect to host api.telegram.org:443 ssl:default [Превышен таймаут семафора]
2026-05-10 01:17:04 | WARNING | Sleep for 4.873756 seconds and try again... (tryings = 33, bot id = 8224983369)
2026-05-10 01:17:42 | ERROR | Failed to fetch updates - TelegramNetworkError: HTTP Client says - ClientConnectorError: Cannot connect to host api.telegram.org:443 ssl:default [Превышен таймаут семафора]
2026-05-10 01:17:42 | WARNING | Sleep for 5.166908 seconds and try again... (tryings = 34, bot id = 8224983369)
2026-05-10 01:18:21 | ERROR | Failed to fetch updates - TelegramNetworkError: HTTP Client says - ClientConnectorError: Cannot connect to host api.telegram.org:443 ssl:default [Превышен таймаут семафора]
2026-05-10 01:18:21 | WARNING | Sleep for 5.124991 seconds and try again... (tryings = 35, bot id = 8224983369)
2026-05-10 01:18:50 | ERROR | Failed to fetch updates - TelegramNetworkError: HTTP Client says - ClientConnectorError: Cannot connect to host api.telegram.org:443 ssl:default [Превышен таймаут семафора]
2026-05-10 01:18:50 | WARNING | Sleep for 4.978013 seconds and try again... (tryings = 36, bot id = 8224983369)
2026-05-10 01:19:16 | ERROR | Failed to fetch updates - TelegramNetworkError: HTTP Client says - ClientConnectorError: Cannot connect to host api.telegram.org:443 ssl:default [Превышен таймаут семафора]
2026-05-10 01:19:16 | WARNING | Sleep for 4.952500 seconds and try again... (tryings = 37, bot id = 8224983369)
2026-05-10 01:19:45 | ERROR | Failed to fetch updates - TelegramNetworkError: HTTP Client says - ClientConnectorError: Cannot connect to host api.telegram.org:443 ssl:default [Превышен таймаут семафора]
2026-05-10 01:19:45 | WARNING | Sleep for 5.093202 seconds and try again... (tryings = 38, bot id = 8224983369)
2026-05-10 01:20:24 | ERROR | Failed to fetch updates - TelegramNetworkError: HTTP Client says - ClientConnectorError: Cannot connect to host api.telegram.org:443 ssl:default [Превышен таймаут семафора]
2026-05-10 01:20:24 | WARNING | Sleep for 4.961205 seconds and try again... (tryings = 39, bot id = 8224983369)
2026-05-10 01:21:03 | ERROR | Failed to fetch updates - TelegramNetworkError: HTTP Client says - ClientConnectorError: Cannot connect to host api.telegram.org:443 ssl:default [Превышен таймаут семафора]
2026-05-10 01:21:03 | WARNING | Sleep for 4.941656 seconds and try again... (tryings = 40, bot id = 8224983369)
2026-05-10 01:21:32 | ERROR | Failed to fetch updates - TelegramNetworkError: HTTP Client says - ClientConnectorError: Cannot connect to host api.telegram.org:443 ssl:default [Превышен таймаут семафора]
2026-05-10 01:21:32 | WARNING | Sleep for 5.076241 seconds and try again... (tryings = 41, bot id = 8224983369)
2026-05-10 01:22:01 | ERROR | Failed to fetch updates - TelegramNetworkError: HTTP Client says - ClientConnectorError: Cannot connect to host api.telegram.org:443 ssl:default [Превышен таймаут семафора]
2026-05-10 01:22:01 | WARNING | Sleep for 4.933684 seconds and try again... (tryings = 42, bot id = 8224983369)
2026-05-10 01:22:32 | ERROR | Failed to fetch updates - TelegramNetworkError: HTTP Client says - ClientConnectorError: Cannot connect to host api.telegram.org:443 ssl:default [Превышен таймаут семафора]
2026-05-10 01:22:32 | WARNING | Sleep for 5.083936 seconds and try again... (tryings = 43, bot id = 8224983369)
2026-05-10 01:23:06 | ERROR | Failed to fetch updates - TelegramNetworkError: HTTP Client says - ClientConnectorError: Cannot connect to host api.telegram.org:443 ssl:default [Превышен таймаут семафора]
2026-05-10 01:23:06 | WARNING | Sleep for 4.704036 seconds and try again... (tryings = 44, bot id = 8224983369)
2026-05-10 01:23:44 | ERROR | Failed to fetch updates - TelegramNetworkError: HTTP Client says - ClientConnectorError: Cannot connect to host api.telegram.org:443 ssl:default [Превышен таймаут семафора]
2026-05-10 01:23:44 | WARNING | Sleep for 5.165172 seconds and try again... (tryings = 45, bot id = 8224983369)
2026-05-10 01:24:23 | ERROR | Failed to fetch updates - TelegramNetworkError: HTTP Client says - ClientConnectorError: Cannot connect to host api.telegram.org:443 ssl:default [Превышен таймаут семафора]
2026-05-10 01:24:23 | WARNING | Sleep for 4.918737 seconds and try again... (tryings = 46, bot id = 8224983369)
2026-05-10 01:24:57 | ERROR | Failed to fetch updates - TelegramNetworkError: HTTP Client says - ClientConnectorError: Cannot connect to host api.telegram.org:443 ssl:default [Превышен таймаут семафора]
2026-05-10 01:24:57 | WARNING | Sleep for 5.125303 seconds and try again... (tryings = 47, bot id = 8224983369)
2026-05-10 01:25:26 | ERROR | Failed to fetch updates - TelegramNetworkError: HTTP Client says - ClientConnectorError: Cannot connect to host api.telegram.org:443 ssl:default [Превышен таймаут семафора]
2026-05-10 01:25:26 | WARNING | Sleep for 4.939429 seconds and try again... (tryings = 48, bot id = 8224983369)
2026-05-10 01:25:54 | ERROR | Failed to fetch updates - TelegramNetworkError: HTTP Client says - ClientConnectorError: Cannot connect to host api.telegram.org:443 ssl:default [Превышен таймаут семафора]
2026-05-10 01:25:54 | WARNING | Sleep for 4.971915 seconds and try again... (tryings = 49, bot id = 8224983369)
2026-05-10 01:26:23 | ERROR | Failed to fetch updates - TelegramNetworkError: HTTP Client says - ClientConnectorError: Cannot connect to host api.telegram.org:443 ssl:default [Превышен таймаут семафора]
2026-05-10 01:26:23 | WARNING | Sleep for 4.935055 seconds and try again... (tryings = 50, bot id = 8224983369)
2026-05-10 01:27:02 | ERROR | Failed to fetch updates - TelegramNetworkError: HTTP Client says - ClientConnectorError: Cannot connect to host api.telegram.org:443 ssl:default [Превышен таймаут семафора]
2026-05-10 01:27:02 | WARNING | Sleep for 5.011284 seconds and try again... (tryings = 51, bot id = 8224983369)
2026-05-10 01:27:33 | ERROR | Failed to fetch updates - TelegramNetworkError: HTTP Client says - ClientConnectorError: Cannot connect to host api.telegram.org:443 ssl:default [Превышен таймаут семафора]
2026-05-10 01:27:33 | WARNING | Sleep for 5.001063 seconds and try again... (tryings = 52, bot id = 8224983369)
2026-05-10 05:03:59 | ERROR | Failed to fetch updates - TelegramNetworkError: HTTP Client says - Request timeout error
2026-05-10 05:03:59 | WARNING | Sleep for 5.027478 seconds and try again... (tryings = 53, bot id = 8224983369)
2026-05-10 05:03:59 | WARNING | Run time of job "ModelScheduler.update_model_task (trigger: cron[day_of_week='sun', hour='3', minute='0'], next run at: 2026-05-17 03:00:00 MSK)" was missed by 2:03:59.338964
2026-05-10 07:04:02 | ERROR | Failed to fetch updates - TelegramNetworkError: HTTP Client says - ClientConnectorError: Cannot connect to host api.telegram.org:443 ssl:default [Превышен таймаут семафора]
2026-05-10 07:04:02 | WARNING | Sleep for 4.961907 seconds and try again... (tryings = 54, bot id = 8224983369)
2026-05-10 11:21:52 | ERROR | Failed to fetch updates - TelegramNetworkError: HTTP Client says - ClientConnectorError: Cannot connect to host api.telegram.org:443 ssl:default [Превышен таймаут семафора]
2026-05-10 11:21:52 | WARNING | Sleep for 5.034449 seconds and try again... (tryings = 55, bot id = 8224983369)
2026-05-10 11:22:18 | ERROR | Failed to fetch updates - TelegramNetworkError: HTTP Client says - ClientConnectorError: Cannot connect to host api.telegram.org:443 ssl:default [Превышен таймаут семафора]
2026-05-10 11:22:18 | WARNING | Sleep for 4.887634 seconds and try again... (tryings = 56, bot id = 8224983369)
2026-05-10 11:22:38 | ERROR | Failed to fetch updates - TelegramNetworkError: HTTP Client says - ClientConnectorError: Cannot connect to host api.telegram.org:443 ssl:default [Превышен таймаут семафора]
2026-05-10 11:22:38 | WARNING | Sleep for 5.145409 seconds and try again... (tryings = 57, bot id = 8224983369)
2026-05-10 11:23:04 | ERROR | Failed to fetch updates - TelegramNetworkError: HTTP Client says - ClientConnectorError: Cannot connect to host api.telegram.org:443 ssl:default [Превышен таймаут семафора]
2026-05-10 11:23:04 | WARNING | Sleep for 5.014713 seconds and try again... (tryings = 58, bot id = 8224983369)
2026-05-10 11:23:30 | ERROR | Failed to fetch updates - TelegramNetworkError: HTTP Client says - ClientConnectorError: Cannot connect to host api.telegram.org:443 ssl:default [Превышен таймаут семафора]
2026-05-10 11:23:30 | WARNING | Sleep for 5.069097 seconds and try again... (tryings = 59, bot id = 8224983369)
2026-05-10 11:23:56 | ERROR | Failed to fetch updates - TelegramNetworkError: HTTP Client says - ClientConnectorError: Cannot connect to host api.telegram.org:443 ssl:default [Превышен таймаут семафора]
2026-05-10 11:23:56 | WARNING | Sleep for 5.133291 seconds and try again... (tryings = 60, bot id = 8224983369)
2026-05-10 11:24:23 | ERROR | Failed to fetch updates - TelegramNetworkError: HTTP Client says - ClientConnectorError: Cannot connect to host api.telegram.org:443 ssl:default [Превышен таймаут семафора]
2026-05-10 11:24:23 | WARNING | Sleep for 5.058780 seconds and try again... (tryings = 61, bot id = 8224983369)
2026-05-10 11:24:49 | ERROR | Failed to fetch updates - TelegramNetworkError: HTTP Client says - ClientConnectorError: Cannot connect to host api.telegram.org:443 ssl:default [Превышен таймаут семафора]
2026-05-10 11:24:49 | WARNING | Sleep for 4.969503 seconds and try again... (tryings = 62, bot id = 8224983369)
2026-05-10 11:29:40 | ERROR | Failed to fetch updates - TelegramNetworkError: HTTP Client says - ClientConnectorError: Cannot connect to host api.telegram.org:443 ssl:default [Превышен таймаут семафора]
2026-05-10 11:29:40 | WARNING | Sleep for 5.078914 seconds and try again... (tryings = 63, bot id = 8224983369)
2026-05-10 13:29:44 | ERROR | Failed to fetch updates - TelegramNetworkError: HTTP Client says - ClientConnectorError: Cannot connect to host api.telegram.org:443 ssl:default [Превышен таймаут семафора]
2026-05-10 13:29:44 | WARNING | Sleep for 4.839379 seconds and try again... (tryings = 64, bot id = 8224983369)
2026-05-10 15:29:47 | ERROR | Failed to fetch updates - TelegramNetworkError: HTTP Client says - ClientConnectorError: Cannot connect to host api.telegram.org:443 ssl:default [Превышен таймаут семафора]
2026-05-10 15:29:47 | WARNING | Sleep for 4.906735 seconds and try again... (tryings = 65, bot id = 8224983369)
2026-05-10 17:29:51 | ERROR | Failed to fetch updates - TelegramNetworkError: HTTP Client says - ClientConnectorError: Cannot connect to host api.telegram.org:443 ssl:default [Превышен таймаут семафора]
2026-05-10 17:29:51 | WARNING | Sleep for 5.013437 seconds and try again... (tryings = 66, bot id = 8224983369)
2026-05-10 22:13:21 | ERROR | Failed to fetch updates - TelegramNetworkError: HTTP Client says - ClientConnectorError: Cannot connect to host api.telegram.org:443 ssl:default [Превышен таймаут семафора]
2026-05-10 22:13:21 | WARNING | Sleep for 5.141830 seconds and try again... (tryings = 67, bot id = 8224983369)
2026-05-10 22:13:30 | ERROR | Failed to fetch updates - TelegramNetworkError: HTTP Client says - ClientConnectorDNSError: Cannot connect to host api.telegram.org:443 ssl:default [getaddrinfo failed]
2026-05-10 22:13:30 | WARNING | Sleep for 5.058593 seconds and try again... (tryings = 68, bot id = 8224983369)
2026-05-10 22:13:35 | ERROR | Failed to fetch updates - TelegramNetworkError: HTTP Client says - ClientConnectorDNSError: Cannot connect to host api.telegram.org:443 ssl:default [getaddrinfo failed]
2026-05-10 22:13:35 | WARNING | Sleep for 4.863167 seconds and try again... (tryings = 69, bot id = 8224983369)
2026-05-10 22:13:40 | ERROR | Failed to fetch updates - TelegramNetworkError: HTTP Client says - ClientConnectorDNSError: Cannot connect to host api.telegram.org:443 ssl:default [getaddrinfo failed]
2026-05-10 22:13:40 | WARNING | Sleep for 5.020149 seconds and try again... (tryings = 70, bot id = 8224983369)
2026-05-10 22:13:45 | ERROR | Failed to fetch updates - TelegramNetworkError: HTTP Client says - ClientConnectorDNSError: Cannot connect to host api.telegram.org:443 ssl:default [getaddrinfo failed]
2026-05-10 22:13:45 | WARNING | Sleep for 5.167097 seconds and try again... (tryings = 71, bot id = 8224983369)
2026-05-10 22:13:50 | ERROR | Failed to fetch updates - TelegramNetworkError: HTTP Client says - ClientConnectorDNSError: Cannot connect to host api.telegram.org:443 ssl:default [getaddrinfo failed]
2026-05-10 22:13:50 | WARNING | Sleep for 5.125096 seconds and try again... (tryings = 72, bot id = 8224983369)
2026-05-10 22:13:55 | ERROR | Failed to fetch updates - TelegramNetworkError: HTTP Client says - ClientConnectorDNSError: Cannot connect to host api.telegram.org:443 ssl:default [getaddrinfo failed]
2026-05-10 22:13:55 | WARNING | Sleep for 5.034332 seconds and try again... (tryings = 73, bot id = 8224983369)
2026-05-11 00:13:57 | ERROR | Failed to fetch updates - TelegramNetworkError: HTTP Client says - ClientConnectorError: Cannot connect to host api.telegram.org:443 ssl:default [Превышен таймаут семафора]
2026-05-11 00:13:57 | WARNING | Sleep for 5.167976 seconds and try again... (tryings = 74, bot id = 8224983369)
2026-05-11 00:14:20 | ERROR | Failed to fetch updates - TelegramNetworkError: HTTP Client says - ClientConnectorError: Cannot connect to host api.telegram.org:443 ssl:default [Превышен таймаут семафора]
2026-05-11 00:14:20 | WARNING | Sleep for 4.891161 seconds and try again... (tryings = 75, bot id = 8224983369)
2026-05-11 00:14:46 | ERROR | Failed to fetch updates - TelegramNetworkError: HTTP Client says - ClientConnectorError: Cannot connect to host api.telegram.org:443 ssl:default [Превышен таймаут семафора]
2026-05-11 00:14:46 | WARNING | Sleep for 4.964328 seconds and try again... (tryings = 76, bot id = 8224983369)
2026-05-11 00:15:12 | ERROR | Failed to fetch updates - TelegramNetworkError: HTTP Client says - ClientConnectorError: Cannot connect to host api.telegram.org:443 ssl:default [Превышен таймаут семафора]
2026-05-11 00:15:12 | WARNING | Sleep for 5.022032 seconds and try again... (tryings = 77, bot id = 8224983369)
2026-05-11 00:15:38 | ERROR | Failed to fetch updates - TelegramNetworkError: HTTP Client says - ClientConnectorError: Cannot connect to host api.telegram.org:443 ssl:default [Превышен таймаут семафора]
2026-05-11 00:15:38 | WARNING | Sleep for 4.998811 seconds and try again... (tryings = 78, bot id = 8224983369)
2026-05-11 00:16:04 | ERROR | Failed to fetch updates - TelegramNetworkError: HTTP Client says - ClientConnectorError: Cannot connect to host api.telegram.org:443 ssl:default [Превышен таймаут семафора]
2026-05-11 00:16:04 | WARNING | Sleep for 4.916260 seconds and try again... (tryings = 79, bot id = 8224983369)
2026-05-11 00:16:30 | ERROR | Failed to fetch updates - TelegramNetworkError: HTTP Client says - ClientConnectorError: Cannot connect to host api.telegram.org:443 ssl:default [Превышен таймаут семафора]
2026-05-11 00:16:30 | WARNING | Sleep for 5.089983 seconds and try again... (tryings = 80, bot id = 8224983369)
2026-05-11 00:16:56 | ERROR | Failed to fetch updates - TelegramNetworkError: HTTP Client says - ClientConnectorError: Cannot connect to host api.telegram.org:443 ssl:default [Превышен таймаут семафора]
2026-05-11 00:16:56 | WARNING | Sleep for 4.993297 seconds and try again... (tryings = 81, bot id = 8224983369)
2026-05-11 00:17:22 | ERROR | Failed to fetch updates - TelegramNetworkError: HTTP Client says - ClientConnectorError: Cannot connect to host api.telegram.org:443 ssl:default [Превышен таймаут семафора]
2026-05-11 00:17:22 | WARNING | Sleep for 5.152624 seconds and try again... (tryings = 82, bot id = 8224983369)
2026-05-11 00:17:49 | ERROR | Failed to fetch updates - TelegramNetworkError: HTTP Client says - ClientConnectorError: Cannot connect to host api.telegram.org:443 ssl:default [Превышен таймаут семафора]
2026-05-11 00:17:49 | WARNING | Sleep for 4.976558 seconds and try again... (tryings = 83, bot id = 8224983369)
2026-05-11 00:18:15 | ERROR | Failed to fetch updates - TelegramNetworkError: HTTP Client says - ClientConnectorError: Cannot connect to host api.telegram.org:443 ssl:default [Превышен таймаут семафора]
2026-05-11 00:18:15 | WARNING | Sleep for 5.032251 seconds and try again... (tryings = 84, bot id = 8224983369)
2026-05-11 00:18:41 | ERROR | Failed to fetch updates - TelegramNetworkError: HTTP Client says - ClientConnectorError: Cannot connect to host api.telegram.org:443 ssl:default [Превышен таймаут семафора]
2026-05-11 00:18:41 | WARNING | Sleep for 5.037254 seconds and try again... (tryings = 85, bot id = 8224983369)
2026-05-11 00:19:07 | ERROR | Failed to fetch updates - TelegramNetworkError: HTTP Client says - ClientConnectorError: Cannot connect to host api.telegram.org:443 ssl:default [Превышен таймаут семафора]
2026-05-11 00:19:07 | WARNING | Sleep for 5.054161 seconds and try again... (tryings = 86, bot id = 8224983369)
2026-05-11 00:19:33 | ERROR | Failed to fetch updates - TelegramNetworkError: HTTP Client says - ClientConnectorError: Cannot connect to host api.telegram.org:443 ssl:default [Превышен таймаут семафора]
2026-05-11 00:19:33 | WARNING | Sleep for 4.895586 seconds and try again... (tryings = 87, bot id = 8224983369)
2026-05-11 00:19:59 | ERROR | Failed to fetch updates - TelegramNetworkError: HTTP Client says - ClientConnectorError: Cannot connect to host api.telegram.org:443 ssl:default [Превышен таймаут семафора]
2026-05-11 00:19:59 | WARNING | Sleep for 4.883708 seconds and try again... (tryings = 88, bot id = 8224983369)
2026-05-11 00:20:25 | ERROR | Failed to fetch updates - TelegramNetworkError: HTTP Client says - ClientConnectorError: Cannot connect to host api.telegram.org:443 ssl:default [Превышен таймаут семафора]
2026-05-11 00:20:25 | WARNING | Sleep for 4.914684 seconds and try again... (tryings = 89, bot id = 8224983369)
2026-05-11 00:20:51 | ERROR | Failed to fetch updates - TelegramNetworkError: HTTP Client says - ClientConnectorError: Cannot connect to host api.telegram.org:443 ssl:default [Превышен таймаут семафора]
2026-05-11 00:20:51 | WARNING | Sleep for 5.130279 seconds and try again... (tryings = 90, bot id = 8224983369)
2026-05-11 00:21:17 | ERROR | Failed to fetch updates - TelegramNetworkError: HTTP Client says - ClientConnectorError: Cannot connect to host api.telegram.org:443 ssl:default [Превышен таймаут семафора]
2026-05-11 00:21:17 | WARNING | Sleep for 5.120121 seconds and try again... (tryings = 91, bot id = 8224983369)
2026-05-11 00:21:43 | ERROR | Failed to fetch updates - TelegramNetworkError: HTTP Client says - ClientConnectorError: Cannot connect to host api.telegram.org:443 ssl:default [Превышен таймаут семафора]
2026-05-11 00:21:43 | WARNING | Sleep for 5.040973 seconds and try again... (tryings = 92, bot id = 8224983369)
2026-05-11 00:22:09 | ERROR | Failed to fetch updates - TelegramNetworkError: HTTP Client says - ClientConnectorError: Cannot connect to host api.telegram.org:443 ssl:default [Превышен таймаут семафора]
2026-05-11 00:22:09 | WARNING | Sleep for 4.926388 seconds and try again... (tryings = 93, bot id = 8224983369)
2026-05-11 00:22:35 | ERROR | Failed to fetch updates - TelegramNetworkError: HTTP Client says - ClientConnectorError: Cannot connect to host api.telegram.org:443 ssl:default [Превышен таймаут семафора]
2026-05-11 00:22:35 | WARNING | Sleep for 4.915127 seconds and try again... (tryings = 94, bot id = 8224983369)
2026-05-11 00:23:01 | ERROR | Failed to fetch updates - TelegramNetworkError: HTTP Client says - ClientConnectorError: Cannot connect to host api.telegram.org:443 ssl:default [Превышен таймаут семафора]
2026-05-11 00:23:01 | WARNING | Sleep for 5.066966 seconds and try again... (tryings = 95, bot id = 8224983369)
2026-05-11 00:23:27 | ERROR | Failed to fetch updates - TelegramNetworkError: HTTP Client says - ClientConnectorError: Cannot connect to host api.telegram.org:443 ssl:default [Превышен таймаут семафора]
2026-05-11 00:23:27 | WARNING | Sleep for 4.928505 seconds and try again... (tryings = 96, bot id = 8224983369)
2026-05-11 00:23:53 | ERROR | Failed to fetch updates - TelegramNetworkError: HTTP Client says - ClientConnectorError: Cannot connect to host api.telegram.org:443 ssl:default [Превышен таймаут семафора]
2026-05-11 00:23:53 | WARNING | Sleep for 5.078867 seconds and try again... (tryings = 97, bot id = 8224983369)
2026-05-11 00:24:19 | ERROR | Failed to fetch updates - TelegramNetworkError: HTTP Client says - ClientConnectorError: Cannot connect to host api.telegram.org:443 ssl:default [Превышен таймаут семафора]
2026-05-11 00:24:19 | WARNING | Sleep for 4.870562 seconds and try again... (tryings = 98, bot id = 8224983369)
2026-05-11 00:24:45 | ERROR | Failed to fetch updates - TelegramNetworkError: HTTP Client says - ClientConnectorError: Cannot connect to host api.telegram.org:443 ssl:default [Превышен таймаут семафора]
2026-05-11 00:24:45 | WARNING | Sleep for 5.005854 seconds and try again... (tryings = 99, bot id = 8224983369)
2026-05-11 00:25:11 | ERROR | Failed to fetch updates - TelegramNetworkError: HTTP Client says - ClientConnectorError: Cannot connect to host api.telegram.org:443 ssl:default [Превышен таймаут семафора]
2026-05-11 00:25:11 | WARNING | Sleep for 5.110852 seconds and try again... (tryings = 100, bot id = 8224983369)
2026-05-11 00:25:38 | ERROR | Failed to fetch updates - TelegramNetworkError: HTTP Client says - ClientConnectorError: Cannot connect to host api.telegram.org:443 ssl:default [Превышен таймаут семафора]
2026-05-11 00:25:38 | WARNING | Sleep for 4.935534 seconds and try again... (tryings = 101, bot id = 8224983369)
2026-05-11 00:26:04 | ERROR | Failed to fetch updates - TelegramNetworkError: HTTP Client says - ClientConnectorError: Cannot connect to host api.telegram.org:443 ssl:default [Превышен таймаут семафора]
2026-05-11 00:26:04 | WARNING | Sleep for 4.886235 seconds and try again... (tryings = 102, bot id = 8224983369)
2026-05-11 00:26:30 | ERROR | Failed to fetch updates - TelegramNetworkError: HTTP Client says - ClientConnectorError: Cannot connect to host api.telegram.org:443 ssl:default [Превышен таймаут семафора]
2026-05-11 00:26:30 | WARNING | Sleep for 4.864459 seconds and try again... (tryings = 103, bot id = 8224983369)
2026-05-11 00:26:55 | ERROR | Failed to fetch updates - TelegramNetworkError: HTTP Client says - ClientConnectorError: Cannot connect to host api.telegram.org:443 ssl:default [Превышен таймаут семафора]
2026-05-11 00:26:55 | WARNING | Sleep for 5.094229 seconds and try again... (tryings = 104, bot id = 8224983369)
2026-05-11 00:27:22 | ERROR | Failed to fetch updates - TelegramNetworkError: HTTP Client says - ClientConnectorError: Cannot connect to host api.telegram.org:443 ssl:default [Превышен таймаут семафора]
2026-05-11 00:27:22 | WARNING | Sleep for 4.802448 seconds and try again... (tryings = 105, bot id = 8224983369)
2026-05-11 00:27:47 | ERROR | Failed to fetch updates - TelegramNetworkError: HTTP Client says - ClientConnectorError: Cannot connect to host api.telegram.org:443 ssl:default [Превышен таймаут семафора]
2026-05-11 00:27:47 | WARNING | Sleep for 4.967211 seconds and try again... (tryings = 106, bot id = 8224983369)
2026-05-11 00:28:13 | ERROR | Failed to fetch updates - TelegramNetworkError: HTTP Client says - ClientConnectorError: Cannot connect to host api.telegram.org:443 ssl:default [Превышен таймаут семафора]
2026-05-11 00:28:13 | WARNING | Sleep for 5.012650 seconds and try again... (tryings = 107, bot id = 8224983369)
2026-05-11 00:28:40 | ERROR | Failed to fetch updates - TelegramNetworkError: HTTP Client says - ClientConnectorError: Cannot connect to host api.telegram.org:443 ssl:default [Превышен таймаут семафора]
2026-05-11 00:28:40 | WARNING | Sleep for 4.880419 seconds and try again... (tryings = 108, bot id = 8224983369)
2026-05-11 00:29:05 | ERROR | Failed to fetch updates - TelegramNetworkError: HTTP Client says - ClientConnectorError: Cannot connect to host api.telegram.org:443 ssl:default [Превышен таймаут семафора]
2026-05-11 00:29:05 | WARNING | Sleep for 5.108707 seconds and try again... (tryings = 109, bot id = 8224983369)
2026-05-11 02:47:25 | ERROR | Failed to fetch updates - TelegramNetworkError: HTTP Client says - ClientConnectorDNSError: Cannot connect to host api.telegram.org:443 ssl:default [getaddrinfo failed]
2026-05-11 02:47:25 | WARNING | Sleep for 5.025400 seconds and try again... (tryings = 110, bot id = 8224983369)
2026-05-11 02:50:39 | ERROR | Failed to fetch updates - TelegramNetworkError: HTTP Client says - ClientConnectorError: Cannot connect to host api.telegram.org:443 ssl:default [Превышен таймаут семафора]
2026-05-11 02:50:39 | WARNING | Sleep for 5.020043 seconds and try again... (tryings = 111, bot id = 8224983369)
2026-05-11 04:50:39 | ERROR | Failed to fetch updates - TelegramNetworkError: HTTP Client says - ClientConnectorDNSError: Cannot connect to host api.telegram.org:443 ssl:default [getaddrinfo failed]
2026-05-11 04:50:39 | WARNING | Sleep for 4.843911 seconds and try again... (tryings = 112, bot id = 8224983369)
2026-05-11 05:22:42 | ERROR | Failed to fetch updates - TelegramNetworkError: HTTP Client says - ClientConnectorError: Cannot connect to host api.telegram.org:443 ssl:default [Превышен таймаут семафора]
2026-05-11 05:22:42 | WARNING | Sleep for 5.019668 seconds and try again... (tryings = 113, bot id = 8224983369)
2026-05-11 09:22:52 | ERROR | Failed to fetch updates - TelegramNetworkError: HTTP Client says - ClientConnectorError: Cannot connect to host api.telegram.org:443 ssl:default [Превышен таймаут семафора]
2026-05-11 09:22:52 | WARNING | Sleep for 5.065023 seconds and try again... (tryings = 114, bot id = 8224983369)
2026-05-11 09:22:57 | ERROR | Failed to fetch updates - TelegramNetworkError: HTTP Client says - ClientConnectorDNSError: Cannot connect to host api.telegram.org:443 ssl:default [getaddrinfo failed]
2026-05-11 09:22:57 | WARNING | Sleep for 5.022784 seconds and try again... (tryings = 115, bot id = 8224983369)
2026-05-11 15:23:02 | ERROR | Failed to fetch updates - TelegramNetworkError: HTTP Client says - ClientConnectorDNSError: Cannot connect to host api.telegram.org:443 ssl:default [getaddrinfo failed]
2026-05-11 15:23:02 | WARNING | Sleep for 5.026514 seconds and try again... (tryings = 116, bot id = 8224983369)
2026-05-11 15:23:28 | ERROR | Failed to fetch updates - TelegramNetworkError: HTTP Client says - ClientConnectorError: Cannot connect to host api.telegram.org:443 ssl:default [Превышен таймаут семафора]
2026-05-11 15:23:28 | WARNING | Sleep for 5.023809 seconds and try again... (tryings = 117, bot id = 8224983369)
2026-05-11 15:23:50 | ERROR | Failed to fetch updates - TelegramNetworkError: HTTP Client says - ClientConnectorError: Cannot connect to host api.telegram.org:443 ssl:default [Превышен таймаут семафора]
2026-05-11 15:23:50 | WARNING | Sleep for 5.009639 seconds and try again... (tryings = 118, bot id = 8224983369)
2026-05-11 15:24:16 | ERROR | Failed to fetch updates - TelegramNetworkError: HTTP Client says - ClientConnectorError: Cannot connect to host api.telegram.org:443 ssl:default [Превышен таймаут семафора]
2026-05-11 15:24:16 | WARNING | Sleep for 4.828718 seconds and try again... (tryings = 119, bot id = 8224983369)
2026-05-11 15:24:42 | ERROR | Failed to fetch updates - TelegramNetworkError: HTTP Client says - ClientConnectorError: Cannot connect to host api.telegram.org:443 ssl:default [Превышен таймаут семафора]
2026-05-11 15:24:42 | WARNING | Sleep for 4.978201 seconds and try again... (tryings = 120, bot id = 8224983369)
2026-05-11 15:25:08 | ERROR | Failed to fetch updates - TelegramNetworkError: HTTP Client says - ClientConnectorError: Cannot connect to host api.telegram.org:443 ssl:default [Превышен таймаут семафора]
2026-05-11 15:25:08 | WARNING | Sleep for 5.012588 seconds and try again... (tryings = 121, bot id = 8224983369)
2026-05-11 15:25:34 | ERROR | Failed to fetch updates - TelegramNetworkError: HTTP Client says - ClientConnectorError: Cannot connect to host api.telegram.org:443 ssl:default [Превышен таймаут семафора]
2026-05-11 15:25:34 | WARNING | Sleep for 5.029354 seconds and try again... (tryings = 122, bot id = 8224983369)
2026-05-11 15:26:00 | ERROR | Failed to fetch updates - TelegramNetworkError: HTTP Client says - ClientConnectorError: Cannot connect to host api.telegram.org:443 ssl:default [Превышен таймаут семафора]
2026-05-11 15:26:00 | WARNING | Sleep for 4.922843 seconds and try again... (tryings = 123, bot id = 8224983369)
2026-05-11 17:22:59 | ERROR | Failed to fetch updates - TelegramNetworkError: HTTP Client says - ClientConnectorError: Cannot connect to host api.telegram.org:443 ssl:default [Превышен таймаут семафора]
2026-05-11 17:22:59 | WARNING | Sleep for 4.943393 seconds and try again... (tryings = 124, bot id = 8224983369)
2026-05-11 17:26:07 | ERROR | Failed to fetch updates - TelegramNetworkError: HTTP Client says - ClientConnectorError: Cannot connect to host api.telegram.org:443 ssl:default [Превышен таймаут семафора]
2026-05-11 17:26:07 | WARNING | Sleep for 5.159476 seconds and try again... (tryings = 125, bot id = 8224983369)
2026-05-11 17:26:13 | ERROR | Failed to fetch updates - TelegramNetworkError: HTTP Client says - ClientConnectorError: Cannot connect to host api.telegram.org:443 ssl:default [Сетевая папка недоступна. За информацией о разрешении проблем в сети обратитесь к справочной системе Windows]
2026-05-11 17:26:13 | WARNING | Sleep for 4.986760 seconds and try again... (tryings = 126, bot id = 8224983369)
2026-05-11 23:26:19 | ERROR | Failed to fetch updates - TelegramNetworkError: HTTP Client says - ClientConnectorError: Cannot connect to host api.telegram.org:443 ssl:default [Превышен таймаут семафора]
2026-05-11 23:26:20 | WARNING | Sleep for 4.895474 seconds and try again... (tryings = 127, bot id = 8224983369)
2026-05-12 00:06:06 | ERROR | Failed to fetch updates - TelegramNetworkError: HTTP Client says - ClientConnectorError: Cannot connect to host api.telegram.org:443 ssl:default [Превышен таймаут семафора]
2026-05-12 00:06:06 | WARNING | Sleep for 5.270188 seconds and try again... (tryings = 128, bot id = 8224983369)
2026-05-12 04:05:21 | ERROR | Failed to fetch updates - TelegramNetworkError: HTTP Client says - ClientConnectorError: Cannot connect to host api.telegram.org:443 ssl:default [Превышен таймаут семафора]
2026-05-12 04:05:21 | WARNING | Sleep for 5.097823 seconds and try again... (tryings = 129, bot id = 8224983369)
2026-05-12 04:05:27 | ERROR | Failed to fetch updates - TelegramNetworkError: HTTP Client says - ClientConnectorDNSError: Cannot connect to host api.telegram.org:443 ssl:default [getaddrinfo failed]
2026-05-12 04:05:27 | WARNING | Sleep for 4.957358 seconds and try again... (tryings = 130, bot id = 8224983369)
2026-05-12 06:05:27 | ERROR | Failed to fetch updates - TelegramNetworkError: HTTP Client says - ClientConnectorError: Cannot connect to host api.telegram.org:443 ssl:default [Превышен таймаут семафора]
2026-05-12 06:05:27 | WARNING | Sleep for 4.755636 seconds and try again... (tryings = 131, bot id = 8224983369)
2026-05-12 08:05:30 | ERROR | Failed to fetch updates - TelegramNetworkError: HTTP Client says - ClientConnectorError: Cannot connect to host api.telegram.org:443 ssl:default [Превышен таймаут семафора]
2026-05-12 08:05:30 | WARNING | Sleep for 5.190948 seconds and try again... (tryings = 132, bot id = 8224983369)
2026-05-12 08:05:36 | ERROR | Failed to fetch updates - TelegramNetworkError: HTTP Client says - ClientConnectorDNSError: Cannot connect to host api.telegram.org:443 ssl:default [getaddrinfo failed]
2026-05-12 08:05:36 | WARNING | Sleep for 4.916086 seconds and try again... (tryings = 133, bot id = 8224983369)
2026-05-12 13:45:59 | ERROR | Failed to fetch updates - TelegramNetworkError: HTTP Client says - ClientConnectorError: Cannot connect to host api.telegram.org:443 ssl:default [Превышен таймаут семафора]
2026-05-12 13:45:59 | WARNING | Sleep for 4.966000 seconds and try again... (tryings = 134, bot id = 8224983369)
2026-05-12 13:46:25 | ERROR | Failed to fetch updates - TelegramNetworkError: HTTP Client says - ClientConnectorError: Cannot connect to host api.telegram.org:443 ssl:default [Превышен таймаут семафора]
2026-05-12 13:46:25 | WARNING | Sleep for 4.989537 seconds and try again... (tryings = 135, bot id = 8224983369)
2026-05-12 13:46:51 | ERROR | Failed to fetch updates - TelegramNetworkError: HTTP Client says - ClientConnectorError: Cannot connect to host api.telegram.org:443 ssl:default [Превышен таймаут семафора]
2026-05-12 13:46:51 | WARNING | Sleep for 5.134545 seconds and try again... (tryings = 136, bot id = 8224983369)
2026-05-12 13:47:17 | ERROR | Failed to fetch updates - TelegramNetworkError: HTTP Client says - ClientConnectorError: Cannot connect to host api.telegram.org:443 ssl:default [Превышен таймаут семафора]
2026-05-12 13:47:17 | WARNING | Sleep for 5.044344 seconds and try again... (tryings = 137, bot id = 8224983369)
2026-05-12 13:47:43 | ERROR | Failed to fetch updates - TelegramNetworkError: HTTP Client says - ClientConnectorError: Cannot connect to host api.telegram.org:443 ssl:default [Превышен таймаут семафора]
2026-05-12 13:47:43 | WARNING | Sleep for 4.994313 seconds and try again... (tryings = 138, bot id = 8224983369)
2026-05-12 13:48:10 | ERROR | Failed to fetch updates - TelegramNetworkError: HTTP Client says - ClientConnectorError: Cannot connect to host api.telegram.org:443 ssl:default [Превышен таймаут семафора]
2026-05-12 13:48:10 | WARNING | Sleep for 5.124597 seconds and try again... (tryings = 139, bot id = 8224983369)
2026-05-12 13:48:36 | ERROR | Failed to fetch updates - TelegramNetworkError: HTTP Client says - ClientConnectorError: Cannot connect to host api.telegram.org:443 ssl:default [Превышен таймаут семафора]
2026-05-12 13:48:36 | WARNING | Sleep for 4.917688 seconds and try again... (tryings = 140, bot id = 8224983369)
2026-05-12 13:49:02 | ERROR | Failed to fetch updates - TelegramNetworkError: HTTP Client says - ClientConnectorError: Cannot connect to host api.telegram.org:443 ssl:default [Превышен таймаут семафора]
2026-05-12 13:49:02 | WARNING | Sleep for 4.831338 seconds and try again... (tryings = 141, bot id = 8224983369)
2026-05-12 15:32:11 | ERROR | Failed to fetch updates - TelegramNetworkError: HTTP Client says - ClientConnectorError: Cannot connect to host api.telegram.org:443 ssl:default [Превышен таймаут семафора]
2026-05-12 15:32:11 | WARNING | Sleep for 4.918736 seconds and try again... (tryings = 142, bot id = 8224983369)
2026-05-12 15:32:30 | ERROR | Failed to fetch updates - TelegramNetworkError: HTTP Client says - ClientConnectorError: Cannot connect to host api.telegram.org:443 ssl:default [Превышен таймаут семафора]
2026-05-12 15:32:30 | WARNING | Sleep for 5.092985 seconds and try again... (tryings = 143, bot id = 8224983369)
2026-05-12 15:32:57 | ERROR | Failed to fetch updates - TelegramNetworkError: HTTP Client says - ClientConnectorError: Cannot connect to host api.telegram.org:443 ssl:default [Превышен таймаут семафора]
2026-05-12 15:32:57 | WARNING | Sleep for 4.964578 seconds and try again... (tryings = 144, bot id = 8224983369)
2026-05-12 15:33:23 | ERROR | Failed to fetch updates - TelegramNetworkError: HTTP Client says - ClientConnectorError: Cannot connect to host api.telegram.org:443 ssl:default [Превышен таймаут семафора]
2026-05-12 15:33:23 | WARNING | Sleep for 4.994668 seconds and try again... (tryings = 145, bot id = 8224983369)
2026-05-12 15:33:49 | ERROR | Failed to fetch updates - TelegramNetworkError: HTTP Client says - ClientConnectorError: Cannot connect to host api.telegram.org:443 ssl:default [Превышен таймаут семафора]
2026-05-12 15:33:49 | WARNING | Sleep for 5.165041 seconds and try again... (tryings = 146, bot id = 8224983369)
2026-05-12 15:34:15 | ERROR | Failed to fetch updates - TelegramNetworkError: HTTP Client says - ClientConnectorError: Cannot connect to host api.telegram.org:443 ssl:default [Превышен таймаут семафора]
2026-05-12 15:34:15 | WARNING | Sleep for 4.994197 seconds and try again... (tryings = 147, bot id = 8224983369)
2026-05-12 15:34:41 | ERROR | Failed to fetch updates - TelegramNetworkError: HTTP Client says - ClientConnectorError: Cannot connect to host api.telegram.org:443 ssl:default [Превышен таймаут семафора]
2026-05-12 15:34:41 | WARNING | Sleep for 5.149804 seconds and try again... (tryings = 148, bot id = 8224983369)
2026-05-12 15:35:07 | ERROR | Failed to fetch updates - TelegramNetworkError: HTTP Client says - ClientConnectorError: Cannot connect to host api.telegram.org:443 ssl:default [Превышен таймаут семафора]
2026-05-12 15:35:07 | WARNING | Sleep for 4.924144 seconds and try again... (tryings = 149, bot id = 8224983369)
2026-05-12 15:35:33 | ERROR | Failed to fetch updates - TelegramNetworkError: HTTP Client says - ClientConnectorError: Cannot connect to host api.telegram.org:443 ssl:default [Превышен таймаут семафора]
2026-05-12 15:35:33 | WARNING | Sleep for 5.113000 seconds and try again... (tryings = 150, bot id = 8224983369)
2026-05-12 15:35:59 | ERROR | Failed to fetch updates - TelegramNetworkError: HTTP Client says - ClientConnectorError: Cannot connect to host api.telegram.org:443 ssl:default [Превышен таймаут семафора]
2026-05-12 15:35:59 | WARNING | Sleep for 5.062192 seconds and try again... (tryings = 151, bot id = 8224983369)
2026-05-12 15:36:25 | ERROR | Failed to fetch updates - TelegramNetworkError: HTTP Client says - ClientConnectorError: Cannot connect to host api.telegram.org:443 ssl:default [Превышен таймаут семафора]
2026-05-12 15:36:25 | WARNING | Sleep for 5.121354 seconds and try again... (tryings = 152, bot id = 8224983369)
2026-05-12 15:36:39 | INFO | Polling stopped
2026-05-12 15:36:39 | INFO | ⏹️ Планировщик остановлен
2026-05-12 15:36:39 | INFO | Scheduler has been shut down
2026-05-12 15:36:39 | INFO | Polling stopped for bot @FootPrognosticBot id=8224983369 - 'my_football_bot'
2026-05-17 11:13:18 | INFO | ✅ База данных инициализирована
2026-05-17 11:13:18 | INFO | 🔄 Загрузка моделей и команд...
2026-05-17 11:13:18 | INFO | 📊 Загрузка 🇷🇺 РПЛ...
2026-05-17 11:13:18 | INFO | ✅ Модель загружена: C:\Users\taran\Training_Main_bot\data\rpl\model.pkl
2026-05-17 11:13:18 | INFO |    ↳ Модель загружена из кэша
2026-05-17 11:13:18 | INFO | 📥 Загрузка данных из C:\Users\taran\Training_Main_bot\data\rpl\matches.csv
2026-05-17 11:13:18 | INFO | ✅ Файл прочитан (кодировка: utf-8)
2026-05-17 11:13:21 | INFO | ✅ Дни отдыха рассчитаны
2026-05-17 11:13:21 | INFO | ✅ Загружено 3344 матчей
2026-05-17 11:13:21 | INFO | ✅ 🇷🇺 РПЛ загружена (3344 матчей, 38 команд)
2026-05-17 11:13:21 | INFO | 📊 Загрузка 🇬🇧 Англия: Премьер-лига...
2026-05-17 11:13:21 | INFO | ✅ Модель загружена: C:\Users\taran\Training_Main_bot\data\epl\model.pkl
2026-05-17 11:13:21 | INFO |    ↳ Модель загружена из кэша
2026-05-17 11:13:21 | INFO | 📥 Загрузка данных из C:\Users\taran\Training_Main_bot\data\epl\matches.csv
2026-05-17 11:13:21 | INFO | ✅ Файл прочитан (кодировка: utf-8)
2026-05-17 11:13:22 | INFO | ✅ Дни отдыха рассчитаны
2026-05-17 11:13:22 | INFO | ✅ Загружено 1520 матчей
2026-05-17 11:13:22 | INFO | ✅ 🇬🇧 Англия: Премьер-лига загружена (1520 матчей, 26 команд)
2026-05-17 11:13:22 | INFO | 📊 Загрузка 🇩🇪 Бундеслига...
2026-05-17 11:13:22 | INFO | ✅ Модель загружена: C:\Users\taran\Training_Main_bot\data\bundesliga\model.pkl
2026-05-17 11:13:22 | INFO |    ↳ Модель загружена из кэша
2026-05-17 11:13:22 | INFO | 📥 Загрузка данных из C:\Users\taran\Training_Main_bot\data\bundesliga\matches.csv
2026-05-17 11:13:22 | INFO | ✅ Файл прочитан (кодировка: utf-8)
2026-05-17 11:13:23 | INFO | ✅ Дни отдыха рассчитаны
2026-05-17 11:13:23 | INFO | ✅ Загружено 1224 матчей
2026-05-17 11:13:23 | INFO | ✅ 🇩🇪 Бундеслига загружена (1224 матчей, 22 команд)
2026-05-17 11:13:23 | INFO | 📊 Загрузка 🇮🇹 Серия A...
2026-05-17 11:13:23 | INFO | ✅ Модель загружена: C:\Users\taran\Training_Main_bot\data\seriaA\model.pkl
2026-05-17 11:13:23 | INFO |    ↳ Модель загружена из кэша
2026-05-17 11:13:23 | INFO | 📥 Загрузка данных из C:\Users\taran\Training_Main_bot\data\seriaA\matches.csv
2026-05-17 11:13:23 | INFO | ✅ Файл прочитан (кодировка: utf-8)
2026-05-17 11:13:24 | INFO | ✅ Дни отдыха рассчитаны
2026-05-17 11:13:24 | INFO | ✅ Загружено 1520 матчей
2026-05-17 11:13:24 | INFO | ✅ 🇮🇹 Серия A загружена (1520 матчей, 27 команд)
2026-05-17 11:13:24 | INFO | 📊 Загрузка 🇪🇸 Ла Лига...
2026-05-17 11:13:24 | INFO | ✅ Модель загружена: C:\Users\taran\Training_Main_bot\data\laLiga\model.pkl
2026-05-17 11:13:24 | INFO |    ↳ Модель загружена из кэша
2026-05-17 11:13:24 | INFO | 📥 Загрузка данных из C:\Users\taran\Training_Main_bot\data\laLiga\matches.csv
2026-05-17 11:13:24 | INFO | ✅ Файл прочитан (кодировка: utf-8)
2026-05-17 11:13:25 | INFO | ✅ Дни отдыха рассчитаны
2026-05-17 11:13:25 | INFO | ✅ Загружено 1520 матчей
2026-05-17 11:13:25 | INFO | ✅ 🇪🇸 Ла Лига загружена (1520 матчей, 26 команд)
2026-05-17 11:13:25 | INFO | 📊 Загрузка 🇫🇷 Лига 1...
2026-05-17 11:13:25 | INFO | ✅ Модель загружена: C:\Users\taran\Training_Main_bot\data\ligue1\model.pkl
2026-05-17 11:13:25 | INFO |    ↳ Модель загружена из кэша
2026-05-17 11:13:25 | INFO | 📥 Загрузка данных из C:\Users\taran\Training_Main_bot\data\ligue1\matches.csv
2026-05-17 11:13:25 | INFO | ✅ Файл прочитан (кодировка: utf-8)
2026-05-17 11:13:26 | INFO | ✅ Дни отдыха рассчитаны
2026-05-17 11:13:26 | INFO | ✅ Загружено 1446 матчей
2026-05-17 11:13:26 | INFO | ✅ 🇫🇷 Лига 1 загружена (1446 матчей, 26 команд)
2026-05-17 11:13:26 | INFO | 📊 Загрузка Лига чемпионов 🏆...
2026-05-17 11:13:26 | INFO | ✅ Модель загружена: C:\Users\taran\Training_Main_bot\data\champions_league\model.pkl
2026-05-17 11:13:26 | INFO |    ↳ Модель загружена из кэша
2026-05-17 11:13:26 | INFO | 📥 Загрузка данных из C:\Users\taran\Training_Main_bot\data\champions_league\matches.csv
2026-05-17 11:13:26 | INFO | ✅ Файл прочитан (кодировка: utf-8)
2026-05-17 11:13:27 | INFO | ✅ Дни отдыха рассчитаны
2026-05-17 11:13:27 | INFO | ✅ Загружено 135 матчей
2026-05-17 11:13:27 | INFO | ✅ Лига чемпионов 🏆 загружена (135 матчей, 36 команд)
2026-05-17 11:13:27 | INFO | 📊 Загрузка 🇳🇱 Эредивизи...
2026-05-17 11:13:27 | INFO | ✅ Модель загружена: C:\Users\taran\Training_Main_bot\data\eredivisise\model.pkl
2026-05-17 11:13:27 | INFO |    ↳ Модель загружена из кэша
2026-05-17 11:13:27 | INFO | 📥 Загрузка данных из C:\Users\taran\Training_Main_bot\data\eredivisise\matches.csv
2026-05-17 11:13:27 | INFO | ✅ Файл прочитан (кодировка: utf-8)
2026-05-17 11:13:28 | INFO | ✅ Дни отдыха рассчитаны
2026-05-17 11:13:28 | INFO | ✅ Загружено 1224 матчей
2026-05-17 11:13:28 | INFO | ✅ 🇳🇱 Эредивизи загружена (1224 матчей, 24 команд)
2026-05-17 11:13:28 | INFO | 📊 Загрузка 🇵🇹 Португальская Лига...
2026-05-17 11:13:28 | INFO | ✅ Модель загружена: C:\Users\taran\Training_Main_bot\data\portugueseLiga\model.pkl
2026-05-17 11:13:28 | INFO |    ↳ Модель загружена из кэша
2026-05-17 11:13:28 | INFO | 📥 Загрузка данных из C:\Users\taran\Training_Main_bot\data\portugueseLiga\matches.csv
2026-05-17 11:13:28 | INFO | ✅ Файл прочитан (кодировка: utf-8)
2026-05-17 11:13:29 | INFO | ✅ Дни отдыха рассчитаны
2026-05-17 11:13:29 | INFO | ✅ Загружено 1224 матчей
2026-05-17 11:13:29 | INFO | ✅ 🇵🇹 Португальская Лига загружена (1224 матчей, 24 команд)
2026-05-17 11:13:29 | INFO | 📊 Загрузка 🇦🇷 Аргентина: Примера Дивисьон...
2026-05-17 11:13:29 | INFO | ✅ Модель загружена: C:\Users\taran\Training_Main_bot\data\argentina\model.pkl
2026-05-17 11:13:29 | INFO |    ↳ Модель загружена из кэша
2026-05-17 11:13:29 | INFO | 📥 Загрузка данных из C:\Users\taran\Training_Main_bot\data\argentina\matches.csv
2026-05-17 11:13:29 | INFO | ✅ Файл прочитан (кодировка: utf-8)
2026-05-17 11:13:33 | INFO | ✅ Дни отдыха рассчитаны
2026-05-17 11:13:33 | INFO | ✅ Загружено 6160 матчей
2026-05-17 11:13:33 | INFO | ✅ 🇦🇷 Аргентина: Примера Дивисьон загружена (6160 матчей, 45 команд)
2026-05-17 11:13:33 | INFO | 📊 Загрузка 🇦🇹 Австрия: Бундеслига...
2026-05-17 11:13:33 | INFO | ✅ Модель загружена: C:\Users\taran\Training_Main_bot\data\austria\model.pkl
2026-05-17 11:13:33 | INFO |    ↳ Модель загружена из кэша
2026-05-17 11:13:33 | INFO | 📥 Загрузка данных из C:\Users\taran\Training_Main_bot\data\austria\matches.csv
2026-05-17 11:13:33 | INFO | ✅ Файл прочитан (кодировка: utf-8)
2026-05-17 11:13:35 | INFO | ✅ Дни отдыха рассчитаны
2026-05-17 11:13:35 | INFO | ✅ Загружено 2596 матчей
2026-05-17 11:13:35 | INFO | ✅ 🇦🇹 Австрия: Бундеслига загружена (2596 матчей, 20 команд)
2026-05-17 11:13:35 | INFO | 📊 Загрузка 🇧🇷 Бразилия: Серия А...
2026-05-17 11:13:35 | INFO | ✅ Модель загружена: C:\Users\taran\Training_Main_bot\data\brazil\model.pkl
2026-05-17 11:13:35 | INFO |    ↳ Модель загружена из кэша
2026-05-17 11:13:35 | INFO | 📥 Загрузка данных из C:\Users\taran\Training_Main_bot\data\brazil\matches.csv
2026-05-17 11:13:36 | INFO | ✅ Файл прочитан (кодировка: utf-8)
2026-05-17 11:13:39 | INFO | ✅ Дни отдыха рассчитаны
2026-05-17 11:13:39 | INFO | ✅ Загружено 5417 матчей
2026-05-17 11:13:39 | INFO | ✅ 🇧🇷 Бразилия: Серия А загружена (5417 матчей, 38 команд)
2026-05-17 11:13:39 | INFO | 📊 Загрузка 🇨🇳 Китай: Суперлига...
2026-05-17 11:13:39 | INFO | ✅ Модель загружена: C:\Users\taran\Training_Main_bot\data\china\model.pkl
2026-05-17 11:13:39 | INFO |    ↳ Модель загружена из кэша
2026-05-17 11:13:39 | INFO | 📥 Загрузка данных из C:\Users\taran\Training_Main_bot\data\china\matches.csv
2026-05-17 11:13:40 | INFO | ✅ Файл прочитан (кодировка: utf-8)
2026-05-17 11:13:41 | INFO | ✅ Дни отдыха рассчитаны
2026-05-17 11:13:41 | INFO | ✅ Загружено 2840 матчей
2026-05-17 11:13:41 | INFO | ✅ 🇨🇳 Китай: Суперлига загружена (2840 матчей, 45 команд)
2026-05-17 11:13:41 | INFO | 📊 Загрузка 🇩🇰 Дания: Суперлига...
2026-05-17 11:13:41 | INFO | ✅ Модель загружена: C:\Users\taran\Training_Main_bot\data\dania\model.pkl
2026-05-17 11:13:41 | INFO |    ↳ Модель загружена из кэша
2026-05-17 11:13:41 | INFO | 📥 Загрузка данных из C:\Users\taran\Training_Main_bot\data\dania\matches.csv
2026-05-17 11:13:42 | INFO | ✅ Файл прочитан (кодировка: utf-8)
2026-05-17 11:13:43 | INFO | ✅ Дни отдыха рассчитаны
2026-05-17 11:13:43 | INFO | ✅ Загружено 2910 матчей
2026-05-17 11:13:43 | INFO | ✅ 🇩🇰 Дания: Суперлига загружена (2910 матчей, 21 команд)
2026-05-17 11:13:43 | INFO | 📊 Загрузка 🇫🇮 Финляндия: Вейккауслига...
2026-05-17 11:13:43 | INFO | ✅ Модель загружена: C:\Users\taran\Training_Main_bot\data\finland\model.pkl
2026-05-17 11:13:43 | INFO |    ↳ Модель загружена из кэша
2026-05-17 11:13:43 | INFO | 📥 Загрузка данных из C:\Users\taran\Training_Main_bot\data\finland\matches.csv
2026-05-17 11:13:43 | INFO | ✅ Файл прочитан (кодировка: utf-8)
2026-05-17 11:13:45 | INFO | ✅ Дни отдыха рассчитаны
2026-05-17 11:13:45 | INFO | ✅ Загружено 2550 матчей
2026-05-17 11:13:45 | INFO | ✅ 🇫🇮 Финляндия: Вейккауслига загружена (2550 матчей, 23 команд)
2026-05-17 11:13:45 | INFO | 📊 Загрузка 🇬🇷 Греция: Суперлига...
2026-05-17 11:13:45 | INFO | ✅ Модель загружена: C:\Users\taran\Training_Main_bot\data\greece\model.pkl
2026-05-17 11:13:45 | INFO |    ↳ Модель загружена из кэша
2026-05-17 11:13:45 | INFO | 📥 Загрузка данных из C:\Users\taran\Training_Main_bot\data\greece\matches.csv
2026-05-17 11:13:45 | INFO | ✅ Файл прочитан (кодировка: utf-8)
2026-05-17 11:13:46 | INFO | ✅ Дни отдыха рассчитаны
2026-05-17 11:13:46 | INFO | ✅ Загружено 1200 матчей
2026-05-17 11:13:46 | INFO | ✅ 🇬🇷 Греция: Суперлига загружена (1200 матчей, 20 команд)
2026-05-17 11:13:46 | INFO | 📊 Загрузка 🇯🇵 Япония: Джей-лига...
2026-05-17 11:13:47 | INFO | ✅ Модель загружена: C:\Users\taran\Training_Main_bot\data\japan\model.pkl
2026-05-17 11:13:47 | INFO |    ↳ Модель загружена из кэша
2026-05-17 11:13:47 | INFO | 📥 Загрузка данных из C:\Users\taran\Training_Main_bot\data\japan\matches.csv
2026-05-17 11:13:47 | INFO | ✅ Файл прочитан (кодировка: utf-8)
2026-05-17 11:13:51 | INFO | ✅ Дни отдыха рассчитаны
2026-05-17 11:13:51 | INFO | ✅ Загружено 4523 матчей
2026-05-17 11:13:51 | INFO | ✅ 🇯🇵 Япония: Джей-лига загружена (4523 матчей, 32 команд)
2026-05-17 11:13:51 | INFO | 📊 Загрузка 🇲🇽 Мексика: Лига МХ...
2026-05-17 11:13:51 | INFO | ✅ Модель загружена: C:\Users\taran\Training_Main_bot\data\mexico\model.pkl
2026-05-17 11:13:51 | INFO |    ↳ Модель загружена из кэша
2026-05-17 11:13:51 | INFO | 📥 Загрузка данных из C:\Users\taran\Training_Main_bot\data\mexico\matches.csv
2026-05-17 11:13:51 | INFO | ✅ Файл прочитан (кодировка: utf-8)
2026-05-17 11:13:54 | INFO | ✅ Дни отдыха рассчитаны
2026-05-17 11:13:54 | INFO | ✅ Загружено 4605 матчей
2026-05-17 11:13:54 | INFO | ✅ 🇲🇽 Мексика: Лига МХ загружена (4605 матчей, 25 команд)
2026-05-17 11:13:54 | INFO | 📊 Загрузка 🇳🇴 Норвегия: Элитсерия...
2026-05-17 11:13:54 | INFO | ✅ Модель загружена: C:\Users\taran\Training_Main_bot\data\norway\model.pkl
2026-05-17 11:13:54 | INFO |    ↳ Модель загружена из кэша
2026-05-17 11:13:54 | INFO | 📥 Загрузка данных из C:\Users\taran\Training_Main_bot\data\norway\matches.csv
2026-05-17 11:13:55 | INFO | ✅ Файл прочитан (кодировка: utf-8)
2026-05-17 11:13:57 | INFO | ✅ Дни отдыха рассчитаны
2026-05-17 11:13:57 | INFO | ✅ Загружено 3403 матчей
2026-05-17 11:13:57 | INFO | ✅ 🇳🇴 Норвегия: Элитсерия загружена (3403 матчей, 31 команд)
2026-05-17 11:13:57 | INFO | 📊 Загрузка 🇵🇱 Польша: Экстракласа...
2026-05-17 11:13:57 | INFO | ✅ Модель загружена: C:\Users\taran\Training_Main_bot\data\poland\model.pkl
2026-05-17 11:13:57 | INFO |    ↳ Модель загружена из кэша
2026-05-17 11:13:57 | INFO | 📥 Загрузка данных из C:\Users\taran\Training_Main_bot\data\poland\matches.csv
2026-05-17 11:13:57 | INFO | ✅ Файл прочитан (кодировка: utf-8)
2026-05-17 11:14:01 | INFO | ✅ Дни отдыха рассчитаны
2026-05-17 11:14:01 | INFO | ✅ Загружено 4019 матчей
2026-05-17 11:14:01 | INFO | ✅ 🇵🇱 Польша: Экстракласа загружена (4019 матчей, 35 команд)
2026-05-17 11:14:01 | INFO | 📊 Загрузка 🇷🇴 Румыния: Лига I...
2026-05-17 11:14:01 | INFO | ✅ Модель загружена: C:\Users\taran\Training_Main_bot\data\romania\model.pkl
2026-05-17 11:14:01 | INFO |    ↳ Модель загружена из кэша
2026-05-17 11:14:01 | INFO | 📥 Загрузка данных из C:\Users\taran\Training_Main_bot\data\romania\matches.csv
2026-05-17 11:14:01 | INFO | ✅ Файл прочитан (кодировка: utf-8)
2026-05-17 11:14:04 | INFO | ✅ Дни отдыха рассчитаны
2026-05-17 11:14:04 | INFO | ✅ Загружено 4125 матчей
2026-05-17 11:14:04 | INFO | ✅ 🇷🇴 Румыния: Лига I загружена (4125 матчей, 42 команд)
2026-05-17 11:14:04 | INFO | 📊 Загрузка 🏴󠁧󠁢󠁳󠁣󠁴󠁿 Шотландия: Премьершип...
2026-05-17 11:14:04 | INFO | ✅ Модель загружена: C:\Users\taran\Training_Main_bot\data\scotland\model.pkl
2026-05-17 11:14:04 | INFO |    ↳ Модель загружена из кэша
2026-05-17 11:14:04 | INFO | 📥 Загрузка данных из C:\Users\taran\Training_Main_bot\data\scotland\matches.csv
2026-05-17 11:14:04 | INFO | ✅ Файл прочитан (кодировка: utf-8)
2026-05-17 11:14:05 | INFO | ✅ Дни отдыха рассчитаны
2026-05-17 11:14:05 | INFO | ✅ Загружено 1091 матчей
2026-05-17 11:14:05 | INFO | ✅ 🏴󠁧󠁢󠁳󠁣󠁴󠁿 Шотландия: Премьершип загружена (1091 матчей, 14 команд)
2026-05-17 11:14:05 | INFO | 📊 Загрузка 🇹🇷 Турция: Суперлига...
2026-05-17 11:14:05 | INFO | ✅ Модель загружена: C:\Users\taran\Training_Main_bot\data\turkey\model.pkl
2026-05-17 11:14:05 | INFO |    ↳ Модель загружена из кэша
2026-05-17 11:14:05 | INFO | 📥 Загрузка данных из C:\Users\taran\Training_Main_bot\data\turkey\matches.csv
2026-05-17 11:14:05 | INFO | ✅ Файл прочитан (кодировка: utf-8)
2026-05-17 11:14:06 | INFO | ✅ Дни отдыха рассчитаны
2026-05-17 11:14:06 | INFO | ✅ Загружено 1828 матчей
2026-05-17 11:14:06 | INFO | ✅ 🇹🇷 Турция: Суперлига загружена (1828 матчей, 28 команд)
2026-05-17 11:14:06 | INFO | 📊 Загрузка 🇺🇸 США: МЛС...
2026-05-17 11:14:06 | INFO | ✅ Модель загружена: C:\Users\taran\Training_Main_bot\data\usa\model.pkl
2026-05-17 11:14:06 | INFO |    ↳ Модель загружена из кэша
2026-05-17 11:14:06 | INFO | 📥 Загрузка данных из C:\Users\taran\Training_Main_bot\data\usa\matches.csv
2026-05-17 11:14:06 | INFO | ✅ Файл прочитан (кодировка: utf-8)
2026-05-17 11:14:10 | INFO | ✅ Дни отдыха рассчитаны
2026-05-17 11:14:10 | INFO | ✅ Загружено 5905 матчей
2026-05-17 11:14:10 | INFO | ✅ 🇺🇸 США: МЛС загружена (5905 матчей, 31 команд)
2026-05-17 11:14:10 | INFO | ✅ Загружено 24 моделей, 699 уникальных команд
2026-05-17 11:14:10 | INFO | ✅ Загружена история из 9 прогнозов
2026-05-17 11:14:10 | INFO | Adding job tentatively -- it will be properly scheduled when the scheduler starts
2026-05-17 11:14:10 | INFO | Added job "ModelScheduler.update_model_task" to job store "default"
2026-05-17 11:14:10 | INFO | Scheduler started
2026-05-17 11:14:10 | INFO | ⏰ Планировщик запущен
2026-05-17 11:14:10 | INFO | Start polling
2026-05-17 11:14:10 | INFO | Run polling for bot @FootPrognosticBot id=8224983369 - 'my_football_bot'
2026-05-17 12:01:05 | INFO | Update id=354056125 is handled. Duration 324 ms by bot id=8224983369
2026-05-17 12:01:08 | INFO | Update id=354056126 is handled. Duration 99 ms by bot id=8224983369
2026-05-17 12:01:25 | INFO | Update id=354056127 is handled. Duration 805 ms by bot id=8224983369
2026-05-17 12:01:30 | INFO | Update id=354056128 is handled. Duration 180 ms by bot id=8224983369
2026-05-17 12:01:32 | INFO | Update id=354056129 is handled. Duration 187 ms by bot id=8224983369
2026-05-17 12:01:38 | INFO | Update id=354056130 is handled. Duration 170 ms by bot id=8224983369
2026-05-17 12:01:40 | INFO | Update id=354056131 is handled. Duration 362 ms by bot id=8224983369
2026-05-17 12:03:14 | INFO | Update id=354056132 is not handled. Duration 2205 ms by bot id=8224983369
2026-05-17 12:03:14 | ERROR | Cause exception while process update id=354056132 by bot id=8224983369
TelegramNetworkError: HTTP Client says - ClientConnectorError: Cannot connect to host api.telegram.org:443 ssl:default [None]
Traceback (most recent call last):
  File "C:\Users\taran\AppData\Local\Programs\Python\Python313\Lib\site-packages\aiohttp\connector.py", line 1116, in _wrap_create_connection
    return await self._loop.create_connection(*args, **kwargs, sock=sock)
           ^^^^^^^^^^^^^^^^^^^^^^^^^^^^^^^^^^^^^^^^^^^^^^^^^^^^^^^^^^^^^^
  File "C:\Users\taran\AppData\Local\Programs\Python\Python313\Lib\asyncio\base_events.py", line 1193, in create_connection
    transport, protocol = await self._create_connection_transport(
                          ^^^^^^^^^^^^^^^^^^^^^^^^^^^^^^^^^^^^^^^^
    ...<2 lines>...
        ssl_shutdown_timeout=ssl_shutdown_timeout)
        ^^^^^^^^^^^^^^^^^^^^^^^^^^^^^^^^^^^^^^^^^^
  File "C:\Users\taran\AppData\Local\Programs\Python\Python313\Lib\asyncio\base_events.py", line 1226, in _create_connection_transport
    await waiter
  File "C:\Users\taran\AppData\Local\Programs\Python\Python313\Lib\asyncio\sslproto.py", line 581, in _on_handshake_complete
    raise handshake_exc
ConnectionResetError

The above exception was the direct cause of the following exception:

Traceback (most recent call last):
  File "C:\Users\taran\AppData\Local\Programs\Python\Python313\Lib\site-packages\aiogram\client\session\aiohttp.py", line 181, in make_request
    async with session.post(
               ~~~~~~~~~~~~^
        url, data=form, timeout=self.timeout if timeout is None else timeout
        ^^^^^^^^^^^^^^^^^^^^^^^^^^^^^^^^^^^^^^^^^^^^^^^^^^^^^^^^^^^^^^^^^^^^
    ) as resp:
    ^
  File "C:\Users\taran\AppData\Local\Programs\Python\Python313\Lib\site-packages\aiohttp\client.py", line 1360, in __aenter__
    self._resp: _RetType = await self._coro
                           ^^^^^^^^^^^^^^^^
  File "C:\Users\taran\AppData\Local\Programs\Python\Python313\Lib\site-packages\aiohttp\client.py", line 663, in _request
    conn = await self._connector.connect(
           ^^^^^^^^^^^^^^^^^^^^^^^^^^^^^^
        req, traces=traces, timeout=real_timeout
        ^^^^^^^^^^^^^^^^^^^^^^^^^^^^^^^^^^^^^^^^
    )
    ^
  File "C:\Users\taran\AppData\Local\Programs\Python\Python313\Lib\site-packages\aiohttp\connector.py", line 538, in connect
    proto = await self._create_connection(req, traces, timeout)
            ^^^^^^^^^^^^^^^^^^^^^^^^^^^^^^^^^^^^^^^^^^^^^^^^^^^
  File "C:\Users\taran\AppData\Local\Programs\Python\Python313\Lib\site-packages\aiohttp\connector.py", line 1050, in _create_connection
    _, proto = await self._create_direct_connection(req, traces, timeout)
               ^^^^^^^^^^^^^^^^^^^^^^^^^^^^^^^^^^^^^^^^^^^^^^^^^^^^^^^^^^
  File "C:\Users\taran\AppData\Local\Programs\Python\Python313\Lib\site-packages\aiohttp\connector.py", line 1384, in _create_direct_connection
    raise last_exc
  File "C:\Users\taran\AppData\Local\Programs\Python\Python313\Lib\site-packages\aiohttp\connector.py", line 1353, in _create_direct_connection
    transp, proto = await self._wrap_create_connection(
                    ^^^^^^^^^^^^^^^^^^^^^^^^^^^^^^^^^^^
    ...<7 lines>...
    )
    ^
  File "C:\Users\taran\AppData\Local\Programs\Python\Python313\Lib\site-packages\aiohttp\connector.py", line 1124, in _wrap_create_connection
    raise client_error(req.connection_key, exc) from exc
aiohttp.client_exceptions.ClientConnectorError: Cannot connect to host api.telegram.org:443 ssl:default [None]

During handling of the above exception, another exception occurred:

Traceback (most recent call last):
  File "C:\Users\taran\AppData\Local\Programs\Python\Python313\Lib\site-packages\aiogram\dispatcher\dispatcher.py", line 309, in _process_update
    response = await self.feed_update(bot, update, **kwargs)
               ^^^^^^^^^^^^^^^^^^^^^^^^^^^^^^^^^^^^^^^^^^^^^
  File "C:\Users\taran\AppData\Local\Programs\Python\Python313\Lib\site-packages\aiogram\dispatcher\dispatcher.py", line 158, in feed_update
    response = await self.update.wrap_outer_middleware(
               ^^^^^^^^^^^^^^^^^^^^^^^^^^^^^^^^^^^^^^^^
    ...<7 lines>...
    )
    ^
  File "C:\Users\taran\AppData\Local\Programs\Python\Python313\Lib\site-packages\aiogram\dispatcher\middlewares\error.py", line 25, in __call__
    return await handler(event, data)
           ^^^^^^^^^^^^^^^^^^^^^^^^^^
  File "C:\Users\taran\AppData\Local\Programs\Python\Python313\Lib\site-packages\aiogram\dispatcher\middlewares\user_context.py", line 49, in __call__
    return await handler(event, data)
           ^^^^^^^^^^^^^^^^^^^^^^^^^^
  File "C:\Users\taran\AppData\Local\Programs\Python\Python313\Lib\site-packages\aiogram\fsm\middleware.py", line 42, in __call__
    return await handler(event, data)
           ^^^^^^^^^^^^^^^^^^^^^^^^^^
  File "C:\Users\taran\AppData\Local\Programs\Python\Python313\Lib\site-packages\aiogram\dispatcher\event\telegram.py", line 121, in trigger
    return await wrapped_inner(event, kwargs)
           ^^^^^^^^^^^^^^^^^^^^^^^^^^^^^^^^^^
  File "C:\Users\taran\AppData\Local\Programs\Python\Python313\Lib\site-packages\aiogram\dispatcher\event\handler.py", line 43, in call
    return await wrapped()
           ^^^^^^^^^^^^^^^
  File "C:\Users\taran\AppData\Local\Programs\Python\Python313\Lib\site-packages\aiogram\dispatcher\dispatcher.py", line 276, in _listen_update
    return await self.propagate_event(update_type=update_type, event=event, **kwargs)
           ^^^^^^^^^^^^^^^^^^^^^^^^^^^^^^^^^^^^^^^^^^^^^^^^^^^^^^^^^^^^^^^^^^^^^^^^^^
  File "C:\Users\taran\AppData\Local\Programs\Python\Python313\Lib\site-packages\aiogram\dispatcher\router.py", line 142, in propagate_event
    return await observer.wrap_outer_middleware(_wrapped, event=event, data=kwargs)
           ^^^^^^^^^^^^^^^^^^^^^^^^^^^^^^^^^^^^^^^^^^^^^^^^^^^^^^^^^^^^^^^^^^^^^^^^
  File "C:\Users\taran\AppData\Local\Programs\Python\Python313\Lib\site-packages\aiogram\dispatcher\router.py", line 137, in _wrapped
    return await self._propagate_event(
           ^^^^^^^^^^^^^^^^^^^^^^^^^^^^
        observer=observer, update_type=update_type, event=telegram_event, **data
        ^^^^^^^^^^^^^^^^^^^^^^^^^^^^^^^^^^^^^^^^^^^^^^^^^^^^^^^^^^^^^^^^^^^^^^^^
    )
    ^
  File "C:\Users\taran\AppData\Local\Programs\Python\Python313\Lib\site-packages\aiogram\dispatcher\router.py", line 170, in _propagate_event
    response = await router.propagate_event(update_type=update_type, event=event, **kwargs)
               ^^^^^^^^^^^^^^^^^^^^^^^^^^^^^^^^^^^^^^^^^^^^^^^^^^^^^^^^^^^^^^^^^^^^^^^^^^^^
  File "C:\Users\taran\AppData\Local\Programs\Python\Python313\Lib\site-packages\aiogram\dispatcher\router.py", line 142, in propagate_event
    return await observer.wrap_outer_middleware(_wrapped, event=event, data=kwargs)
           ^^^^^^^^^^^^^^^^^^^^^^^^^^^^^^^^^^^^^^^^^^^^^^^^^^^^^^^^^^^^^^^^^^^^^^^^
  File "C:\Users\taran\AppData\Local\Programs\Python\Python313\Lib\site-packages\aiogram\dispatcher\router.py", line 137, in _wrapped
    return await self._propagate_event(
           ^^^^^^^^^^^^^^^^^^^^^^^^^^^^
        observer=observer, update_type=update_type, event=telegram_event, **data
        ^^^^^^^^^^^^^^^^^^^^^^^^^^^^^^^^^^^^^^^^^^^^^^^^^^^^^^^^^^^^^^^^^^^^^^^^
    )
    ^
  File "C:\Users\taran\AppData\Local\Programs\Python\Python313\Lib\site-packages\aiogram\dispatcher\router.py", line 162, in _propagate_event
    response = await observer.trigger(event, **kwargs)
               ^^^^^^^^^^^^^^^^^^^^^^^^^^^^^^^^^^^^^^^
  File "C:\Users\taran\AppData\Local\Programs\Python\Python313\Lib\site-packages\aiogram\dispatcher\event\telegram.py", line 121, in trigger
    return await wrapped_inner(event, kwargs)
           ^^^^^^^^^^^^^^^^^^^^^^^^^^^^^^^^^^
  File "C:\Users\taran\AppData\Local\Programs\Python\Python313\Lib\site-packages\aiogram\dispatcher\event\handler.py", line 43, in call
    return await wrapped()
           ^^^^^^^^^^^^^^^
  File "C:\Users\taran\Training_Main_bot\bot.py", line 1094, in back_to_main_menu
    await call.answer()
  File "C:\Users\taran\AppData\Local\Programs\Python\Python313\Lib\site-packages\aiogram\methods\base.py", line 84, in emit
    return await bot(self)
           ^^^^^^^^^^^^^^^
  File "C:\Users\taran\AppData\Local\Programs\Python\Python313\Lib\site-packages\aiogram\client\bot.py", line 485, in __call__
    return await self.session(self, method, timeout=request_timeout)
           ^^^^^^^^^^^^^^^^^^^^^^^^^^^^^^^^^^^^^^^^^^^^^^^^^^^^^^^^^
  File "C:\Users\taran\AppData\Local\Programs\Python\Python313\Lib\site-packages\aiogram\client\session\base.py", line 254, in __call__
    return cast(TelegramType, await middleware(bot, method))
                              ^^^^^^^^^^^^^^^^^^^^^^^^^^^^^
  File "C:\Users\taran\AppData\Local\Programs\Python\Python313\Lib\site-packages\aiogram\client\session\aiohttp.py", line 188, in make_request
    raise TelegramNetworkError(method=method, message=f"{type(e).__name__}: {e}")
aiogram.exceptions.TelegramNetworkError: HTTP Client says - ClientConnectorError: Cannot connect to host api.telegram.org:443 ssl:default [None]
2026-05-17 12:03:24 | INFO | Update id=354056133 is handled. Duration 512 ms by bot id=8224983369
2026-05-17 12:03:30 | INFO | Update id=354056134 is handled. Duration 95 ms by bot id=8224983369
2026-05-17 12:03:31 | INFO | Update id=354056135 is handled. Duration 93 ms by bot id=8224983369
2026-05-17 12:03:40 | INFO | Update id=354056136 is handled. Duration 316 ms by bot id=8224983369
2026-05-17 12:03:43 | INFO | Update id=354056137 is handled. Duration 308 ms by bot id=8224983369
2026-05-17 12:05:00 | INFO | Update id=354056138 is handled. Duration 317 ms by bot id=8224983369
2026-05-17 12:05:03 | INFO | Update id=354056139 is handled. Duration 138 ms by bot id=8224983369
2026-05-17 12:05:04 | INFO | Update id=354056140 is handled. Duration 272 ms by bot id=8224983369
2026-05-17 12:05:24 | INFO | Update id=354056141 is handled. Duration 592 ms by bot id=8224983369
2026-05-17 12:05:31 | INFO | Update id=354056142 is handled. Duration 163 ms by bot id=8224983369
2026-05-17 12:05:33 | INFO | Update id=354056143 is handled. Duration 156 ms by bot id=8224983369
2026-05-17 12:05:37 | INFO | Update id=354056144 is handled. Duration 309 ms by bot id=8224983369
2026-05-17 12:05:52 | INFO | Update id=354056145 is handled. Duration 201 ms by bot id=8224983369
2026-05-17 12:06:15 | INFO | Update id=354056146 is handled. Duration 455 ms by bot id=8224983369
2026-05-17 12:06:24 | INFO | Update id=354056147 is handled. Duration 122 ms by bot id=8224983369
2026-05-17 12:06:29 | INFO | Update id=354056148 is handled. Duration 140 ms by bot id=8224983369
2026-05-17 12:06:41 | INFO | Update id=354056149 is handled. Duration 164 ms by bot id=8224983369
2026-05-17 12:06:51 | INFO | Update id=354056150 is handled. Duration 174 ms by bot id=8224983369
2026-05-17 12:07:03 | INFO | Update id=354056151 is handled. Duration 315 ms by bot id=8224983369
2026-05-17 12:13:58 | INFO | Update id=354056152 is handled. Duration 326 ms by bot id=8224983369
2026-05-17 12:14:47 | INFO | Update id=354056153 is handled. Duration 188 ms by bot id=8224983369
2026-05-17 12:14:54 | INFO | Update id=354056154 is handled. Duration 93 ms by bot id=8224983369
2026-05-17 12:14:56 | INFO | Update id=354056155 is handled. Duration 172 ms by bot id=8224983369
2026-05-17 12:15:07 | INFO | Update id=354056156 is handled. Duration 155 ms by bot id=8224983369
2026-05-17 12:15:11 | INFO | Update id=354056157 is handled. Duration 297 ms by bot id=8224983369
2026-05-17 12:15:16 | INFO | Update id=354056158 is handled. Duration 163 ms by bot id=8224983369
2026-05-17 12:15:18 | INFO | Update id=354056159 is handled. Duration 146 ms by bot id=8224983369
2026-05-17 12:15:20 | INFO | Update id=354056160 is handled. Duration 160 ms by bot id=8224983369
2026-05-17 12:15:24 | INFO | Update id=354056161 is handled. Duration 153 ms by bot id=8224983369
2026-05-17 12:15:29 | INFO | Update id=354056162 is handled. Duration 224 ms by bot id=8224983369
2026-05-17 12:15:39 | INFO | Update id=354056163 is handled. Duration 94 ms by bot id=8224983369
2026-05-17 12:15:42 | INFO | Update id=354056164 is handled. Duration 95 ms by bot id=8224983369
2026-05-17 12:15:44 | INFO | Update id=354056165 is handled. Duration 99 ms by bot id=8224983369
2026-05-17 12:15:48 | INFO | Update id=354056166 is handled. Duration 173 ms by bot id=8224983369
2026-05-17 12:15:51 | INFO | Update id=354056167 is handled. Duration 159 ms by bot id=8224983369
2026-05-17 12:15:58 | INFO | Update id=354056168 is handled. Duration 155 ms by bot id=8224983369
2026-05-17 12:16:03 | INFO | Update id=354056169 is handled. Duration 181 ms by bot id=8224983369
2026-05-17 12:16:05 | WARNING | ⚠️ Ошибка публикации в премиум-канал: Telegram server says - Forbidden: bot is not a member of the channel chat
2026-05-17 12:16:05 | INFO | Update id=354056170 is handled. Duration 482 ms by bot id=8224983369
2026-05-17 12:17:46 | INFO | Update id=354056171 is handled. Duration 329 ms by bot id=8224983369
2026-05-17 12:17:51 | INFO | Update id=354056172 is handled. Duration 99 ms by bot id=8224983369
2026-05-17 12:17:57 | INFO | Update id=354056173 is handled. Duration 253 ms by bot id=8224983369
2026-05-17 12:18:04 | INFO | Update id=354056174 is handled. Duration 162 ms by bot id=8224983369
2026-05-17 12:18:09 | INFO | Update id=354056175 is handled. Duration 316 ms by bot id=8224983369
2026-05-17 12:19:21 | INFO | Update id=354056176 is handled. Duration 330 ms by bot id=8224983369
2026-05-17 12:19:23 | INFO | Update id=354056177 is handled. Duration 97 ms by bot id=8224983369
2026-05-17 12:19:25 | INFO | Update id=354056178 is handled. Duration 90 ms by bot id=8224983369
2026-05-17 12:19:30 | INFO | Update id=354056179 is handled. Duration 262 ms by bot id=8224983369
2026-05-17 12:19:32 | INFO | Update id=354056180 is handled. Duration 158 ms by bot id=8224983369
2026-05-17 12:19:37 | INFO | Update id=354056181 is handled. Duration 234 ms by bot id=8224983369
2026-05-17 12:19:41 | INFO | Update id=354056182 is handled. Duration 331 ms by bot id=8224983369
2026-05-17 12:22:28 | INFO | Update id=354056183 is handled. Duration 390 ms by bot id=8224983369
2026-05-17 12:22:30 | INFO | Update id=354056184 is handled. Duration 276 ms by bot id=8224983369
2026-05-17 12:22:32 | INFO | Update id=354056185 is handled. Duration 95 ms by bot id=8224983369
2026-05-17 12:22:35 | INFO | Update id=354056186 is handled. Duration 163 ms by bot id=8224983369
2026-05-17 12:22:39 | INFO | Update id=354056187 is handled. Duration 162 ms by bot id=8224983369
2026-05-17 12:22:46 | INFO | Update id=354056188 is handled. Duration 166 ms by bot id=8224983369
2026-05-17 12:22:52 | INFO | Update id=354056189 is handled. Duration 160 ms by bot id=8224983369
2026-05-17 12:23:00 | INFO | Update id=354056190 is handled. Duration 165 ms by bot id=8224983369
2026-05-17 12:23:01 | INFO | Update id=354056191 is handled. Duration 366 ms by bot id=8224983369
2026-05-17 12:25:48 | INFO | Update id=354056192 is handled. Duration 351 ms by bot id=8224983369
2026-05-17 12:25:52 | INFO | Update id=354056193 is handled. Duration 93 ms by bot id=8224983369
2026-05-17 12:26:05 | INFO | Update id=354056194 is handled. Duration 118 ms by bot id=8224983369
2026-05-17 12:26:18 | INFO | Update id=354056195 is handled. Duration 326 ms by bot id=8224983369
2026-05-17 12:26:22 | INFO | Update id=354056196 is handled. Duration 155 ms by bot id=8224983369
2026-05-17 12:26:36 | INFO | Update id=354056197 is handled. Duration 150 ms by bot id=8224983369
2026-05-17 12:26:41 | INFO | Update id=354056198 is handled. Duration 369 ms by bot id=8224983369
2026-05-17 12:27:32 | INFO | Update id=354056199 is handled. Duration 368 ms by bot id=8224983369
2026-05-17 12:28:17 | INFO | Update id=354056200 is handled. Duration 252 ms by bot id=8224983369
2026-05-17 12:28:20 | INFO | Update id=354056201 is handled. Duration 156 ms by bot id=8224983369
2026-05-17 12:28:25 | INFO | Update id=354056202 is handled. Duration 148 ms by bot id=8224983369
2026-05-17 12:28:32 | INFO | Update id=354056203 is handled. Duration 161 ms by bot id=8224983369
2026-05-17 12:28:34 | INFO | Update id=354056204 is handled. Duration 348 ms by bot id=8224983369
2026-05-17 12:30:02 | INFO | Update id=354056205 is handled. Duration 4871 ms by bot id=8224983369
2026-05-17 12:30:08 | INFO | Update id=354056206 is handled. Duration 100 ms by bot id=8224983369
2026-05-17 12:30:14 | INFO | Update id=354056207 is handled. Duration 96 ms by bot id=8224983369
2026-05-17 12:30:23 | INFO | Update id=354056208 is handled. Duration 335 ms by bot id=8224983369
2026-05-17 12:30:28 | INFO | Update id=354056209 is handled. Duration 221 ms by bot id=8224983369
2026-05-17 12:30:30 | INFO | Update id=354056210 is handled. Duration 210 ms by bot id=8224983369
2026-05-17 12:30:33 | INFO | Update id=354056211 is handled. Duration 202 ms by bot id=8224983369
2026-05-17 12:30:34 | INFO | Update id=354056212 is handled. Duration 322 ms by bot id=8224983369
2026-05-17 12:31:02 | INFO | Update id=354056213 is handled. Duration 351 ms by bot id=8224983369
2026-05-17 12:31:08 | INFO | Update id=354056214 is handled. Duration 544 ms by bot id=8224983369
2026-05-17 12:32:10 | INFO | Update id=354056215 is handled. Duration 522 ms by bot id=8224983369
2026-05-17 12:32:19 | INFO | Update id=354056216 is handled. Duration 96 ms by bot id=8224983369
2026-05-17 12:32:22 | INFO | Update id=354056217 is handled. Duration 261 ms by bot id=8224983369
2026-05-17 12:32:29 | INFO | Update id=354056218 is handled. Duration 155 ms by bot id=8224983369
2026-05-17 12:32:38 | INFO | Update id=354056219 is handled. Duration 310 ms by bot id=8224983369
2026-05-17 12:35:01 | INFO | Update id=354056220 is handled. Duration 329 ms by bot id=8224983369
2026-05-17 12:35:03 | INFO | Update id=354056221 is handled. Duration 222 ms by bot id=8224983369
2026-05-17 12:35:04 | INFO | Update id=354056222 is handled. Duration 100 ms by bot id=8224983369
2026-05-17 12:35:09 | INFO | Update id=354056223 is handled. Duration 160 ms by bot id=8224983369
2026-05-17 12:35:19 | INFO | Update id=354056224 is handled. Duration 308 ms by bot id=8224983369
2026-05-17 12:46:27 | INFO | Update id=354056225 is handled. Duration 231 ms by bot id=8224983369
2026-05-17 12:46:29 | INFO | Update id=354056226 is handled. Duration 231 ms by bot id=8224983369
2026-05-17 12:46:32 | INFO | Update id=354056227 is handled. Duration 95 ms by bot id=8224983369
2026-05-17 12:47:49 | INFO | Update id=354056228 is handled. Duration 194 ms by bot id=8224983369
2026-05-17 12:47:57 | INFO | Update id=354056229 is handled. Duration 161 ms by bot id=8224983369
2026-05-17 12:48:01 | INFO | Update id=354056230 is handled. Duration 285 ms by bot id=8224983369
2026-05-17 12:48:08 | INFO | Update id=354056231 is handled. Duration 170 ms by bot id=8224983369
2026-05-17 12:48:13 | INFO | Update id=354056232 is handled. Duration 189 ms by bot id=8224983369
2026-05-17 12:48:25 | INFO | Update id=354056233 is handled. Duration 178 ms by bot id=8224983369
2026-05-17 12:48:30 | INFO | Update id=354056234 is handled. Duration 173 ms by bot id=8224983369
2026-05-17 12:49:50 | INFO | Update id=354056235 is handled. Duration 332 ms by bot id=8224983369
2026-05-17 12:49:52 | INFO | Update id=354056236 is handled. Duration 196 ms by bot id=8224983369
2026-05-17 12:49:54 | INFO | Update id=354056237 is handled. Duration 299 ms by bot id=8224983369
2026-05-17 12:49:58 | INFO | Update id=354056238 is handled. Duration 339 ms by bot id=8224983369
2026-05-17 12:50:49 | INFO | Update id=354056239 is handled. Duration 335 ms by bot id=8224983369
2026-05-17 12:50:50 | INFO | Update id=354056240 is handled. Duration 96 ms by bot id=8224983369
2026-05-17 12:50:55 | INFO | Update id=354056241 is handled. Duration 88 ms by bot id=8224983369
2026-05-17 12:51:02 | INFO | Update id=354056242 is handled. Duration 371 ms by bot id=8224983369
2026-05-17 12:51:07 | INFO | Update id=354056243 is handled. Duration 181 ms by bot id=8224983369
2026-05-17 12:51:08 | INFO | Update id=354056244 is handled. Duration 381 ms by bot id=8224983369
2026-05-17 15:48:06 | ERROR | Failed to fetch updates - TelegramNetworkError: HTTP Client says - Request timeout error
2026-05-17 15:48:06 | WARNING | Sleep for 1.000000 seconds and try again... (tryings = 0, bot id = 8224983369)
2026-05-17 15:48:07 | ERROR | Failed to fetch updates - TelegramNetworkError: HTTP Client says - ClientConnectorDNSError: Cannot connect to host api.telegram.org:443 ssl:default [getaddrinfo failed]
2026-05-17 15:48:07 | WARNING | Sleep for 1.302489 seconds and try again... (tryings = 1, bot id = 8224983369)
2026-05-17 15:48:09 | ERROR | Failed to fetch updates - TelegramNetworkError: HTTP Client says - ClientConnectorDNSError: Cannot connect to host api.telegram.org:443 ssl:default [getaddrinfo failed]
2026-05-17 15:48:09 | WARNING | Sleep for 1.689636 seconds and try again... (tryings = 2, bot id = 8224983369)
2026-05-17 15:48:10 | ERROR | Failed to fetch updates - TelegramNetworkError: HTTP Client says - ClientConnectorDNSError: Cannot connect to host api.telegram.org:443 ssl:default [getaddrinfo failed]
2026-05-17 15:48:10 | WARNING | Sleep for 2.211276 seconds and try again... (tryings = 3, bot id = 8224983369)
2026-05-17 19:07:43 | ERROR | Failed to fetch updates - TelegramNetworkError: HTTP Client says - ClientConnectorError: Cannot connect to host api.telegram.org:443 ssl:default [Превышен таймаут семафора]
2026-05-17 19:07:43 | WARNING | Sleep for 2.957898 seconds and try again... (tryings = 4, bot id = 8224983369)
2026-05-17 19:08:08 | ERROR | Failed to fetch updates - TelegramNetworkError: HTTP Client says - ClientConnectorError: Cannot connect to host api.telegram.org:443 ssl:default [Превышен таймаут семафора]
2026-05-17 19:08:08 | WARNING | Sleep for 3.714114 seconds and try again... (tryings = 5, bot id = 8224983369)
2026-05-17 23:07:47 | ERROR | Failed to fetch updates - TelegramNetworkError: HTTP Client says - ClientConnectorError: Cannot connect to host api.telegram.org:443 ssl:default [Превышен таймаут семафора]
2026-05-17 23:07:47 | WARNING | Sleep for 4.832381 seconds and try again... (tryings = 6, bot id = 8224983369)
2026-05-17 23:10:55 | ERROR | Failed to fetch updates - TelegramNetworkError: HTTP Client says - ClientConnectorError: Cannot connect to host api.telegram.org:443 ssl:default [Превышен таймаут семафора]
2026-05-17 23:10:55 | WARNING | Sleep for 5.092184 seconds and try again... (tryings = 7, bot id = 8224983369)
2026-05-18 01:30:07 | ERROR | Failed to fetch updates - TelegramNetworkError: HTTP Client says - ClientConnectorError: Cannot connect to host api.telegram.org:443 ssl:default [Превышен таймаут семафора]
2026-05-18 01:30:07 | WARNING | Sleep for 4.956719 seconds and try again... (tryings = 8, bot id = 8224983369)
2026-05-18 03:30:10 | ERROR | Failed to fetch updates - TelegramNetworkError: HTTP Client says - ClientConnectorError: Cannot connect to host api.telegram.org:443 ssl:default [Превышен таймаут семафора]
2026-05-18 03:30:10 | WARNING | Sleep for 4.973497 seconds and try again... (tryings = 9, bot id = 8224983369)
2026-05-18 03:30:36 | ERROR | Failed to fetch updates - TelegramNetworkError: HTTP Client says - ClientConnectorError: Cannot connect to host api.telegram.org:443 ssl:default [Превышен таймаут семафора]
2026-05-18 03:30:36 | WARNING | Sleep for 4.997208 seconds and try again... (tryings = 10, bot id = 8224983369)
2026-05-18 03:31:02 | ERROR | Failed to fetch updates - TelegramNetworkError: HTTP Client says - ClientConnectorError: Cannot connect to host api.telegram.org:443 ssl:default [Превышен таймаут семафора]
2026-05-18 03:31:02 | WARNING | Sleep for 5.080691 seconds and try again... (tryings = 11, bot id = 8224983369)
2026-05-18 03:31:28 | ERROR | Failed to fetch updates - TelegramNetworkError: HTTP Client says - ClientConnectorError: Cannot connect to host api.telegram.org:443 ssl:default [Превышен таймаут семафора]
2026-05-18 03:31:28 | WARNING | Sleep for 5.085599 seconds and try again... (tryings = 12, bot id = 8224983369)
2026-05-18 03:31:54 | ERROR | Failed to fetch updates - TelegramNetworkError: HTTP Client says - ClientConnectorError: Cannot connect to host api.telegram.org:443 ssl:default [Превышен таймаут семафора]
2026-05-18 03:31:54 | WARNING | Sleep for 4.997993 seconds and try again... (tryings = 13, bot id = 8224983369)
2026-05-18 03:32:20 | ERROR | Failed to fetch updates - TelegramNetworkError: HTTP Client says - ClientConnectorError: Cannot connect to host api.telegram.org:443 ssl:default [Превышен таймаут семафора]
2026-05-18 03:32:20 | WARNING | Sleep for 4.879424 seconds and try again... (tryings = 14, bot id = 8224983369)
2026-05-18 03:32:46 | ERROR | Failed to fetch updates - TelegramNetworkError: HTTP Client says - ClientConnectorError: Cannot connect to host api.telegram.org:443 ssl:default [Превышен таймаут семафора]
2026-05-18 03:32:46 | WARNING | Sleep for 5.045461 seconds and try again... (tryings = 15, bot id = 8224983369)
2026-05-18 03:33:12 | ERROR | Failed to fetch updates - TelegramNetworkError: HTTP Client says - ClientConnectorError: Cannot connect to host api.telegram.org:443 ssl:default [Превышен таймаут семафора]
2026-05-18 03:33:12 | WARNING | Sleep for 5.002483 seconds and try again... (tryings = 16, bot id = 8224983369)
2026-05-18 05:30:14 | ERROR | Failed to fetch updates - TelegramNetworkError: HTTP Client says - ClientConnectorError: Cannot connect to host api.telegram.org:443 ssl:default [Превышен таймаут семафора]
2026-05-18 05:30:14 | WARNING | Sleep for 4.897067 seconds and try again... (tryings = 17, bot id = 8224983369)
2026-05-18 09:30:20 | ERROR | Failed to fetch updates - TelegramNetworkError: HTTP Client says - ClientConnectorError: Cannot connect to host api.telegram.org:443 ssl:default [Превышен таймаут семафора]
2026-05-18 09:30:20 | WARNING | Sleep for 4.974944 seconds and try again... (tryings = 18, bot id = 8224983369)
2026-05-18 11:30:24 | ERROR | Failed to fetch updates - TelegramNetworkError: HTTP Client says - ClientConnectorError: Cannot connect to host api.telegram.org:443 ssl:default [Превышен таймаут семафора]
2026-05-18 11:30:24 | WARNING | Sleep for 5.019020 seconds and try again... (tryings = 19, bot id = 8224983369)
2026-05-18 11:30:29 | ERROR | Failed to fetch updates - TelegramNetworkError: HTTP Client says - ClientConnectorDNSError: Cannot connect to host api.telegram.org:443 ssl:default [getaddrinfo failed]
2026-05-18 11:30:29 | WARNING | Sleep for 4.963342 seconds and try again... (tryings = 20, bot id = 8224983369)
2026-05-18 15:49:15 | ERROR | Failed to fetch updates - TelegramNetworkError: HTTP Client says - ClientConnectorError: Cannot connect to host api.telegram.org:443 ssl:default [Превышен таймаут семафора]
2026-05-18 15:49:15 | WARNING | Sleep for 4.904614 seconds and try again... (tryings = 21, bot id = 8224983369)
2026-05-18 15:52:26 | ERROR | Failed to fetch updates - TelegramNetworkError: HTTP Client says - ClientConnectorError: Cannot connect to host api.telegram.org:443 ssl:default [Превышен таймаут семафора]
2026-05-18 15:52:26 | WARNING | Sleep for 4.836199 seconds and try again... (tryings = 22, bot id = 8224983369)
2026-05-18 15:53:07 | ERROR | Failed to fetch updates - TelegramNetworkError: HTTP Client says - ClientConnectorError: Cannot connect to host api.telegram.org:443 ssl:default [Превышен таймаут семафора]
2026-05-18 15:53:07 | WARNING | Sleep for 4.937802 seconds and try again... (tryings = 23, bot id = 8224983369)
2026-05-18 16:32:10 | ERROR | Failed to fetch updates - TelegramNetworkError: HTTP Client says - ClientConnectorError: Cannot connect to host api.telegram.org:443 ssl:default [Сетевая папка недоступна. За информацией о разрешении проблем в сети обратитесь к справочной системе Windows]
2026-05-18 16:32:10 | WARNING | Sleep for 4.948216 seconds and try again... (tryings = 24, bot id = 8224983369)
2026-05-18 20:32:16 | ERROR | Failed to fetch updates - TelegramNetworkError: HTTP Client says - ClientConnectorError: Cannot connect to host api.telegram.org:443 ssl:default [Превышен таймаут семафора]
2026-05-18 20:32:16 | WARNING | Sleep for 5.104638 seconds and try again... (tryings = 25, bot id = 8224983369)
2026-05-18 22:32:20 | ERROR | Failed to fetch updates - TelegramNetworkError: HTTP Client says - ClientConnectorError: Cannot connect to host api.telegram.org:443 ssl:default [Превышен таймаут семафора]
2026-05-18 22:32:20 | WARNING | Sleep for 5.055821 seconds and try again... (tryings = 26, bot id = 8224983369)
2026-05-18 22:32:46 | ERROR | Failed to fetch updates - TelegramNetworkError: HTTP Client says - ClientConnectorError: Cannot connect to host api.telegram.org:443 ssl:default [Превышен таймаут семафора]
2026-05-18 22:32:46 | WARNING | Sleep for 4.961122 seconds and try again... (tryings = 27, bot id = 8224983369)
2026-05-18 22:33:12 | ERROR | Failed to fetch updates - TelegramNetworkError: HTTP Client says - ClientConnectorError: Cannot connect to host api.telegram.org:443 ssl:default [Превышен таймаут семафора]
2026-05-18 22:33:12 | WARNING | Sleep for 4.983197 seconds and try again... (tryings = 28, bot id = 8224983369)
2026-05-18 22:33:38 | ERROR | Failed to fetch updates - TelegramNetworkError: HTTP Client says - ClientConnectorError: Cannot connect to host api.telegram.org:443 ssl:default [Превышен таймаут семафора]
2026-05-18 22:33:38 | WARNING | Sleep for 4.959472 seconds and try again... (tryings = 29, bot id = 8224983369)
2026-05-18 22:34:05 | ERROR | Failed to fetch updates - TelegramNetworkError: HTTP Client says - ClientConnectorError: Cannot connect to host api.telegram.org:443 ssl:default [Превышен таймаут семафора]
2026-05-18 22:34:05 | WARNING | Sleep for 5.188319 seconds and try again... (tryings = 30, bot id = 8224983369)
2026-05-18 22:34:32 | ERROR | Failed to fetch updates - TelegramNetworkError: HTTP Client says - ClientConnectorError: Cannot connect to host api.telegram.org:443 ssl:default [Превышен таймаут семафора]
2026-05-18 22:34:32 | WARNING | Sleep for 5.050014 seconds and try again... (tryings = 31, bot id = 8224983369)
2026-05-19 00:53:25 | ERROR | Failed to fetch updates - TelegramNetworkError: HTTP Client says - ClientConnectorError: Cannot connect to host api.telegram.org:443 ssl:default [Превышен таймаут семафора]
2026-05-19 00:53:25 | WARNING | Sleep for 5.124524 seconds and try again... (tryings = 32, bot id = 8224983369)
2026-05-19 02:56:52 | ERROR | Failed to fetch updates - TelegramNetworkError: HTTP Client says - ClientConnectorError: Cannot connect to host api.telegram.org:443 ssl:default [Превышен таймаут семафора]
2026-05-19 02:56:52 | WARNING | Sleep for 4.850391 seconds and try again... (tryings = 33, bot id = 8224983369)
2026-05-19 04:56:54 | ERROR | Failed to fetch updates - TelegramNetworkError: HTTP Client says - ClientConnectorError: Cannot connect to host api.telegram.org:443 ssl:default [Превышен таймаут семафора]
2026-05-19 04:56:54 | WARNING | Sleep for 5.055382 seconds and try again... (tryings = 34, bot id = 8224983369)
2026-05-19 04:57:21 | ERROR | Failed to fetch updates - TelegramNetworkError: HTTP Client says - ClientConnectorError: Cannot connect to host api.telegram.org:443 ssl:default [Превышен таймаут семафора]
2026-05-19 04:57:21 | WARNING | Sleep for 5.031836 seconds and try again... (tryings = 35, bot id = 8224983369)
2026-05-19 04:57:47 | ERROR | Failed to fetch updates - TelegramNetworkError: HTTP Client says - ClientConnectorError: Cannot connect to host api.telegram.org:443 ssl:default [Превышен таймаут семафора]
2026-05-19 04:57:47 | WARNING | Sleep for 5.040397 seconds and try again... (tryings = 36, bot id = 8224983369)
2026-05-19 04:58:13 | ERROR | Failed to fetch updates - TelegramNetworkError: HTTP Client says - ClientConnectorError: Cannot connect to host api.telegram.org:443 ssl:default [Превышен таймаут семафора]
2026-05-19 04:58:13 | WARNING | Sleep for 5.083620 seconds and try again... (tryings = 37, bot id = 8224983369)
2026-05-19 04:58:39 | ERROR | Failed to fetch updates - TelegramNetworkError: HTTP Client says - ClientConnectorError: Cannot connect to host api.telegram.org:443 ssl:default [Превышен таймаут семафора]
2026-05-19 04:58:39 | WARNING | Sleep for 5.042120 seconds and try again... (tryings = 38, bot id = 8224983369)
2026-05-19 04:59:05 | ERROR | Failed to fetch updates - TelegramNetworkError: HTTP Client says - ClientConnectorError: Cannot connect to host api.telegram.org:443 ssl:default [Превышен таймаут семафора]
2026-05-19 04:59:05 | WARNING | Sleep for 5.030919 seconds and try again... (tryings = 39, bot id = 8224983369)
2026-05-19 04:59:31 | ERROR | Failed to fetch updates - TelegramNetworkError: HTTP Client says - ClientConnectorError: Cannot connect to host api.telegram.org:443 ssl:default [Превышен таймаут семафора]
2026-05-19 04:59:31 | WARNING | Sleep for 5.005378 seconds and try again... (tryings = 40, bot id = 8224983369)
2026-05-19 04:59:57 | ERROR | Failed to fetch updates - TelegramNetworkError: HTTP Client says - ClientConnectorError: Cannot connect to host api.telegram.org:443 ssl:default [Превышен таймаут семафора]
2026-05-19 04:59:57 | WARNING | Sleep for 5.130597 seconds and try again... (tryings = 41, bot id = 8224983369)
2026-05-19 05:00:23 | ERROR | Failed to fetch updates - TelegramNetworkError: HTTP Client says - ClientConnectorError: Cannot connect to host api.telegram.org:443 ssl:default [Превышен таймаут семафора]
2026-05-19 05:00:23 | WARNING | Sleep for 5.063723 seconds and try again... (tryings = 42, bot id = 8224983369)
2026-05-19 09:02:17 | ERROR | Failed to fetch updates - TelegramNetworkError: HTTP Client says - ClientConnectorError: Cannot connect to host api.telegram.org:443 ssl:default [Превышен таймаут семафора]
2026-05-19 09:02:17 | WARNING | Sleep for 5.027782 seconds and try again... (tryings = 43, bot id = 8224983369)
2026-05-19 09:02:22 | ERROR | Failed to fetch updates - TelegramNetworkError: HTTP Client says - ClientConnectorDNSError: Cannot connect to host api.telegram.org:443 ssl:default [getaddrinfo failed]
2026-05-19 09:02:22 | WARNING | Sleep for 5.054751 seconds and try again... (tryings = 44, bot id = 8224983369)
2026-05-19 13:02:24 | ERROR | Failed to fetch updates - TelegramNetworkError: HTTP Client says - ClientConnectorError: Cannot connect to host api.telegram.org:443 ssl:default [Превышен таймаут семафора]
2026-05-19 13:02:24 | WARNING | Sleep for 4.978908 seconds and try again... (tryings = 45, bot id = 8224983369)
2026-05-19 15:02:28 | ERROR | Failed to fetch updates - TelegramNetworkError: HTTP Client says - ClientConnectorError: Cannot connect to host api.telegram.org:443 ssl:default [Превышен таймаут семафора]
2026-05-19 15:02:28 | WARNING | Sleep for 4.909848 seconds and try again... (tryings = 46, bot id = 8224983369)
2026-05-19 15:22:22 | ERROR | Failed to fetch updates - TelegramNetworkError: HTTP Client says - ClientConnectorError: Cannot connect to host api.telegram.org:443 ssl:default [Превышен таймаут семафора]
2026-05-19 15:22:22 | WARNING | Sleep for 4.904554 seconds and try again... (tryings = 47, bot id = 8224983369)
2026-05-19 16:41:46 | ERROR | Failed to fetch updates - TelegramNetworkError: HTTP Client says - ClientConnectorDNSError: Cannot connect to host api.telegram.org:443 ssl:default [getaddrinfo failed]
2026-05-19 16:41:46 | WARNING | Sleep for 4.960934 seconds and try again... (tryings = 48, bot id = 8224983369)
2026-05-19 16:42:12 | ERROR | Failed to fetch updates - TelegramNetworkError: HTTP Client says - ClientConnectorError: Cannot connect to host api.telegram.org:443 ssl:default [Превышен таймаут семафора]
2026-05-19 16:42:12 | WARNING | Sleep for 4.938638 seconds and try again... (tryings = 49, bot id = 8224983369)
2026-05-19 16:42:38 | ERROR | Failed to fetch updates - TelegramNetworkError: HTTP Client says - ClientConnectorError: Cannot connect to host api.telegram.org:443 ssl:default [Превышен таймаут семафора]
2026-05-19 16:42:38 | WARNING | Sleep for 4.832721 seconds and try again... (tryings = 50, bot id = 8224983369)
2026-05-19 16:42:50 | ERROR | Failed to fetch updates - TelegramNetworkError: HTTP Client says - ClientConnectorError: Cannot connect to host api.telegram.org:443 ssl:default [Превышен таймаут семафора]
2026-05-19 16:42:50 | WARNING | Sleep for 4.961838 seconds and try again... (tryings = 51, bot id = 8224983369)
2026-05-19 16:43:16 | ERROR | Failed to fetch updates - TelegramNetworkError: HTTP Client says - ClientConnectorError: Cannot connect to host api.telegram.org:443 ssl:default [Превышен таймаут семафора]
2026-05-19 16:43:16 | WARNING | Sleep for 5.013979 seconds and try again... (tryings = 52, bot id = 8224983369)
2026-05-19 16:43:42 | ERROR | Failed to fetch updates - TelegramNetworkError: HTTP Client says - ClientConnectorError: Cannot connect to host api.telegram.org:443 ssl:default [Превышен таймаут семафора]
2026-05-19 16:43:42 | WARNING | Sleep for 5.038206 seconds and try again... (tryings = 53, bot id = 8224983369)
2026-05-19 16:44:09 | ERROR | Failed to fetch updates - TelegramNetworkError: HTTP Client says - ClientConnectorError: Cannot connect to host api.telegram.org:443 ssl:default [Превышен таймаут семафора]
2026-05-19 16:44:09 | WARNING | Sleep for 4.972803 seconds and try again... (tryings = 54, bot id = 8224983369)
2026-05-19 16:44:35 | ERROR | Failed to fetch updates - TelegramNetworkError: HTTP Client says - ClientConnectorError: Cannot connect to host api.telegram.org:443 ssl:default [Превышен таймаут семафора]
2026-05-19 16:44:35 | WARNING | Sleep for 5.083619 seconds and try again... (tryings = 55, bot id = 8224983369)
2026-05-19 16:45:01 | ERROR | Failed to fetch updates - TelegramNetworkError: HTTP Client says - ClientConnectorError: Cannot connect to host api.telegram.org:443 ssl:default [Превышен таймаут семафора]
2026-05-19 16:45:01 | WARNING | Sleep for 5.063590 seconds and try again... (tryings = 56, bot id = 8224983369)
2026-05-19 16:45:27 | ERROR | Failed to fetch updates - TelegramNetworkError: HTTP Client says - ClientConnectorError: Cannot connect to host api.telegram.org:443 ssl:default [Превышен таймаут семафора]
2026-05-19 16:45:27 | WARNING | Sleep for 5.083309 seconds and try again... (tryings = 57, bot id = 8224983369)
2026-05-19 16:45:53 | ERROR | Failed to fetch updates - TelegramNetworkError: HTTP Client says - ClientConnectorError: Cannot connect to host api.telegram.org:443 ssl:default [Превышен таймаут семафора]
2026-05-19 16:45:53 | WARNING | Sleep for 4.960155 seconds and try again... (tryings = 58, bot id = 8224983369)
2026-05-19 16:46:19 | ERROR | Failed to fetch updates - TelegramNetworkError: HTTP Client says - ClientConnectorError: Cannot connect to host api.telegram.org:443 ssl:default [Превышен таймаут семафора]
2026-05-19 16:46:19 | WARNING | Sleep for 4.962579 seconds and try again... (tryings = 59, bot id = 8224983369)
2026-05-19 16:46:45 | ERROR | Failed to fetch updates - TelegramNetworkError: HTTP Client says - ClientConnectorError: Cannot connect to host api.telegram.org:443 ssl:default [Превышен таймаут семафора]
2026-05-19 16:46:45 | WARNING | Sleep for 5.180105 seconds and try again... (tryings = 60, bot id = 8224983369)
2026-05-19 16:47:11 | ERROR | Failed to fetch updates - TelegramNetworkError: HTTP Client says - ClientConnectorError: Cannot connect to host api.telegram.org:443 ssl:default [Превышен таймаут семафора]
2026-05-19 16:47:11 | WARNING | Sleep for 5.040740 seconds and try again... (tryings = 61, bot id = 8224983369)
2026-05-19 16:47:37 | ERROR | Failed to fetch updates - TelegramNetworkError: HTTP Client says - ClientConnectorError: Cannot connect to host api.telegram.org:443 ssl:default [Превышен таймаут семафора]
2026-05-19 16:47:37 | WARNING | Sleep for 4.842108 seconds and try again... (tryings = 62, bot id = 8224983369)
2026-05-19 16:48:03 | ERROR | Failed to fetch updates - TelegramNetworkError: HTTP Client says - ClientConnectorError: Cannot connect to host api.telegram.org:443 ssl:default [Превышен таймаут семафора]
2026-05-19 16:48:03 | WARNING | Sleep for 4.989655 seconds and try again... (tryings = 63, bot id = 8224983369)
2026-05-19 16:48:29 | ERROR | Failed to fetch updates - TelegramNetworkError: HTTP Client says - ClientConnectorError: Cannot connect to host api.telegram.org:443 ssl:default [Превышен таймаут семафора]
2026-05-19 16:48:29 | WARNING | Sleep for 5.014126 seconds and try again... (tryings = 64, bot id = 8224983369)
2026-05-19 16:48:55 | ERROR | Failed to fetch updates - TelegramNetworkError: HTTP Client says - ClientConnectorError: Cannot connect to host api.telegram.org:443 ssl:default [Превышен таймаут семафора]
2026-05-19 16:48:55 | WARNING | Sleep for 4.930299 seconds and try again... (tryings = 65, bot id = 8224983369)
2026-05-19 16:49:21 | ERROR | Failed to fetch updates - TelegramNetworkError: HTTP Client says - ClientConnectorError: Cannot connect to host api.telegram.org:443 ssl:default [Превышен таймаут семафора]
2026-05-19 16:49:21 | WARNING | Sleep for 4.969270 seconds and try again... (tryings = 66, bot id = 8224983369)
2026-05-19 16:49:47 | ERROR | Failed to fetch updates - TelegramNetworkError: HTTP Client says - ClientConnectorError: Cannot connect to host api.telegram.org:443 ssl:default [Превышен таймаут семафора]
2026-05-19 16:49:47 | WARNING | Sleep for 5.311390 seconds and try again... (tryings = 67, bot id = 8224983369)
2026-05-19 16:50:14 | ERROR | Failed to fetch updates - TelegramNetworkError: HTTP Client says - ClientConnectorError: Cannot connect to host api.telegram.org:443 ssl:default [Превышен таймаут семафора]
2026-05-19 16:50:14 | WARNING | Sleep for 4.937283 seconds and try again... (tryings = 68, bot id = 8224983369)
2026-05-19 16:50:40 | ERROR | Failed to fetch updates - TelegramNetworkError: HTTP Client says - ClientConnectorError: Cannot connect to host api.telegram.org:443 ssl:default [Превышен таймаут семафора]
2026-05-19 16:50:40 | WARNING | Sleep for 4.988924 seconds and try again... (tryings = 69, bot id = 8224983369)
2026-05-19 16:51:06 | ERROR | Failed to fetch updates - TelegramNetworkError: HTTP Client says - ClientConnectorError: Cannot connect to host api.telegram.org:443 ssl:default [Превышен таймаут семафора]
2026-05-19 16:51:06 | WARNING | Sleep for 4.916026 seconds and try again... (tryings = 70, bot id = 8224983369)
2026-05-19 16:51:32 | ERROR | Failed to fetch updates - TelegramNetworkError: HTTP Client says - ClientConnectorError: Cannot connect to host api.telegram.org:443 ssl:default [Превышен таймаут семафора]
2026-05-19 16:51:32 | WARNING | Sleep for 5.136202 seconds and try again... (tryings = 71, bot id = 8224983369)
2026-05-19 16:51:58 | ERROR | Failed to fetch updates - TelegramNetworkError: HTTP Client says - ClientConnectorError: Cannot connect to host api.telegram.org:443 ssl:default [Превышен таймаут семафора]
2026-05-19 16:51:58 | WARNING | Sleep for 5.158045 seconds and try again... (tryings = 72, bot id = 8224983369)
2026-05-19 16:52:24 | ERROR | Failed to fetch updates - TelegramNetworkError: HTTP Client says - ClientConnectorError: Cannot connect to host api.telegram.org:443 ssl:default [Превышен таймаут семафора]
2026-05-19 16:52:24 | WARNING | Sleep for 5.070970 seconds and try again... (tryings = 73, bot id = 8224983369)
2026-05-19 16:52:50 | ERROR | Failed to fetch updates - TelegramNetworkError: HTTP Client says - ClientConnectorError: Cannot connect to host api.telegram.org:443 ssl:default [Превышен таймаут семафора]
2026-05-19 16:52:50 | WARNING | Sleep for 4.939028 seconds and try again... (tryings = 74, bot id = 8224983369)
2026-05-19 16:53:16 | ERROR | Failed to fetch updates - TelegramNetworkError: HTTP Client says - ClientConnectorError: Cannot connect to host api.telegram.org:443 ssl:default [Превышен таймаут семафора]
2026-05-19 16:53:16 | WARNING | Sleep for 4.916116 seconds and try again... (tryings = 75, bot id = 8224983369)
2026-05-19 16:53:42 | ERROR | Failed to fetch updates - TelegramNetworkError: HTTP Client says - ClientConnectorError: Cannot connect to host api.telegram.org:443 ssl:default [Превышен таймаут семафора]
2026-05-19 16:53:42 | WARNING | Sleep for 5.105195 seconds and try again... (tryings = 76, bot id = 8224983369)
2026-05-19 16:54:08 | ERROR | Failed to fetch updates - TelegramNetworkError: HTTP Client says - ClientConnectorError: Cannot connect to host api.telegram.org:443 ssl:default [Превышен таймаут семафора]
2026-05-19 16:54:08 | WARNING | Sleep for 4.844413 seconds and try again... (tryings = 77, bot id = 8224983369)
2026-05-19 16:54:34 | ERROR | Failed to fetch updates - TelegramNetworkError: HTTP Client says - ClientConnectorError: Cannot connect to host api.telegram.org:443 ssl:default [Превышен таймаут семафора]
2026-05-19 16:54:34 | WARNING | Sleep for 5.127265 seconds and try again... (tryings = 78, bot id = 8224983369)
2026-05-19 19:52:14 | ERROR | Failed to fetch updates - TelegramNetworkError: HTTP Client says - ClientConnectorError: Cannot connect to host api.telegram.org:443 ssl:default [Превышен таймаут семафора]
2026-05-19 19:52:14 | WARNING | Sleep for 5.058445 seconds and try again... (tryings = 79, bot id = 8224983369)
2026-05-19 20:08:54 | ERROR | Failed to fetch updates - TelegramNetworkError: HTTP Client says - ClientConnectorError: Cannot connect to host api.telegram.org:443 ssl:default [Превышен таймаут семафора]
2026-05-19 20:08:54 | WARNING | Sleep for 5.099297 seconds and try again... (tryings = 80, bot id = 8224983369)
2026-05-20 02:09:01 | ERROR | Failed to fetch updates - TelegramNetworkError: HTTP Client says - ClientConnectorError: Cannot connect to host api.telegram.org:443 ssl:default [Превышен таймаут семафора]
2026-05-20 02:09:01 | WARNING | Sleep for 4.872398 seconds and try again... (tryings = 81, bot id = 8224983369)
2026-05-20 02:09:06 | ERROR | Failed to fetch updates - TelegramNetworkError: HTTP Client says - ClientConnectorDNSError: Cannot connect to host api.telegram.org:443 ssl:default [getaddrinfo failed]
2026-05-20 02:09:06 | WARNING | Sleep for 5.013595 seconds and try again... (tryings = 82, bot id = 8224983369)
2026-05-20 04:09:05 | ERROR | Failed to fetch updates - TelegramNetworkError: HTTP Client says - ClientConnectorError: Cannot connect to host api.telegram.org:443 ssl:default [Превышен таймаут семафора]
2026-05-20 04:09:05 | WARNING | Sleep for 4.956577 seconds and try again... (tryings = 83, bot id = 8224983369)
2026-05-20 07:07:24 | ERROR | Failed to fetch updates - TelegramNetworkError: HTTP Client says - ClientConnectorError: Cannot connect to host api.telegram.org:443 ssl:default [Превышен таймаут семафора]
2026-05-20 07:07:24 | WARNING | Sleep for 4.869166 seconds and try again... (tryings = 84, bot id = 8224983369)
2026-05-20 07:07:50 | ERROR | Failed to fetch updates - TelegramNetworkError: HTTP Client says - ClientConnectorError: Cannot connect to host api.telegram.org:443 ssl:default [Превышен таймаут семафора]
2026-05-20 07:07:50 | WARNING | Sleep for 4.930999 seconds and try again... (tryings = 85, bot id = 8224983369)
2026-05-20 07:08:16 | ERROR | Failed to fetch updates - TelegramNetworkError: HTTP Client says - ClientConnectorError: Cannot connect to host api.telegram.org:443 ssl:default [Превышен таймаут семафора]
2026-05-20 07:08:16 | WARNING | Sleep for 5.023329 seconds and try again... (tryings = 86, bot id = 8224983369)
2026-05-20 07:08:42 | ERROR | Failed to fetch updates - TelegramNetworkError: HTTP Client says - ClientConnectorError: Cannot connect to host api.telegram.org:443 ssl:default [Превышен таймаут семафора]
2026-05-20 07:08:42 | WARNING | Sleep for 4.897431 seconds and try again... (tryings = 87, bot id = 8224983369)
2026-05-20 07:09:08 | ERROR | Failed to fetch updates - TelegramNetworkError: HTTP Client says - ClientConnectorError: Cannot connect to host api.telegram.org:443 ssl:default [Превышен таймаут семафора]
2026-05-20 07:09:08 | WARNING | Sleep for 5.097077 seconds and try again... (tryings = 88, bot id = 8224983369)
2026-05-20 07:09:34 | ERROR | Failed to fetch updates - TelegramNetworkError: HTTP Client says - ClientConnectorError: Cannot connect to host api.telegram.org:443 ssl:default [Превышен таймаут семафора]
2026-05-20 07:09:34 | WARNING | Sleep for 4.988188 seconds and try again... (tryings = 89, bot id = 8224983369)
2026-05-20 07:10:00 | ERROR | Failed to fetch updates - TelegramNetworkError: HTTP Client says - ClientConnectorError: Cannot connect to host api.telegram.org:443 ssl:default [Превышен таймаут семафора]
2026-05-20 07:10:00 | WARNING | Sleep for 5.037767 seconds and try again... (tryings = 90, bot id = 8224983369)
2026-05-20 07:10:26 | ERROR | Failed to fetch updates - TelegramNetworkError: HTTP Client says - ClientConnectorError: Cannot connect to host api.telegram.org:443 ssl:default [Превышен таймаут семафора]
2026-05-20 07:10:26 | WARNING | Sleep for 4.948474 seconds and try again... (tryings = 91, bot id = 8224983369)
2026-05-20 07:10:52 | ERROR | Failed to fetch updates - TelegramNetworkError: HTTP Client says - ClientConnectorError: Cannot connect to host api.telegram.org:443 ssl:default [Превышен таймаут семафора]
2026-05-20 07:10:52 | WARNING | Sleep for 5.053136 seconds and try again... (tryings = 92, bot id = 8224983369)
2026-05-20 07:11:18 | ERROR | Failed to fetch updates - TelegramNetworkError: HTTP Client says - ClientConnectorError: Cannot connect to host api.telegram.org:443 ssl:default [Превышен таймаут семафора]
2026-05-20 07:11:18 | WARNING | Sleep for 5.176274 seconds and try again... (tryings = 93, bot id = 8224983369)
2026-05-20 07:11:45 | ERROR | Failed to fetch updates - TelegramNetworkError: HTTP Client says - ClientConnectorError: Cannot connect to host api.telegram.org:443 ssl:default [Превышен таймаут семафора]
2026-05-20 07:11:45 | WARNING | Sleep for 5.097429 seconds and try again... (tryings = 94, bot id = 8224983369)
2026-05-20 07:12:11 | ERROR | Failed to fetch updates - TelegramNetworkError: HTTP Client says - ClientConnectorError: Cannot connect to host api.telegram.org:443 ssl:default [Превышен таймаут семафора]
2026-05-20 07:12:11 | WARNING | Sleep for 5.029049 seconds and try again... (tryings = 95, bot id = 8224983369)
2026-05-20 09:07:28 | ERROR | Failed to fetch updates - TelegramNetworkError: HTTP Client says - ClientConnectorError: Cannot connect to host api.telegram.org:443 ssl:default [Превышен таймаут семафора]
2026-05-20 09:07:28 | WARNING | Sleep for 4.858712 seconds and try again... (tryings = 96, bot id = 8224983369)
2026-05-20 09:07:33 | ERROR | Failed to fetch updates - TelegramNetworkError: HTTP Client says - ClientConnectorDNSError: Cannot connect to host api.telegram.org:443 ssl:default [getaddrinfo failed]
2026-05-20 09:07:33 | WARNING | Sleep for 5.008084 seconds and try again... (tryings = 97, bot id = 8224983369)
2026-05-20 11:10:39 | ERROR | Failed to fetch updates - TelegramNetworkError: HTTP Client says - ClientConnectorError: Cannot connect to host api.telegram.org:443 ssl:default [Превышен таймаут семафора]
2026-05-20 11:10:39 | WARNING | Sleep for 5.080592 seconds and try again... (tryings = 98, bot id = 8224983369)
2026-05-20 16:49:07 | ERROR | Failed to fetch updates - TelegramNetworkError: HTTP Client says - ClientConnectorError: Cannot connect to host api.telegram.org:443 ssl:default [Превышен таймаут семафора]
2026-05-20 16:49:07 | WARNING | Sleep for 4.870542 seconds and try again... (tryings = 99, bot id = 8224983369)
2026-05-20 16:53:27 | ERROR | Failed to fetch updates - TelegramNetworkError: HTTP Client says - ClientConnectorError: Cannot connect to host api.telegram.org:443 ssl:default [Превышен таймаут семафора]
2026-05-20 16:53:27 | WARNING | Sleep for 4.925145 seconds and try again... (tryings = 100, bot id = 8224983369)
2026-05-20 16:53:53 | ERROR | Failed to fetch updates - TelegramNetworkError: HTTP Client says - ClientConnectorError: Cannot connect to host api.telegram.org:443 ssl:default [Превышен таймаут семафора]
2026-05-20 16:53:53 | WARNING | Sleep for 4.941481 seconds and try again... (tryings = 101, bot id = 8224983369)
2026-05-20 16:54:19 | ERROR | Failed to fetch updates - TelegramNetworkError: HTTP Client says - ClientConnectorError: Cannot connect to host api.telegram.org:443 ssl:default [Превышен таймаут семафора]
2026-05-20 16:54:19 | WARNING | Sleep for 5.036338 seconds and try again... (tryings = 102, bot id = 8224983369)
2026-05-20 16:54:45 | ERROR | Failed to fetch updates - TelegramNetworkError: HTTP Client says - ClientConnectorError: Cannot connect to host api.telegram.org:443 ssl:default [Превышен таймаут семафора]
2026-05-20 16:54:45 | WARNING | Sleep for 5.029746 seconds and try again... (tryings = 103, bot id = 8224983369)
2026-05-20 16:55:11 | ERROR | Failed to fetch updates - TelegramNetworkError: HTTP Client says - ClientConnectorError: Cannot connect to host api.telegram.org:443 ssl:default [Превышен таймаут семафора]
2026-05-20 16:55:11 | WARNING | Sleep for 4.948852 seconds and try again... (tryings = 104, bot id = 8224983369)
2026-05-20 16:55:37 | ERROR | Failed to fetch updates - TelegramNetworkError: HTTP Client says - ClientConnectorError: Cannot connect to host api.telegram.org:443 ssl:default [Превышен таймаут семафора]
2026-05-20 16:55:37 | WARNING | Sleep for 5.259095 seconds and try again... (tryings = 105, bot id = 8224983369)
2026-05-20 23:57:05 | ERROR | Failed to fetch updates - TelegramNetworkError: HTTP Client says - ClientConnectorError: Cannot connect to host api.telegram.org:443 ssl:default [Превышен таймаут семафора]
2026-05-20 23:57:05 | WARNING | Sleep for 4.889223 seconds and try again... (tryings = 106, bot id = 8224983369)
2026-05-21 00:00:23 | ERROR | Failed to fetch updates - TelegramNetworkError: HTTP Client says - ClientConnectorError: Cannot connect to host api.telegram.org:443 ssl:default [Превышен таймаут семафора]
2026-05-21 00:00:23 | WARNING | Sleep for 4.993701 seconds and try again... (tryings = 107, bot id = 8224983369)
2026-05-21 02:00:27 | ERROR | Failed to fetch updates - TelegramNetworkError: HTTP Client says - ClientConnectorError: Cannot connect to host api.telegram.org:443 ssl:default [Превышен таймаут семафора]
2026-05-21 02:00:27 | WARNING | Sleep for 5.042349 seconds and try again... (tryings = 108, bot id = 8224983369)
2026-05-21 04:04:49 | ERROR | Failed to fetch updates - TelegramNetworkError: HTTP Client says - ClientConnectorError: Cannot connect to host api.telegram.org:443 ssl:default [Превышен таймаут семафора]
2026-05-21 04:04:49 | WARNING | Sleep for 4.820806 seconds and try again... (tryings = 109, bot id = 8224983369)
2026-05-21 05:24:27 | ERROR | Failed to fetch updates - TelegramNetworkError: HTTP Client says - ClientConnectorDNSError: Cannot connect to host api.telegram.org:443 ssl:default [getaddrinfo failed]
2026-05-21 05:24:27 | WARNING | Sleep for 5.025552 seconds and try again... (tryings = 110, bot id = 8224983369)
2026-05-24 19:15:47 | WARNING | Run time of job "ModelScheduler.update_model_task (trigger: cron[day_of_week='sun', hour='3', minute='0'], next run at: 2026-05-31 03:00:00 MSK)" was missed by 16:15:47.983162
2026-05-24 19:16:52 | INFO | Polling stopped
2026-05-24 19:16:52 | ERROR | Failed to fetch updates - TelegramNetworkError: HTTP Client says - Request timeout error
2026-05-24 19:16:52 | WARNING | Sleep for 5.012060 seconds and try again... (tryings = 111, bot id = 8224983369)
2026-05-24 19:16:52 | INFO | ⏹️ Планировщик остановлен
2026-05-24 19:16:52 | INFO | Scheduler has been shut down
2026-05-24 19:16:52 | INFO | Polling stopped for bot @FootPrognosticBot id=8224983369 - 'my_football_bot'
2026-07-12 16:07:55 | INFO | ✅ База данных инициализирована
2026-07-12 16:07:55 | INFO | 🔄 Загрузка моделей и команд...
2026-07-12 16:07:55 | INFO | 📊 Загрузка 🇷🇺 РПЛ...
2026-07-12 16:07:55 | INFO | ✅ Модель загружена: C:\Users\taran\Training_Main_bot\data\rpl\model.pkl
2026-07-12 16:07:55 | INFO |    ↳ Модель загружена из кэша
2026-07-12 16:07:55 | INFO | 📥 Загрузка данных из C:\Users\taran\Training_Main_bot\data\rpl\matches.csv
2026-07-12 16:07:55 | INFO | ✅ Файл прочитан (кодировка: utf-8)
2026-07-12 16:07:58 | INFO | ✅ Дни отдыха рассчитаны
2026-07-12 16:07:58 | INFO | ✅ Загружено 3400 матчей
2026-07-12 16:07:58 | INFO | ✅ 🇷🇺 РПЛ загружена (3400 матчей, 38 команд)
2026-07-12 16:07:58 | INFO | 📊 Загрузка 🇬🇧 Англия: Премьер-лига...
2026-07-12 16:07:58 | INFO | ✅ Модель загружена: C:\Users\taran\Training_Main_bot\data\epl\model.pkl
2026-07-12 16:07:58 | INFO |    ↳ Модель загружена из кэша
2026-07-12 16:07:58 | INFO | 📥 Загрузка данных из C:\Users\taran\Training_Main_bot\data\epl\matches.csv
2026-07-12 16:07:58 | INFO | ✅ Файл прочитан (кодировка: utf-8)
2026-07-12 16:08:00 | INFO | ✅ Дни отдыха рассчитаны
2026-07-12 16:08:00 | INFO | ✅ Загружено 1520 матчей
2026-07-12 16:08:00 | INFO | ✅ 🇬🇧 Англия: Премьер-лига загружена (1520 матчей, 26 команд)
2026-07-12 16:08:00 | INFO | 📊 Загрузка 🇩🇪 Бундеслига...
2026-07-12 16:08:00 | INFO | ✅ Модель загружена: C:\Users\taran\Training_Main_bot\data\bundesliga\model.pkl
2026-07-12 16:08:00 | INFO |    ↳ Модель загружена из кэша
2026-07-12 16:08:00 | INFO | 📥 Загрузка данных из C:\Users\taran\Training_Main_bot\data\bundesliga\matches.csv
2026-07-12 16:08:00 | INFO | ✅ Файл прочитан (кодировка: utf-8)
2026-07-12 16:08:01 | INFO | ✅ Дни отдыха рассчитаны
2026-07-12 16:08:01 | INFO | ✅ Загружено 1224 матчей
2026-07-12 16:08:01 | INFO | ✅ 🇩🇪 Бундеслига загружена (1224 матчей, 22 команд)
2026-07-12 16:08:01 | INFO | 📊 Загрузка 🇮🇹 Серия A...
2026-07-12 16:08:01 | INFO | ✅ Модель загружена: C:\Users\taran\Training_Main_bot\data\seriaA\model.pkl
2026-07-12 16:08:01 | INFO |    ↳ Модель загружена из кэша
2026-07-12 16:08:01 | INFO | 📥 Загрузка данных из C:\Users\taran\Training_Main_bot\data\seriaA\matches.csv
2026-07-12 16:08:01 | INFO | ✅ Файл прочитан (кодировка: utf-8)
2026-07-12 16:08:02 | INFO | ✅ Дни отдыха рассчитаны
2026-07-12 16:08:02 | INFO | ✅ Загружено 1520 матчей
2026-07-12 16:08:02 | INFO | ✅ 🇮🇹 Серия A загружена (1520 матчей, 27 команд)
2026-07-12 16:08:02 | INFO | 📊 Загрузка 🇪🇸 Ла Лига...
2026-07-12 16:08:02 | INFO | ✅ Модель загружена: C:\Users\taran\Training_Main_bot\data\laLiga\model.pkl
2026-07-12 16:08:02 | INFO |    ↳ Модель загружена из кэша
2026-07-12 16:08:02 | INFO | 📥 Загрузка данных из C:\Users\taran\Training_Main_bot\data\laLiga\matches.csv
2026-07-12 16:08:03 | INFO | ✅ Файл прочитан (кодировка: utf-8)
2026-07-12 16:08:04 | INFO | ✅ Дни отдыха рассчитаны
2026-07-12 16:08:04 | INFO | ✅ Загружено 1520 матчей
2026-07-12 16:08:04 | INFO | ✅ 🇪🇸 Ла Лига загружена (1520 матчей, 26 команд)
2026-07-12 16:08:04 | INFO | 📊 Загрузка 🇫🇷 Лига 1...
2026-07-12 16:08:04 | INFO | ✅ Модель загружена: C:\Users\taran\Training_Main_bot\data\ligue1\model.pkl
2026-07-12 16:08:04 | INFO |    ↳ Модель загружена из кэша
2026-07-12 16:08:04 | INFO | 📥 Загрузка данных из C:\Users\taran\Training_Main_bot\data\ligue1\matches.csv
2026-07-12 16:08:04 | INFO | ✅ Файл прочитан (кодировка: utf-8)
2026-07-12 16:08:05 | INFO | ✅ Дни отдыха рассчитаны
2026-07-12 16:08:05 | INFO | ✅ Загружено 1446 матчей
2026-07-12 16:08:05 | INFO | ✅ 🇫🇷 Лига 1 загружена (1446 матчей, 26 команд)
2026-07-12 16:08:05 | INFO | 📊 Загрузка Лига чемпионов 🏆...
2026-07-12 16:08:05 | INFO | ✅ Модель загружена: C:\Users\taran\Training_Main_bot\data\champions_league\model.pkl
2026-07-12 16:08:05 | INFO |    ↳ Модель загружена из кэша
2026-07-12 16:08:05 | INFO | 📥 Загрузка данных из C:\Users\taran\Training_Main_bot\data\champions_league\matches.csv
2026-07-12 16:08:05 | INFO | ✅ Файл прочитан (кодировка: utf-8)
2026-07-12 16:08:05 | INFO | ✅ Дни отдыха рассчитаны
2026-07-12 16:08:05 | INFO | ✅ Загружено 135 матчей
2026-07-12 16:08:05 | INFO | ✅ Лига чемпионов 🏆 загружена (135 матчей, 36 команд)
2026-07-12 16:08:05 | INFO | 📊 Загрузка 🇳🇱 Эредивизи...
2026-07-12 16:08:05 | INFO | ✅ Модель загружена: C:\Users\taran\Training_Main_bot\data\eredivisise\model.pkl
2026-07-12 16:08:05 | INFO |    ↳ Модель загружена из кэша
2026-07-12 16:08:05 | INFO | 📥 Загрузка данных из C:\Users\taran\Training_Main_bot\data\eredivisise\matches.csv
2026-07-12 16:08:06 | INFO | ✅ Файл прочитан (кодировка: utf-8)
2026-07-12 16:08:06 | INFO | ✅ Дни отдыха рассчитаны
2026-07-12 16:08:06 | INFO | ✅ Загружено 1224 матчей
2026-07-12 16:08:06 | INFO | ✅ 🇳🇱 Эредивизи загружена (1224 матчей, 24 команд)
2026-07-12 16:08:07 | INFO | 📊 Загрузка 🇵🇹 Португальская Лига...
2026-07-12 16:08:07 | INFO | ✅ Модель загружена: C:\Users\taran\Training_Main_bot\data\portugueseLiga\model.pkl
2026-07-12 16:08:07 | INFO |    ↳ Модель загружена из кэша
2026-07-12 16:08:07 | INFO | 📥 Загрузка данных из C:\Users\taran\Training_Main_bot\data\portugueseLiga\matches.csv
2026-07-12 16:08:07 | INFO | ✅ Файл прочитан (кодировка: utf-8)
2026-07-12 16:08:08 | INFO | ✅ Дни отдыха рассчитаны
2026-07-12 16:08:08 | INFO | ✅ Загружено 1224 матчей
2026-07-12 16:08:08 | INFO | ✅ 🇵🇹 Португальская Лига загружена (1224 матчей, 24 команд)
2026-07-12 16:08:08 | INFO | 📊 Загрузка 🇦🇷 Аргентина: Примера Дивисьон...
2026-07-12 16:08:08 | INFO | ✅ Модель загружена: C:\Users\taran\Training_Main_bot\data\argentina\model.pkl
2026-07-12 16:08:08 | INFO |    ↳ Модель загружена из кэша
2026-07-12 16:08:08 | INFO | 📥 Загрузка данных из C:\Users\taran\Training_Main_bot\data\argentina\matches.csv
2026-07-12 16:08:08 | INFO | ✅ Файл прочитан (кодировка: utf-8)
2026-07-12 16:08:12 | INFO | ✅ Дни отдыха рассчитаны
2026-07-12 16:08:12 | INFO | ✅ Загружено 6235 матчей
2026-07-12 16:08:12 | INFO | ✅ 🇦🇷 Аргентина: Примера Дивисьон загружена (6235 матчей, 45 команд)
2026-07-12 16:08:12 | INFO | 📊 Загрузка 🇦🇹 Австрия: Бундеслига...
2026-07-12 16:08:12 | INFO | ✅ Модель загружена: C:\Users\taran\Training_Main_bot\data\austria\model.pkl
2026-07-12 16:08:12 | INFO |    ↳ Модель загружена из кэша
2026-07-12 16:08:12 | INFO | 📥 Загрузка данных из C:\Users\taran\Training_Main_bot\data\austria\matches.csv
2026-07-12 16:08:12 | INFO | ✅ Файл прочитан (кодировка: utf-8)
2026-07-12 16:08:14 | INFO | ✅ Дни отдыха рассчитаны
2026-07-12 16:08:14 | INFO | ✅ Загружено 2638 матчей
2026-07-12 16:08:14 | INFO | ✅ 🇦🇹 Австрия: Бундеслига загружена (2638 матчей, 20 команд)
2026-07-12 16:08:14 | INFO | 📊 Загрузка 🇧🇷 Бразилия: Серия А...
2026-07-12 16:08:14 | INFO | ✅ Модель загружена: C:\Users\taran\Training_Main_bot\data\brazil\model.pkl
2026-07-12 16:08:14 | INFO |    ↳ Модель загружена из кэша
2026-07-12 16:08:14 | INFO | 📥 Загрузка данных из C:\Users\taran\Training_Main_bot\data\brazil\matches.csv
2026-07-12 16:08:14 | INFO | ✅ Файл прочитан (кодировка: utf-8)
2026-07-12 16:08:17 | INFO | ✅ Дни отдыха рассчитаны
2026-07-12 16:08:17 | INFO | ✅ Загружено 5497 матчей
2026-07-12 16:08:17 | INFO | ✅ 🇧🇷 Бразилия: Серия А загружена (5497 матчей, 38 команд)
2026-07-12 16:08:17 | INFO | 📊 Загрузка 🇨🇳 Китай: Суперлига...
2026-07-12 16:08:18 | INFO | ✅ Модель загружена: C:\Users\taran\Training_Main_bot\data\china\model.pkl
2026-07-12 16:08:18 | INFO |    ↳ Модель загружена из кэша
2026-07-12 16:08:18 | INFO | 📥 Загрузка данных из C:\Users\taran\Training_Main_bot\data\china\matches.csv
2026-07-12 16:08:18 | INFO | ✅ Файл прочитан (кодировка: utf-8)
2026-07-12 16:08:19 | INFO | ✅ Дни отдыха рассчитаны
2026-07-12 16:08:19 | INFO | ✅ Загружено 2944 матчей
2026-07-12 16:08:19 | INFO | ✅ 🇨🇳 Китай: Суперлига загружена (2944 матчей, 45 команд)
2026-07-12 16:08:19 | INFO | 📊 Загрузка 🇩🇰 Дания: Суперлига...
2026-07-12 16:08:20 | INFO | ✅ Модель загружена: C:\Users\taran\Training_Main_bot\data\dania\model.pkl
2026-07-12 16:08:20 | INFO |    ↳ Модель загружена из кэша
2026-07-12 16:08:20 | INFO | 📥 Загрузка данных из C:\Users\taran\Training_Main_bot\data\dania\matches.csv
2026-07-12 16:08:20 | INFO | ✅ Файл прочитан (кодировка: utf-8)
2026-07-12 16:08:21 | INFO | ✅ Дни отдыха рассчитаны
2026-07-12 16:08:21 | INFO | ✅ Загружено 2952 матчей
2026-07-12 16:08:21 | INFO | ✅ 🇩🇰 Дания: Суперлига загружена (2952 матчей, 21 команд)
2026-07-12 16:08:21 | INFO | 📊 Загрузка 🇫🇮 Финляндия: Вейккауслига...
2026-07-12 16:08:22 | INFO | ✅ Модель загружена: C:\Users\taran\Training_Main_bot\data\finland\model.pkl
2026-07-12 16:08:22 | INFO |    ↳ Модель загружена из кэша
2026-07-12 16:08:22 | INFO | 📥 Загрузка данных из C:\Users\taran\Training_Main_bot\data\finland\matches.csv
2026-07-12 16:08:22 | INFO | ✅ Файл прочитан (кодировка: utf-8)
2026-07-12 16:08:23 | INFO | ✅ Дни отдыха рассчитаны
2026-07-12 16:08:23 | INFO | ✅ Загружено 2630 матчей
2026-07-12 16:08:23 | INFO | ✅ 🇫🇮 Финляндия: Вейккауслига загружена (2630 матчей, 23 команд)
2026-07-12 16:08:23 | INFO | 📊 Загрузка 🇬🇷 Греция: Суперлига...
2026-07-12 16:08:23 | INFO | ✅ Модель загружена: C:\Users\taran\Training_Main_bot\data\greece\model.pkl
2026-07-12 16:08:23 | INFO |    ↳ Модель загружена из кэша
2026-07-12 16:08:23 | INFO | 📥 Загрузка данных из C:\Users\taran\Training_Main_bot\data\greece\matches.csv
2026-07-12 16:08:24 | INFO | ✅ Файл прочитан (кодировка: utf-8)
2026-07-12 16:08:24 | INFO | ✅ Дни отдыха рассчитаны
2026-07-12 16:08:24 | INFO | ✅ Загружено 1200 матчей
2026-07-12 16:08:24 | INFO | ✅ 🇬🇷 Греция: Суперлига загружена (1200 матчей, 20 команд)
2026-07-12 16:08:24 | INFO | 📊 Загрузка 🇯🇵 Япония: Джей-лига...
2026-07-12 16:08:24 | INFO | ✅ Модель загружена: C:\Users\taran\Training_Main_bot\data\japan\model.pkl
2026-07-12 16:08:24 | INFO |    ↳ Модель загружена из кэша
2026-07-12 16:08:24 | INFO | 📥 Загрузка данных из C:\Users\taran\Training_Main_bot\data\japan\matches.csv
2026-07-12 16:08:24 | INFO | ✅ Файл прочитан (кодировка: utf-8)
2026-07-12 16:08:27 | INFO | ✅ Дни отдыха рассчитаны
2026-07-12 16:08:27 | INFO | ✅ Загружено 4523 матчей
2026-07-12 16:08:27 | INFO | ✅ 🇯🇵 Япония: Джей-лига загружена (4523 матчей, 32 команд)
2026-07-12 16:08:27 | INFO | 📊 Загрузка 🇲🇽 Мексика: Лига МХ...
2026-07-12 16:08:27 | INFO | ✅ Модель загружена: C:\Users\taran\Training_Main_bot\data\mexico\model.pkl
2026-07-12 16:08:27 | INFO |    ↳ Модель загружена из кэша
2026-07-12 16:08:27 | INFO | 📥 Загрузка данных из C:\Users\taran\Training_Main_bot\data\mexico\matches.csv
2026-07-12 16:08:28 | INFO | ✅ Файл прочитан (кодировка: utf-8)
2026-07-12 16:08:30 | INFO | ✅ Дни отдыха рассчитаны
2026-07-12 16:08:30 | INFO | ✅ Загружено 4655 матчей
2026-07-12 16:08:30 | INFO | ✅ 🇲🇽 Мексика: Лига МХ загружена (4655 матчей, 25 команд)
2026-07-12 16:08:30 | INFO | 📊 Загрузка 🇳🇴 Норвегия: Элитсерия...
2026-07-12 16:08:31 | INFO | ✅ Модель загружена: C:\Users\taran\Training_Main_bot\data\norway\model.pkl
2026-07-12 16:08:31 | INFO |    ↳ Модель загружена из кэша
2026-07-12 16:08:31 | INFO | 📥 Загрузка данных из C:\Users\taran\Training_Main_bot\data\norway\matches.csv
2026-07-12 16:08:31 | INFO | ✅ Файл прочитан (кодировка: utf-8)
2026-07-12 16:08:33 | INFO | ✅ Дни отдыха рассчитаны
2026-07-12 16:08:33 | INFO | ✅ Загружено 3471 матчей
2026-07-12 16:08:33 | INFO | ✅ 🇳🇴 Норвегия: Элитсерия загружена (3471 матчей, 31 команд)
2026-07-12 16:08:33 | INFO | 📊 Загрузка 🇵🇱 Польша: Экстракласа...
2026-07-12 16:08:33 | INFO | ✅ Модель загружена: C:\Users\taran\Training_Main_bot\data\poland\model.pkl
2026-07-12 16:08:33 | INFO |    ↳ Модель загружена из кэша
2026-07-12 16:08:33 | INFO | 📥 Загрузка данных из C:\Users\taran\Training_Main_bot\data\poland\matches.csv
2026-07-12 16:08:33 | INFO | ✅ Файл прочитан (кодировка: utf-8)
2026-07-12 16:08:36 | INFO | ✅ Дни отдыха рассчитаны
2026-07-12 16:08:36 | INFO | ✅ Загружено 4082 матчей
2026-07-12 16:08:36 | INFO | ✅ 🇵🇱 Польша: Экстракласа загружена (4082 матчей, 35 команд)
2026-07-12 16:08:36 | INFO | 📊 Загрузка 🇷🇴 Румыния: Лига I...
2026-07-12 16:08:36 | INFO | ✅ Модель загружена: C:\Users\taran\Training_Main_bot\data\romania\model.pkl
2026-07-12 16:08:36 | INFO |    ↳ Модель загружена из кэша
2026-07-12 16:08:36 | INFO | 📥 Загрузка данных из C:\Users\taran\Training_Main_bot\data\romania\matches.csv
2026-07-12 16:08:36 | INFO | ✅ Файл прочитан (кодировка: utf-8)
2026-07-12 16:08:39 | INFO | ✅ Дни отдыха рассчитаны
2026-07-12 16:08:39 | INFO | ✅ Загружено 4182 матчей
2026-07-12 16:08:39 | INFO | ✅ 🇷🇴 Румыния: Лига I загружена (4182 матчей, 42 команд)
2026-07-12 16:08:39 | INFO | 📊 Загрузка 🏴󠁧󠁢󠁳󠁣󠁴󠁿 Шотландия: Премьершип...
2026-07-12 16:08:39 | INFO | ✅ Модель загружена: C:\Users\taran\Training_Main_bot\data\scotland\model.pkl
2026-07-12 16:08:39 | INFO |    ↳ Модель загружена из кэша
2026-07-12 16:08:39 | INFO | 📥 Загрузка данных из C:\Users\taran\Training_Main_bot\data\scotland\matches.csv
2026-07-12 16:08:39 | INFO | ✅ Файл прочитан (кодировка: utf-8)
2026-07-12 16:08:40 | INFO | ✅ Дни отдыха рассчитаны
2026-07-12 16:08:40 | INFO | ✅ Загружено 1091 матчей
2026-07-12 16:08:40 | INFO | ✅ 🏴󠁧󠁢󠁳󠁣󠁴󠁿 Шотландия: Премьершип загружена (1091 матчей, 14 команд)
2026-07-12 16:08:40 | INFO | 📊 Загрузка 🇹🇷 Турция: Суперлига...
2026-07-12 16:08:40 | INFO | ✅ Модель загружена: C:\Users\taran\Training_Main_bot\data\turkey\model.pkl
2026-07-12 16:08:40 | INFO |    ↳ Модель загружена из кэша
2026-07-12 16:08:40 | INFO | 📥 Загрузка данных из C:\Users\taran\Training_Main_bot\data\turkey\matches.csv
2026-07-12 16:08:40 | INFO | ✅ Файл прочитан (кодировка: utf-8)
2026-07-12 16:08:41 | INFO | ✅ Дни отдыха рассчитаны
2026-07-12 16:08:41 | INFO | ✅ Загружено 1828 матчей
2026-07-12 16:08:41 | INFO | ✅ 🇹🇷 Турция: Суперлига загружена (1828 матчей, 28 команд)
2026-07-12 16:08:41 | INFO | 📊 Загрузка 🇺🇸 США: МЛС...
2026-07-12 16:08:41 | INFO | ✅ Модель загружена: C:\Users\taran\Training_Main_bot\data\usa\model.pkl
2026-07-12 16:08:41 | INFO |    ↳ Модель загружена из кэша
2026-07-12 16:08:41 | INFO | 📥 Загрузка данных из C:\Users\taran\Training_Main_bot\data\usa\matches.csv
2026-07-12 16:08:42 | INFO | ✅ Файл прочитан (кодировка: utf-8)
2026-07-12 16:08:45 | INFO | ✅ Дни отдыха рассчитаны
2026-07-12 16:08:45 | INFO | ✅ Загружено 6034 матчей
2026-07-12 16:08:45 | INFO | ✅ 🇺🇸 США: МЛС загружена (6034 матчей, 31 команд)
2026-07-12 16:08:45 | INFO | ✅ Загружено 24 моделей, 699 уникальных команд
2026-07-12 16:08:45 | INFO | ✅ Загружена история из 23 прогнозов
2026-07-12 16:08:45 | INFO | Adding job tentatively -- it will be properly scheduled when the scheduler starts
2026-07-12 16:08:45 | INFO | Added job "ModelScheduler.update_model_task" to job store "default"
2026-07-12 16:08:45 | INFO | Scheduler started
2026-07-12 16:08:45 | INFO | ⏰ Планировщик запущен
2026-07-12 16:08:45 | INFO | Start polling
2026-07-12 16:08:46 | INFO | Run polling for bot @FootPrognosticBot id=8224983369 - 'my_football_bot'
2026-07-12 16:10:58 | INFO | Update id=354056245 is handled. Duration 372 ms by bot id=8224983369
2026-07-12 16:11:16 | INFO | Update id=354056246 is handled. Duration 232 ms by bot id=8224983369
2026-07-12 16:11:19 | INFO | Update id=354056247 is handled. Duration 251 ms by bot id=8224983369
2026-07-12 16:11:27 | INFO | Update id=354056248 is handled. Duration 259 ms by bot id=8224983369
2026-07-12 16:11:32 | INFO | Update id=354056249 is handled. Duration 105 ms by bot id=8224983369
2026-07-12 16:11:37 | INFO | Update id=354056250 is handled. Duration 226 ms by bot id=8224983369
2026-07-12 16:11:44 | INFO | Update id=354056251 is handled. Duration 644 ms by bot id=8224983369
2026-07-12 16:13:51 | ERROR | Failed to fetch updates - TelegramNetworkError: HTTP Client says - ClientOSError: [WinError 1236] Подключение к сети было разорвано локальной системой
2026-07-12 16:13:51 | WARNING | Sleep for 1.000000 seconds and try again... (tryings = 0, bot id = 8224983369)
2026-07-12 16:14:13 | ERROR | Failed to fetch updates - TelegramNetworkError: HTTP Client says - ClientConnectorError: Cannot connect to host api.telegram.org:443 ssl:default [Превышен таймаут семафора]
2026-07-12 16:14:13 | WARNING | Sleep for 1.324904 seconds and try again... (tryings = 1, bot id = 8224983369)
2026-07-12 16:14:36 | ERROR | Failed to fetch updates - TelegramNetworkError: HTTP Client says - ClientConnectorError: Cannot connect to host api.telegram.org:443 ssl:default [Превышен таймаут семафора]
2026-07-12 16:14:36 | WARNING | Sleep for 1.709010 seconds and try again... (tryings = 2, bot id = 8224983369)
2026-07-12 16:14:58 | ERROR | Failed to fetch updates - TelegramNetworkError: HTTP Client says - ClientConnectorError: Cannot connect to host api.telegram.org:443 ssl:default [Превышен таймаут семафора]
2026-07-12 16:14:58 | WARNING | Sleep for 2.410808 seconds and try again... (tryings = 3, bot id = 8224983369)
2026-07-12 16:15:22 | ERROR | Failed to fetch updates - TelegramNetworkError: HTTP Client says - ClientConnectorError: Cannot connect to host api.telegram.org:443 ssl:default [Превышен таймаут семафора]
2026-07-12 16:15:22 | WARNING | Sleep for 3.085322 seconds and try again... (tryings = 4, bot id = 8224983369)
2026-07-12 16:15:46 | ERROR | Failed to fetch updates - TelegramNetworkError: HTTP Client says - ClientConnectorError: Cannot connect to host api.telegram.org:443 ssl:default [Превышен таймаут семафора]
2026-07-12 16:15:46 | WARNING | Sleep for 4.062111 seconds and try again... (tryings = 5, bot id = 8224983369)
2026-07-12 16:16:11 | ERROR | Failed to fetch updates - TelegramNetworkError: HTTP Client says - ClientConnectorError: Cannot connect to host api.telegram.org:443 ssl:default [Превышен таймаут семафора]
2026-07-12 16:16:11 | WARNING | Sleep for 5.018067 seconds and try again... (tryings = 6, bot id = 8224983369)
2026-07-12 16:16:37 | ERROR | Failed to fetch updates - TelegramNetworkError: HTTP Client says - ClientConnectorError: Cannot connect to host api.telegram.org:443 ssl:default [Превышен таймаут семафора]
2026-07-12 16:16:37 | WARNING | Sleep for 5.072279 seconds and try again... (tryings = 7, bot id = 8224983369)
2026-07-12 16:17:03 | ERROR | Failed to fetch updates - TelegramNetworkError: HTTP Client says - ClientConnectorError: Cannot connect to host api.telegram.org:443 ssl:default [Превышен таймаут семафора]
2026-07-12 16:17:03 | WARNING | Sleep for 4.922570 seconds and try again... (tryings = 8, bot id = 8224983369)
2026-07-12 16:17:29 | ERROR | Failed to fetch updates - TelegramNetworkError: HTTP Client says - ClientConnectorError: Cannot connect to host api.telegram.org:443 ssl:default [Превышен таймаут семафора]
2026-07-12 16:17:29 | WARNING | Sleep for 5.045235 seconds and try again... (tryings = 9, bot id = 8224983369)
2026-07-12 16:17:55 | ERROR | Failed to fetch updates - TelegramNetworkError: HTTP Client says - ClientConnectorError: Cannot connect to host api.telegram.org:443 ssl:default [Превышен таймаут семафора]
2026-07-12 16:17:55 | WARNING | Sleep for 4.944588 seconds and try again... (tryings = 10, bot id = 8224983369)
2026-07-12 16:18:21 | ERROR | Failed to fetch updates - TelegramNetworkError: HTTP Client says - ClientConnectorError: Cannot connect to host api.telegram.org:443 ssl:default [Превышен таймаут семафора]
2026-07-12 16:18:21 | WARNING | Sleep for 5.106936 seconds and try again... (tryings = 11, bot id = 8224983369)
2026-07-12 16:18:48 | ERROR | Failed to fetch updates - TelegramNetworkError: HTTP Client says - ClientConnectorError: Cannot connect to host api.telegram.org:443 ssl:default [Превышен таймаут семафора]
2026-07-12 16:18:48 | WARNING | Sleep for 4.936311 seconds and try again... (tryings = 12, bot id = 8224983369)
2026-07-12 16:19:14 | ERROR | Failed to fetch updates - TelegramNetworkError: HTTP Client says - ClientConnectorError: Cannot connect to host api.telegram.org:443 ssl:default [Превышен таймаут семафора]
2026-07-12 16:19:14 | WARNING | Sleep for 4.932817 seconds and try again... (tryings = 13, bot id = 8224983369)
2026-07-12 16:19:40 | ERROR | Failed to fetch updates - TelegramNetworkError: HTTP Client says - ClientConnectorError: Cannot connect to host api.telegram.org:443 ssl:default [Превышен таймаут семафора]
2026-07-12 16:19:40 | WARNING | Sleep for 5.082447 seconds and try again... (tryings = 14, bot id = 8224983369)
2026-07-12 16:20:06 | ERROR | Failed to fetch updates - TelegramNetworkError: HTTP Client says - ClientConnectorError: Cannot connect to host api.telegram.org:443 ssl:default [Превышен таймаут семафора]
2026-07-12 16:20:06 | WARNING | Sleep for 4.782634 seconds and try again... (tryings = 15, bot id = 8224983369)
2026-07-12 16:20:32 | ERROR | Failed to fetch updates - TelegramNetworkError: HTTP Client says - ClientConnectorError: Cannot connect to host api.telegram.org:443 ssl:default [Превышен таймаут семафора]
2026-07-12 16:20:32 | WARNING | Sleep for 4.957689 seconds and try again... (tryings = 16, bot id = 8224983369)
2026-07-12 16:20:58 | ERROR | Failed to fetch updates - TelegramNetworkError: HTTP Client says - ClientConnectorError: Cannot connect to host api.telegram.org:443 ssl:default [Превышен таймаут семафора]
2026-07-12 16:20:58 | WARNING | Sleep for 5.146418 seconds and try again... (tryings = 17, bot id = 8224983369)
2026-07-12 16:21:24 | ERROR | Failed to fetch updates - TelegramNetworkError: HTTP Client says - ClientConnectorError: Cannot connect to host api.telegram.org:443 ssl:default [Превышен таймаут семафора]
2026-07-12 16:21:24 | WARNING | Sleep for 4.824366 seconds and try again... (tryings = 18, bot id = 8224983369)
2026-07-12 16:21:50 | ERROR | Failed to fetch updates - TelegramNetworkError: HTTP Client says - ClientConnectorError: Cannot connect to host api.telegram.org:443 ssl:default [Превышен таймаут семафора]
2026-07-12 16:21:50 | WARNING | Sleep for 4.998103 seconds and try again... (tryings = 19, bot id = 8224983369)
2026-07-12 16:22:16 | ERROR | Failed to fetch updates - TelegramNetworkError: HTTP Client says - ClientConnectorError: Cannot connect to host api.telegram.org:443 ssl:default [Превышен таймаут семафора]
2026-07-12 16:22:16 | WARNING | Sleep for 4.894502 seconds and try again... (tryings = 20, bot id = 8224983369)
2026-07-12 16:22:42 | ERROR | Failed to fetch updates - TelegramNetworkError: HTTP Client says - ClientConnectorError: Cannot connect to host api.telegram.org:443 ssl:default [Превышен таймаут семафора]
2026-07-12 16:22:42 | WARNING | Sleep for 4.874252 seconds and try again... (tryings = 21, bot id = 8224983369)
2026-07-12 16:23:08 | ERROR | Failed to fetch updates - TelegramNetworkError: HTTP Client says - ClientConnectorError: Cannot connect to host api.telegram.org:443 ssl:default [Превышен таймаут семафора]
2026-07-12 16:23:08 | WARNING | Sleep for 5.103339 seconds and try again... (tryings = 22, bot id = 8224983369)
2026-07-12 16:23:34 | ERROR | Failed to fetch updates - TelegramNetworkError: HTTP Client says - ClientConnectorError: Cannot connect to host api.telegram.org:443 ssl:default [Превышен таймаут семафора]
2026-07-12 16:23:34 | WARNING | Sleep for 5.029750 seconds and try again... (tryings = 23, bot id = 8224983369)
2026-07-12 16:24:00 | ERROR | Failed to fetch updates - TelegramNetworkError: HTTP Client says - ClientConnectorError: Cannot connect to host api.telegram.org:443 ssl:default [Превышен таймаут семафора]
2026-07-12 16:24:00 | WARNING | Sleep for 5.059537 seconds and try again... (tryings = 24, bot id = 8224983369)
2026-07-12 16:24:26 | ERROR | Failed to fetch updates - TelegramNetworkError: HTTP Client says - ClientConnectorError: Cannot connect to host api.telegram.org:443 ssl:default [Превышен таймаут семафора]
2026-07-12 16:24:26 | WARNING | Sleep for 4.944231 seconds and try again... (tryings = 25, bot id = 8224983369)
2026-07-12 16:24:44 | INFO | Polling stopped
2026-07-12 16:24:44 | INFO | ⏹️ Планировщик остановлен
2026-07-12 16:24:44 | INFO | Scheduler has been shut down
2026-07-12 16:24:44 | INFO | Polling stopped for bot @FootPrognosticBot id=8224983369 - 'my_football_bot'
